date,region,channel,category,product,units,unit_price,discount_pct,revenue,unit_cost,cost,gross_profit
2024-06-01,APAC,In-store,Beauty & Wellness,Collagen Powder,3,34.99,0.0,104.97,14.0,42.0,62.97
2024-06-01,APAC,In-store,Electronics,Smart Speaker,5,49.99,0.15,212.46,34.99,174.95,37.51
2024-06-01,APAC,In-store,Media & Entertainment,Vinyl Record,5,27.99,0.0,139.95,16.79,83.95,56.0
2024-06-01,APAC,Online,Apparel,Wool Socks 3-pack,3,14.99,0.1,40.47,6.0,18.0,22.47
2024-06-01,APAC,Online,Home & Kitchen,Coffee Grinder,3,39.99,0.15,101.97,23.99,71.97,30.0
2024-06-01,APAC,Online,Home & Kitchen,Cookware Set,2,129.99,0.0,259.98,84.49,168.98,91.0
2024-06-01,EMEA,In-store,Beauty & Wellness,Vitamin C Serum,9,29.99,0.2,215.93,10.5,94.5,121.43
2024-06-01,EMEA,In-store,Electronics,USB-C Charger,36,19.99,0.0,719.64,10.99,395.64,324.0
2024-06-01,EMEA,Online,Beauty & Wellness,Electric Toothbrush,1,59.99,0.0,59.99,32.99,32.99,27.0
2024-06-01,EMEA,Online,Electronics,USB-C Charger,2,19.99,0.2,31.98,10.99,21.98,10.0
2024-06-01,EMEA,Online,Electronics,Wireless Earbuds,3,79.99,0.25,179.98,51.99,155.97,24.01
2024-06-01,EMEA,Online,Media & Entertainment,Board Game,2,34.99,0.25,52.48,19.24,38.48,14.0
2024-06-01,LATAM,In-store,Beauty & Wellness,Electric Toothbrush,7,59.99,0.0,419.93,32.99,230.93,189.0
2024-06-01,LATAM,In-store,Electronics,USB-C Charger,8,19.99,0.0,159.92,10.99,87.92,72.0
2024-06-01,LATAM,In-store,Media & Entertainment,Vinyl Record,9,27.99,0.25,188.93,16.79,151.11,37.82
2024-06-01,LATAM,Online,Electronics,Wireless Earbuds,6,79.99,0.0,479.94,51.99,311.94,168.0
2024-06-01,North America,In-store,Media & Entertainment,Board Game,8,34.99,0.0,279.92,19.24,153.92,126.0
2024-06-01,UK & Ireland,In-store,Beauty & Wellness,Electric Toothbrush,1,59.99,0.25,44.99,32.99,32.99,12.0
2024-06-02,APAC,Online,Apparel,Running Tee,3,24.99,0.0,74.97,11.25,33.75,41.22
2024-06-02,APAC,Online,Media & Entertainment,Board Game,2,34.99,0.0,69.98,19.24,38.48,31.5
2024-06-02,EMEA,In-store,Apparel,Wool Socks 3-pack,11,14.99,0.0,164.89,6.0,66.0,98.89
2024-06-02,EMEA,Online,Apparel,Running Tee,3,24.99,0.15,63.72,11.25,33.75,29.97
2024-06-02,EMEA,Online,Beauty & Wellness,Vitamin C Serum,1,29.99,0.0,29.99,10.5,10.5,19.49
2024-06-02,EMEA,Online,Home & Kitchen,Air Fryer,1,89.99,0.2,71.99,62.99,62.99,9.0
2024-06-02,LATAM,In-store,Apparel,Denim Jacket,12,69.99,0.2,671.9,34.99,419.88,252.02
2024-06-02,LATAM,Online,Beauty & Wellness,Collagen Powder,1,34.99,0.15,29.74,14.0,14.0,15.74
2024-06-02,LATAM,Online,Electronics,Smart Speaker,1,49.99,0.0,49.99,34.99,34.99,15.0
2024-06-02,LATAM,Online,Media & Entertainment,Board Game,2,34.99,0.15,59.48,19.24,38.48,21.0
2024-06-02,North America,Online,Apparel,Denim Jacket,2,69.99,0.0,139.98,34.99,69.98,70.0
2024-06-02,UK & Ireland,Online,Beauty & Wellness,Vitamin C Serum,5,29.99,0.0,149.95,10.5,52.5,97.45
2024-06-02,UK & Ireland,Online,Media & Entertainment,Blu-ray Box Set,3,39.99,0.0,119.97,29.99,89.97,30.0
2024-06-03,APAC,In-store,Apparel,Running Tee,11,24.99,0.0,274.89,11.25,123.75,151.14
2024-06-03,APAC,In-store,Beauty & Wellness,Electric Toothbrush,6,59.99,0.0,359.94,32.99,197.94,162.0
2024-06-03,APAC,Online,Electronics,USB-C Charger,6,19.99,0.0,119.94,10.99,65.94,54.0
2024-06-03,APAC,Online,Home & Kitchen,Air Fryer,2,89.99,0.0,179.98,62.99,125.98,54.0
2024-06-03,EMEA,In-store,Apparel,Denim Jacket,3,69.99,0.0,209.97,34.99,104.97,105.0
2024-06-03,EMEA,In-store,Beauty & Wellness,Electric Toothbrush,3,59.99,0.25,134.98,32.99,98.97,36.01
2024-06-03,EMEA,Online,Apparel,Denim Jacket,1,69.99,0.15,59.49,34.99,34.99,24.5
2024-06-03,EMEA,Online,Home & Kitchen,Coffee Grinder,1,39.99,0.0,39.99,23.99,23.99,16.0
2024-06-03,LATAM,In-store,Electronics,Smart Speaker,3,49.99,0.1,134.97,34.99,104.97,30.0
2024-06-03,LATAM,In-store,Media & Entertainment,Board Game,5,34.99,0.15,148.71,19.24,96.2,52.51
2024-06-03,LATAM,Online,Electronics,Wireless Earbuds,2,79.99,0.0,159.98,51.99,103.98,56.0
2024-06-03,LATAM,Online,Home & Kitchen,Cookware Set,1,129.99,0.1,116.99,84.49,84.49,32.5
2024-06-03,North America,In-store,Electronics,Smart Speaker,6,49.99,0.0,299.94,34.99,209.94,90.0
2024-06-03,North America,In-store,Electronics,Wireless Earbuds,13,79.99,0.2,831.9,51.99,675.87,156.03
2024-06-03,North America,In-store,Home & Kitchen,Coffee Grinder,3,39.99,0.0,119.97,23.99,71.97,48.0
2024-06-03,North America,In-store,Media & Entertainment,Blu-ray Box Set,9,39.99,0.0,359.91,29.99,269.91,90.0
2024-06-03,North America,Online,Apparel,Running Tee,4,24.99,0.2,79.97,11.25,45.0,34.97
2024-06-03,North America,Online,Home & Kitchen,Coffee Grinder,2,39.99,0.1,71.98,23.99,47.98,24.0
2024-06-03,UK & Ireland,In-store,Apparel,Denim Jacket,6,69.99,0.0,419.94,34.99,209.94,210.0
2024-06-03,UK & Ireland,In-store,Home & Kitchen,Air Fryer,3,89.99,0.25,202.48,62.99,188.97,13.51
2024-06-04,APAC,In-store,Apparel,Wool Socks 3-pack,2,14.99,0.0,29.98,6.0,12.0,17.98
2024-06-04,EMEA,In-store,Apparel,Denim Jacket,2,69.99,0.0,139.98,34.99,69.98,70.0
2024-06-04,EMEA,In-store,Apparel,Running Tee,7,24.99,0.0,174.93,11.25,78.75,96.18
2024-06-04,EMEA,In-store,Beauty & Wellness,Electric Toothbrush,3,59.99,0.0,179.97,32.99,98.97,81.0
2024-06-04,EMEA,Online,Media & Entertainment,Blu-ray Box Set,4,39.99,0.0,159.96,29.99,119.96,40.0
2024-06-04,LATAM,In-store,Electronics,Smart Speaker,7,49.99,0.0,349.93,34.99,244.93,105.0
2024-06-04,North America,In-store,Home & Kitchen,Coffee Grinder,4,39.99,0.0,159.96,23.99,95.96,64.0
2024-06-04,North America,Online,Apparel,Wool Socks 3-pack,3,14.99,0.0,44.97,6.0,18.0,26.97
2024-06-04,UK & Ireland,In-store,Media & Entertainment,Vinyl Record,5,27.99,0.15,118.96,16.79,83.95,35.01
2024-06-04,UK & Ireland,Online,Apparel,Running Tee,5,24.99,0.25,93.71,11.25,56.25,37.46
2024-06-04,UK & Ireland,Online,Electronics,Wireless Earbuds,3,79.99,0.0,239.97,51.99,155.97,84.0
2024-06-05,APAC,In-store,Beauty & Wellness,Collagen Powder,2,34.99,0.0,69.98,14.0,28.0,41.98
2024-06-05,EMEA,In-store,Apparel,Running Tee,11,24.99,0.0,274.89,11.25,123.75,151.14
2024-06-05,LATAM,In-store,Home & Kitchen,Cookware Set,2,129.99,0.25,194.99,84.49,168.98,26.01
2024-06-05,North America,In-store,Beauty & Wellness,Vitamin C Serum,8,29.99,0.15,203.93,10.5,84.0,119.93
2024-06-05,North America,In-store,Electronics,Smart Speaker,2,49.99,0.0,99.98,34.99,69.98,30.0
2024-06-05,North America,In-store,Electronics,USB-C Charger,12,19.99,0.0,239.88,10.99,131.88,108.0
2024-06-05,UK & Ireland,In-store,Apparel,Wool Socks 3-pack,13,14.99,0.0,194.87,6.0,78.0,116.87
2024-06-05,UK & Ireland,In-store,Beauty & Wellness,Electric Toothbrush,2,59.99,0.0,119.98,32.99,65.98,54.0
2024-06-06,APAC,In-store,Apparel,Denim Jacket,4,69.99,0.1,251.96,34.99,139.96,112.0
2024-06-06,APAC,In-store,Home & Kitchen,Coffee Grinder,3,39.99,0.0,119.97,23.99,71.97,48.0
2024-06-06,APAC,In-store,Home & Kitchen,Cookware Set,1,129.99,0.0,129.99,84.49,84.49,45.5
2024-06-06,APAC,Online,Apparel,Running Tee,3,24.99,0.0,74.97,11.25,33.75,41.22
2024-06-06,EMEA,In-store,Beauty & Wellness,Collagen Powder,3,34.99,0.0,104.97,14.0,42.0,62.97
2024-06-06,EMEA,In-store,Beauty & Wellness,Vitamin C Serum,5,29.99,0.0,149.95,10.5,52.5,97.45
2024-06-06,EMEA,In-store,Media & Entertainment,Board Game,8,34.99,0.0,279.92,19.24,153.92,126.0
2024-06-06,EMEA,Online,Home & Kitchen,Air Fryer,4,89.99,0.0,359.96,62.99,251.96,108.0
2024-06-06,EMEA,Online,Media & Entertainment,Board Game,3,34.99,0.0,104.97,19.24,57.72,47.25
2024-06-06,North America,In-store,Electronics,USB-C Charger,10,19.99,0.15,169.91,10.99,109.9,60.01
2024-06-06,North America,Online,Apparel,Denim Jacket,3,69.99,0.2,167.98,34.99,104.97,63.01
2024-06-06,North America,Online,Apparel,Wool Socks 3-pack,2,14.99,0.0,29.98,6.0,12.0,17.98
2024-06-06,North America,Online,Home & Kitchen,Air Fryer,1,89.99,0.25,67.49,62.99,62.99,4.5
2024-06-06,North America,Online,Home & Kitchen,Coffee Grinder,2,39.99,0.0,79.98,23.99,47.98,32.0
2024-06-06,UK & Ireland,In-store,Electronics,Wireless Earbuds,3,79.99,0.0,239.97,51.99,155.97,84.0
2024-06-06,UK & Ireland,Online,Home & Kitchen,Coffee Grinder,2,39.99,0.0,79.98,23.99,47.98,32.0
2024-06-07,APAC,In-store,Apparel,Wool Socks 3-pack,5,14.99,0.0,74.95,6.0,30.0,44.95
2024-06-07,APAC,Online,Electronics,Smart Speaker,2,49.99,0.2,79.98,34.99,69.98,10.0
2024-06-07,EMEA,In-store,Home & Kitchen,Coffee Grinder,9,39.99,0.0,359.91,23.99,215.91,144.0
2024-06-07,EMEA,Online,Apparel,Running Tee,3,24.99,0.0,74.97,11.25,33.75,41.22
2024-06-07,EMEA,Online,Media & Entertainment,Vinyl Record,2,27.99,0.0,55.98,16.79,33.58,22.4
2024-06-07,LATAM,In-store,Beauty & Wellness,Vitamin C Serum,6,29.99,0.0,179.94,10.5,63.0,116.94
2024-06-07,North America,In-store,Media & Entertainment,Blu-ray Box Set,13,39.99,0.1,467.88,29.99,389.87,78.01
2024-06-07,North America,Online,Home & Kitchen,Air Fryer,10,89.99,0.0,899.9,62.99,629.9,270.0
2024-06-07,North America,Online,Home & Kitchen,Cookware Set,2,129.99,0.0,259.98,84.49,168.98,91.0
2024-06-07,North America,Online,Media & Entertainment,Board Game,8,34.99,0.0,279.92,19.24,153.92,126.0
2024-06-07,UK & Ireland,In-store,Apparel,Running Tee,16,24.99,0.25,299.88,11.25,180.0,119.88
2024-06-07,UK & Ireland,Online,Beauty & Wellness,Collagen Powder,1,34.99,0.0,34.99,14.0,14.0,20.99
2024-06-07,UK & Ireland,Online,Beauty & Wellness,Electric Toothbrush,1,59.99,0.1,53.99,32.99,32.99,21.0
2024-06-07,UK & Ireland,Online,Electronics,Smart Speaker,3,49.99,0.15,127.47,34.99,104.97,22.5
2024-06-07,UK & Ireland,Online,Media & Entertainment,Blu-ray Box Set,1,39.99,0.0,39.99,29.99,29.99,10.0
2024-06-07,UK & Ireland,Online,Media & Entertainment,Vinyl Record,5,27.99,0.0,139.95,16.79,83.95,56.0
2024-06-08,APAC,Online,Electronics,Wireless Earbuds,2,79.99,0.0,159.98,51.99,103.98,56.0
2024-06-08,EMEA,In-store,Electronics,Wireless Earbuds,7,79.99,0.0,559.93,51.99,363.93,196.0
2024-06-08,EMEA,In-store,Home & Kitchen,Air Fryer,9,89.99,0.1,728.92,62.99,566.91,162.01
2024-06-08,EMEA,In-store,Home & Kitchen,Coffee Grinder,11,39.99,0.15,373.91,23.99,263.89,110.02
2024-06-08,EMEA,In-store,Media & Entertainment,Board Game,10,34.99,0.0,349.9,19.24,192.4,157.5
2024-06-08,LATAM,In-store,Apparel,Wool Socks 3-pack,17,14.99,0.25,191.12,6.0,102.0,89.12
2024-06-08,LATAM,Online,Media & Entertainment,Blu-ray Box Set,1,39.99,0.0,39.99,29.99,29.99,10.0
2024-06-08,North America,In-store,Beauty & Wellness,Vitamin C Serum,9,29.99,0.0,269.91,10.5,94.5,175.41
2024-06-08,North America,In-store,Electronics,USB-C Charger,14,19.99,0.2,223.89,10.99,153.86,70.03
2024-06-08,North America,In-store,Media & Entertainment,Vinyl Record,8,27.99,0.15,190.33,16.79,134.32,56.01
2024-06-08,North America,Online,Apparel,Wool Socks 3-pack,4,14.99,0.0,59.96,6.0,24.0,35.96
2024-06-08,North America,Online,Electronics,USB-C Charger,7,19.99,0.0,139.93,10.99,76.93,63.0
2024-06-08,UK & Ireland,In-store,Electronics,Smart Speaker,11,49.99,0.2,439.91,34.99,384.89,55.02
2024-06-08,UK & Ireland,Online,Home & Kitchen,Cookware Set,2,129.99,0.1,233.98,84.49,168.98,65.0
2024-06-09,APAC,In-store,Media & Entertainment,Vinyl Record,7,27.99,0.0,195.93,16.79,117.53,78.4
2024-06-09,EMEA,In-store,Media & Entertainment,Blu-ray Box Set,9,39.99,0.0,359.91,29.99,269.91,90.0
2024-06-09,EMEA,Online,Electronics,Smart Speaker,3,49.99,0.0,149.97,34.99,104.97,45.0
2024-06-09,LATAM,In-store,Beauty & Wellness,Electric Toothbrush,4,59.99,0.2,191.97,32.99,131.96,60.01
2024-06-09,LATAM,Online,Media & Entertainment,Vinyl Record,4,27.99,0.0,111.96,16.79,67.16,44.8
2024-06-09,North America,In-store,Apparel,Running Tee,12,24.99,0.0,299.88,11.25,135.0,164.88
2024-06-09,North America,In-store,Beauty & Wellness,Collagen Powder,3,34.99,0.0,104.97,14.0,42.0,62.97
2024-06-09,UK & Ireland,In-store,Apparel,Denim Jacket,12,69.99,0.2,671.9,34.99,419.88,252.02
2024-06-09,UK & Ireland,In-store,Apparel,Wool Socks 3-pack,11,14.99,0.25,123.67,6.0,66.0,57.67
2024-06-09,UK & Ireland,In-store,Media & Entertainment,Board Game,11,34.99,0.25,288.67,19.24,211.64,77.03
2024-06-09,UK & Ireland,Online,Electronics,Smart Speaker,2,49.99,0.0,99.98,34.99,69.98,30.0
2024-06-10,APAC,Online,Apparel,Wool Socks 3-pack,2,14.99,0.0,29.98,6.0,12.0,17.98
2024-06-10,EMEA,In-store,Apparel,Denim Jacket,3,69.99,0.1,188.97,34.99,104.97,84.0
2024-06-10,EMEA,In-store,Media & Entertainment,Blu-ray Box Set,10,39.99,0.1,359.91,29.99,299.9,60.01
2024-06-10,EMEA,Online,Beauty & Wellness,Vitamin C Serum,1,29.99,0.0,29.99,10.5,10.5,19.49
2024-06-10,LATAM,In-store,Beauty & Wellness,Vitamin C Serum,4,29.99,0.2,95.97,10.5,42.0,53.97
2024-06-10,LATAM,In-store,Electronics,USB-C Charger,10,19.99,0.0,199.9,10.99,109.9,90.0
2024-06-10,LATAM,Online,Apparel,Wool Socks 3-pack,5,14.99,0.0,74.95,6.0,30.0,44.95
2024-06-10,North America,In-store,Apparel,Denim Jacket,7,69.99,0.0,489.93,34.99,244.93,245.0
2024-06-10,North America,In-store,Beauty & Wellness,Vitamin C Serum,4,29.99,0.0,119.96,10.5,42.0,77.96
2024-06-10,North America,In-store,Home & Kitchen,Coffee Grinder,10,39.99,0.2,319.92,23.99,239.9,80.02
2024-06-10,North America,Online,Electronics,Wireless Earbuds,3,79.99,0.0,239.97,51.99,155.97,84.0
2024-06-10,UK & Ireland,In-store,Electronics,Smart Speaker,4,49.99,0.0,199.96,34.99,139.96,60.0
2024-06-11,APAC,In-store,Electronics,USB-C Charger,10,19.99,0.1,179.91,10.99,109.9,70.01
2024-06-11,APAC,In-store,Media & Entertainment,Board Game,9,34.99,0.0,314.91,19.24,173.16,141.75
2024-06-11,APAC,Online,Beauty & Wellness,Electric Toothbrush,1,59.99,0.0,59.99,32.99,32.99,27.0
2024-06-11,APAC,Online,Media & Entertainment,Vinyl Record,2,27.99,0.0,55.98,16.79,33.58,22.4
2024-06-11,EMEA,In-store,Electronics,Smart Speaker,7,49.99,0.0,349.93,34.99,244.93,105.0
2024-06-11,EMEA,In-store,Home & Kitchen,Air Fryer,7,89.99,0.2,503.94,62.99,440.93,63.01
2024-06-11,EMEA,Online,Beauty & Wellness,Vitamin C Serum,1,29.99,0.0,29.99,10.5,10.5,19.49
2024-06-11,LATAM,In-store,Apparel,Running Tee,11,24.99,0.0,274.89,11.25,123.75,151.14
2024-06-11,LATAM,In-store,Electronics,USB-C Charger,10,19.99,0.25,149.92,10.99,109.9,40.02
2024-06-11,LATAM,Online,Home & Kitchen,Cookware Set,4,129.99,0.1,467.96,84.49,337.96,130.0
2024-06-11,North America,In-store,Electronics,USB-C Charger,13,19.99,0.0,259.87,10.99,142.87,117.0
2024-06-11,North America,In-store,Media & Entertainment,Blu-ray Box Set,3,39.99,0.0,119.97,29.99,89.97,30.0
2024-06-11,North America,Online,Home & Kitchen,Cookware Set,3,129.99,0.0,389.97,84.49,253.47,136.5
2024-06-11,North America,Online,Media & Entertainment,Vinyl Record,6,27.99,0.25,125.95,16.79,100.74,25.21
2024-06-11,UK & Ireland,In-store,Apparel,Denim Jacket,7,69.99,0.2,391.94,34.99,244.93,147.01
2024-06-11,UK & Ireland,In-store,Electronics,Smart Speaker,5,49.99,0.0,249.95,34.99,174.95,75.0
2024-06-11,UK & Ireland,Online,Electronics,Smart Speaker,2,49.99,0.0,99.98,34.99,69.98,30.0
2024-06-11,UK & Ireland,Online,Media & Entertainment,Vinyl Record,4,27.99,0.2,89.57,16.79,67.16,22.41
2024-06-12,APAC,In-store,Home & Kitchen,Air Fryer,7,89.99,0.1,566.94,62.99,440.93,126.01
2024-06-12,APAC,In-store,Home & Kitchen,Cookware Set,3,129.99,0.2,311.98,84.49,253.47,58.51
2024-06-12,EMEA,In-store,Home & Kitchen,Coffee Grinder,2,39.99,0.0,79.98,23.99,47.98,32.0
2024-06-12,EMEA,In-store,Home & Kitchen,Cookware Set,3,129.99,0.0,389.97,84.49,253.47,136.5
2024-06-12,EMEA,Online,Home & Kitchen,Air Fryer,1,89.99,0.25,67.49,62.99,62.99,4.5
2024-06-12,LATAM,In-store,Home & Kitchen,Air Fryer,10,89.99,0.15,764.91,62.99,629.9,135.01
2024-06-12,LATAM,In-store,Media & Entertainment,Vinyl Record,7,27.99,0.0,195.93,16.79,117.53,78.4
2024-06-12,LATAM,Online,Beauty & Wellness,Collagen Powder,3,34.99,0.0,104.97,14.0,42.0,62.97
2024-06-12,LATAM,Online,Home & Kitchen,Coffee Grinder,1,39.99,0.0,39.99,23.99,23.99,16.0
2024-06-12,LATAM,Online,Media & Entertainment,Vinyl Record,1,27.99,0.0,27.99,16.79,16.79,11.2
2024-06-12,North America,In-store,Home & Kitchen,Coffee Grinder,6,39.99,0.15,203.95,23.99,143.94,60.01
2024-06-12,North America,In-store,Media & Entertainment,Vinyl Record,9,27.99,0.0,251.91,16.79,151.11,100.8
2024-06-12,North America,Online,Electronics,Smart Speaker,2,49.99,0.15,84.98,34.99,69.98,15.0
2024-06-12,North America,Online,Media & Entertainment,Board Game,2,34.99,0.1,62.98,19.24,38.48,24.5
2024-06-12,UK & Ireland,Online,Electronics,Smart Speaker,1,49.99,0.15,42.49,34.99,34.99,7.5
2024-06-12,UK & Ireland,Online,Media & Entertainment,Blu-ray Box Set,2,39.99,0.0,79.98,29.99,59.98,20.0
2024-06-13,APAC,Online,Electronics,Wireless Earbuds,2,79.99,0.0,159.98,51.99,103.98,56.0
2024-06-13,EMEA,In-store,Apparel,Running Tee,11,24.99,0.0,274.89,11.25,123.75,151.14
2024-06-13,EMEA,In-store,Beauty & Wellness,Collagen Powder,3,34.99,0.0,104.97,14.0,42.0,62.97
2024-06-13,EMEA,In-store,Electronics,Wireless Earbuds,9,79.99,0.25,539.93,51.99,467.91,72.02
2024-06-13,EMEA,Online,Electronics,Smart Speaker,2,49.99,0.0,99.98,34.99,69.98,30.0
2024-06-13,EMEA,Online,Home & Kitchen,Cookware Set,1,129.99,0.0,129.99,84.49,84.49,45.5
2024-06-13,LATAM,In-store,Apparel,Denim Jacket,1,69.99,0.2,55.99,34.99,34.99,21.0
2024-06-13,LATAM,In-store,Home & Kitchen,Coffee Grinder,4,39.99,0.15,135.97,23.99,95.96,40.01
2024-06-13,LATAM,Online,Electronics,USB-C Charger,5,19.99,0.0,99.95,10.99,54.95,45.0
2024-06-13,North America,In-store,Home & Kitchen,Cookware Set,4,129.99,0.0,519.96,84.49,337.96,182.0
2024-06-13,North America,Online,Electronics,Wireless Earbuds,2,79.99,0.15,135.98,51.99,103.98,32.0
2024-06-13,North America,Online,Media & Entertainment,Board Game,7,34.99,0.0,244.93,19.24,134.68,110.25
2024-06-13,UK & Ireland,In-store,Beauty & Wellness,Vitamin C Serum,8,29.99,0.0,239.92,10.5,84.0,155.92
2024-06-14,APAC,In-store,Home & Kitchen,Coffee Grinder,8,39.99,0.25,239.94,23.99,191.92,48.02
2024-06-14,APAC,In-store,Media & Entertainment,Board Game,11,34.99,0.15,327.16,19.24,211.64,115.52
2024-06-14,APAC,Online,Apparel,Denim Jacket,3,69.99,0.0,209.97,34.99,104.97,105.0
2024-06-14,APAC,Online,Home & Kitchen,Air Fryer,3,89.99,0.0,269.97,62.99,188.97,81.0
2024-06-14,EMEA,In-store,Apparel,Running Tee,5,24.99,0.0,124.95,11.25,56.25,68.7
2024-06-14,LATAM,In-store,Home & Kitchen,Cookware Set,1,129.99,0.1,116.99,84.49,84.49,32.5
2024-06-14,LATAM,In-store,Media & Entertainment,Vinyl Record,9,27.99,0.0,251.91,16.79,151.11,100.8
2024-06-14,LATAM,Online,Apparel,Wool Socks 3-pack,4,14.99,0.25,44.97,6.0,24.0,20.97
2024-06-14,LATAM,Online,Media & Entertainment,Vinyl Record,2,27.99,0.1,50.38,16.79,33.58,16.8
2024-06-14,UK & Ireland,In-store,Apparel,Running Tee,7,24.99,0.0,174.93,11.25,78.75,96.18
2024-06-14,UK & Ireland,In-store,Beauty & Wellness,Vitamin C Serum,5,29.99,0.0,149.95,10.5,52.5,97.45
2024-06-14,UK & Ireland,In-store,Electronics,USB-C Charger,7,19.99,0.0,139.93,10.99,76.93,63.0
2024-06-14,UK & Ireland,Online,Apparel,Running Tee,2,24.99,0.0,49.98,11.25,22.5,27.48
2024-06-14,UK & Ireland,Online,Beauty & Wellness,Collagen Powder,2,34.99,0.15,59.48,14.0,28.0,31.48
2024-06-14,UK & Ireland,Online,Media & Entertainment,Board Game,5,34.99,0.0,174.95,19.24,96.2,78.75
2024-06-15,APAC,In-store,Apparel,Wool Socks 3-pack,14,14.99,0.0,209.86,6.0,84.0,125.86
2024-06-15,APAC,Online,Beauty & Wellness,Vitamin C Serum,3,29.99,0.25,67.48,10.5,31.5,35.98
2024-06-15,APAC,Online,Media & Entertainment,Blu-ray Box Set,8,39.99,0.15,271.93,29.99,239.92,32.01
2024-06-15,EMEA,In-store,Apparel,Running Tee,13,24.99,0.25,243.65,11.25,146.25,97.4
2024-06-15,LATAM,In-store,Apparel,Running Tee,20,24.99,0.2,399.84,11.25,225.0,174.84
2024-06-15,LATAM,In-store,Media & Entertainment,Blu-ray Box Set,17,39.99,0.0,679.83,29.99,509.83,170.0
2024-06-15,LATAM,Online,Beauty & Wellness,Collagen Powder,1,34.99,0.2,27.99,14.0,14.0,13.99
2024-06-15,North America,In-store,Media & Entertainment,Blu-ray Box Set,13,39.99,0.1,467.88,29.99,389.87,78.01
2024-06-15,North America,Online,Apparel,Running Tee,4,24.99,0.1,89.96,11.25,45.0,44.96
2024-06-15,UK & Ireland,In-store,Beauty & Wellness,Collagen Powder,9,34.99,0.2,251.93,14.0,126.0,125.93
2024-06-15,UK & Ireland,In-store,Electronics,USB-C Charger,5,19.99,0.0,99.95,10.99,54.95,45.0
2024-06-15,UK & Ireland,In-store,Home & Kitchen,Coffee Grinder,4,39.99,0.15,135.97,23.99,95.96,40.01
2024-06-15,UK & Ireland,In-store,Home & Kitchen,Cookware Set,2,129.99,0.0,259.98,84.49,168.98,91.0
2024-06-15,UK & Ireland,In-store,Media & Entertainment,Blu-ray Box Set,5,39.99,0.0,199.95,29.99,149.95,50.0
2024-06-15,UK & Ireland,Online,Beauty & Wellness,Vitamin C Serum,2,29.99,0.0,59.98,10.5,21.0,38.98
2024-06-16,APAC,In-store,Apparel,Denim Jacket,4,69.99,0.0,279.96,34.99,139.96,140.0
2024-06-16,APAC,In-store,Beauty & Wellness,Collagen Powder,4,34.99,0.0,139.96,14.0,56.0,83.96
2024-06-16,APAC,In-store,Beauty & Wellness,Electric Toothbrush,1,59.99,0.15,50.99,32.99,32.99,18.0
2024-06-16,APAC,In-store,Electronics,USB-C Charger,10,19.99,0.1,179.91,10.99,109.9,70.01
2024-06-16,APAC,Online,Apparel,Denim Jacket,1,69.99,0.25,52.49,34.99,34.99,17.5
2024-06-16,APAC,Online,Home & Kitchen,Air Fryer,2,89.99,0.0,179.98,62.99,125.98,54.0
2024-06-16,EMEA,In-store,Apparel,Denim Jacket,9,69.99,0.1,566.92,34.99,314.91,252.01
2024-06-16,EMEA,In-store,Home & Kitchen,Coffee Grinder,4,39.99,0.15,135.97,23.99,95.96,40.01
2024-06-16,EMEA,In-store,Home & Kitchen,Cookware Set,2,129.99,0.25,194.99,84.49,168.98,26.01
2024-06-16,EMEA,Online,Electronics,USB-C Charger,2,19.99,0.0,39.98,10.99,21.98,18.0
2024-06-16,North America,Online,Beauty & Wellness,Collagen Powder,1,34.99,0.0,34.99,14.0,14.0,20.99
2024-06-16,North America,Online,Electronics,Wireless Earbuds,4,79.99,0.25,239.97,51.99,207.96,32.01
2024-06-16,UK & Ireland,In-store,Apparel,Wool Socks 3-pack,15,14.99,0.1,202.37,6.0,90.0,112.37
2024-06-16,UK & Ireland,In-store,Beauty & Wellness,Vitamin C Serum,2,29.99,0.2,47.98,10.5,21.0,26.98
2024-06-16,UK & Ireland,In-store,Electronics,USB-C Charger,15,19.99,0.0,299.85,10.99,164.85,135.0
2024-06-16,UK & Ireland,In-store,Media & Entertainment,Vinyl Record,7,27.99,0.0,195.93,16.79,117.53,78.4
2024-06-16,UK & Ireland,Online,Apparel,Denim Jacket,1,69.99,0.0,69.99,34.99,34.99,35.0
2024-06-17,APAC,In-store,Apparel,Running Tee,6,24.99,0.0,149.94,11.25,67.5,82.44
2024-06-17,EMEA,In-store,Apparel,Wool Socks 3-pack,10,14.99,0.25,112.43,6.0,60.0,52.43
2024-06-17,EMEA,In-store,Media & Entertainment,Board Game,6,34.99,0.0,209.94,19.24,115.44,94.5
2024-06-17,LATAM,In-store,Beauty & Wellness,Electric Toothbrush,3,59.99,0.2,143.98,32.99,98.97,45.01
2024-06-17,LATAM,In-store,Electronics,Smart Speaker,3,49.99,0.0,149.97,34.99,104.97,45.0
2024-06-17,LATAM,In-store,Home & Kitchen,Air Fryer,3,89.99,0.1,242.97,62.99,188.97,54.0
2024-06-17,North America,In-store,Beauty & Wellness,Vitamin C Serum,6,29.99,0.1,161.95,10.5,63.0,98.95
2024-06-17,North America,Online,Beauty & Wellness,Collagen Powder,4,34.99,0.0,139.96,14.0,56.0,83.96
2024-06-17,North America,Online,Home & Kitchen,Coffee Grinder,1,39.99,0.0,39.99,23.99,23.99,16.0
2024-06-17,North America,Online,Media & Entertainment,Board Game,5,34.99,0.0,174.95,19.24,96.2,78.75
2024-06-17,UK & Ireland,In-store,Apparel,Denim Jacket,2,69.99,0.1,125.98,34.99,69.98,56.0
2024-06-17,UK & Ireland,In-store,Beauty & Wellness,Electric Toothbrush,3,59.99,0.25,134.98,32.99,98.97,36.01
2024-06-17,UK & Ireland,Online,Electronics,Wireless Earbuds,4,79.99,0.2,255.97,51.99,207.96,48.01
2024-06-17,UK & Ireland,Online,Media & Entertainment,Vinyl Record,2,27.99,0.0,55.98,16.79,33.58,22.4
2024-06-18,APAC,In-store,Electronics,Wireless Earbuds,4,79.99,0.0,319.96,51.99,207.96,112.0
2024-06-18,APAC,In-store,Home & Kitchen,Air Fryer,6,89.99,0.15,458.95,62.99,377.94,81.01
2024-06-18,APAC,In-store,Home & Kitchen,Coffee Grinder,8,39.99,0.0,319.92,23.99,191.92,128.0
2024-06-18,APAC,In-store,Home & Kitchen,Cookware Set,5,129.99,0.2,519.96,84.49,422.45,97.51
2024-06-18,EMEA,In-store,Apparel,Running Tee,11,24.99,0.15,233.66,11.25,123.75,109.91
2024-06-18,LATAM,In-store,Apparel,Wool Socks 3-pack,7,14.99,0.15,89.19,6.0,42.0,47.19
2024-06-18,LATAM,Online,Electronics,USB-C Charger,8,19.99,0.0,159.92,10.99,87.92,72.0
2024-06-18,UK & Ireland,In-store,Apparel,Wool Socks 3-pack,9,14.99,0.15,114.67,6.0,54.0,60.67
2024-06-18,UK & Ireland,Online,Apparel,Running Tee,3,24.99,0.2,59.98,11.25,33.75,26.23
2024-06-18,UK & Ireland,Online,Home & Kitchen,Cookware Set,1,129.99,0.0,129.99,84.49,84.49,45.5
2024-06-19,APAC,In-store,Apparel,Denim Jacket,4,69.99,0.0,279.96,34.99,139.96,140.0
2024-06-19,APAC,In-store,Beauty & Wellness,Vitamin C Serum,1,29.99,0.0,29.99,10.5,10.5,19.49
2024-06-19,APAC,In-store,Media & Entertainment,Board Game,10,34.99,0.0,349.9,19.24,192.4,157.5
2024-06-19,APAC,Online,Media & Entertainment,Board Game,1,34.99,0.25,26.24,19.24,19.24,7.0
2024-06-19,EMEA,In-store,Apparel,Denim Jacket,3,69.99,0.0,209.97,34.99,104.97,105.0
2024-06-19,EMEA,In-store,Beauty & Wellness,Electric Toothbrush,4,59.99,0.15,203.97,32.99,131.96,72.01
2024-06-19,EMEA,In-store,Media & Entertainment,Blu-ray Box Set,6,39.99,0.0,239.94,29.99,179.94,60.0
2024-06-19,LATAM,In-store,Apparel,Running Tee,8,24.99,0.0,199.92,11.25,90.0,109.92
2024-06-19,LATAM,In-store,Apparel,Wool Socks 3-pack,4,14.99,0.1,53.96,6.0,24.0,29.96
2024-06-19,LATAM,In-store,Electronics,USB-C Charger,8,19.99,0.0,159.92,10.99,87.92,72.0
2024-06-19,North America,Online,Apparel,Denim Jacket,4,69.99,0.25,209.97,34.99,139.96,70.01
2024-06-19,North America,Online,Electronics,USB-C Charger,8,19.99,0.0,159.92,10.99,87.92,72.0
2024-06-19,UK & Ireland,In-store,Media & Entertainment,Vinyl Record,2,27.99,0.0,55.98,16.79,33.58,22.4
2024-06-20,APAC,In-store,Home & Kitchen,Coffee Grinder,3,39.99,0.1,107.97,23.99,71.97,36.0
2024-06-20,APAC,In-store,Media & Entertainment,Blu-ray Box Set,4,39.99,0.0,159.96,29.99,119.96,40.0
2024-06-20,APAC,Online,Home & Kitchen,Cookware Set,3,129.99,0.0,389.97,84.49,253.47,136.5
2024-06-20,APAC,Online,Media & Entertainment,Blu-ray Box Set,2,39.99,0.1,71.98,29.99,59.98,12.0
2024-06-20,EMEA,In-store,Beauty & Wellness,Collagen Powder,1,34.99,0.0,34.99,14.0,14.0,20.99
2024-06-20,EMEA,In-store,Home & Kitchen,Air Fryer,8,89.99,0.0,719.92,62.99,503.92,216.0
2024-06-20,EMEA,Online,Apparel,Wool Socks 3-pack,2,14.99,0.0,29.98,6.0,12.0,17.98
2024-06-20,LATAM,In-store,Electronics,USB-C Charger,6,19.99,0.0,119.94,10.99,65.94,54.0
2024-06-20,LATAM,Online,Apparel,Running Tee,4,24.99,0.0,99.96,11.25,45.0,54.96
2024-06-20,LATAM,Online,Media & Entertainment,Board Game,2,34.99,0.0,69.98,19.24,38.48,31.5
2024-06-20,North America,In-store,Apparel,Denim Jacket,4,69.99,0.0,279.96,34.99,139.96,140.0
2024-06-20,North America,Online,Apparel,Wool Socks 3-pack,4,14.99,0.0,59.96,6.0,24.0,35.96
2024-06-20,UK & Ireland,In-store,Home & Kitchen,Cookware Set,4,129.99,0.0,519.96,84.49,337.96,182.0
2024-06-21,APAC,In-store,Apparel,Running Tee,7,24.99,0.2,139.94,11.25,78.75,61.19
2024-06-21,APAC,In-store,Media & Entertainment,Blu-ray Box Set,11,39.99,0.2,351.91,29.99,329.89,22.02
2024-06-21,APAC,Online,Beauty & Wellness,Collagen Powder,2,34.99,0.0,69.98,14.0,28.0,41.98
2024-06-21,APAC,Online,Beauty & Wellness,Vitamin C Serum,3,29.99,0.0,89.97,10.5,31.5,58.47
2024-06-21,EMEA,In-store,Media & Entertainment,Blu-ray Box Set,9,39.99,0.25,269.93,29.99,269.91,0.02
2024-06-21,EMEA,Online,Electronics,USB-C Charger,2,19.99,0.0,39.98,10.99,21.98,18.0
2024-06-21,EMEA,Online,Electronics,Wireless Earbuds,5,79.99,0.0,399.95,51.99,259.95,140.0
2024-06-21,LATAM,In-store,Apparel,Running Tee,7,24.99,0.25,131.2,11.25,78.75,52.45
2024-06-21,LATAM,In-store,Home & Kitchen,Air Fryer,11,89.99,0.15,841.41,62.99,692.89,148.52
2024-06-21,North America,Online,Beauty & Wellness,Vitamin C Serum,1,29.99,0.0,29.99,10.5,10.5,19.49
2024-06-21,UK & Ireland,In-store,Beauty & Wellness,Electric Toothbrush,2,59.99,0.1,107.98,32.99,65.98,42.0
2024-06-21,UK & Ireland,In-store,Electronics,Wireless Earbuds,6,79.99,0.0,479.94,51.99,311.94,168.0
2024-06-21,UK & Ireland,In-store,Home & Kitchen,Air Fryer,10,89.99,0.1,809.91,62.99,629.9,180.01
2024-06-21,UK & Ireland,Online,Apparel,Running Tee,2,24.99,0.0,49.98,11.25,22.5,27.48
2024-06-21,UK & Ireland,Online,Electronics,Smart Speaker,2,49.99,0.2,79.98,34.99,69.98,10.0
2024-06-22,APAC,Online,Apparel,Denim Jacket,2,69.99,0.0,139.98,34.99,69.98,70.0
2024-06-22,APAC,Online,Home & Kitchen,Cookware Set,2,129.99,0.0,259.98,84.49,168.98,91.0
2024-06-22,EMEA,In-store,Media & Entertainment,Blu-ray Box Set,11,39.99,0.0,439.89,29.99,329.89,110.0
2024-06-22,EMEA,Online,Apparel,Running Tee,2,24.99,0.0,49.98,11.25,22.5,27.48
2024-06-22,EMEA,Online,Electronics,USB-C Charger,2,19.99,0.2,31.98,10.99,21.98,10.0
2024-06-22,LATAM,In-store,Beauty & Wellness,Electric Toothbrush,4,59.99,0.0,239.96,32.99,131.96,108.0
2024-06-22,North America,In-store,Apparel,Wool Socks 3-pack,13,14.99,0.0,194.87,6.0,78.0,116.87
2024-06-22,North America,Online,Apparel,Denim Jacket,1,69.99,0.0,69.99,34.99,34.99,35.0
2024-06-22,UK & Ireland,In-store,Apparel,Wool Socks 3-pack,9,14.99,0.2,107.93,6.0,54.0,53.93
2024-06-22,UK & Ireland,In-store,Beauty & Wellness,Electric Toothbrush,2,59.99,0.0,119.98,32.99,65.98,54.0
2024-06-22,UK & Ireland,In-store,Media & Entertainment,Blu-ray Box Set,9,39.99,0.2,287.93,29.99,269.91,18.02
2024-06-22,UK & Ireland,Online,Electronics,USB-C Charger,1,19.99,0.2,15.99,10.99,10.99,5.0
2024-06-22,UK & Ireland,Online,Home & Kitchen,Coffee Grinder,3,39.99,0.15,101.97,23.99,71.97,30.0
2024-06-22,UK & Ireland,Online,Media & Entertainment,Board Game,1,34.99,0.0,34.99,19.24,19.24,15.75
2024-06-23,APAC,In-store,Beauty & Wellness,Vitamin C Serum,3,29.99,0.0,89.97,10.5,31.5,58.47
2024-06-23,APAC,In-store,Electronics,Smart Speaker,12,49.99,0.0,599.88,34.99,419.88,180.0
2024-06-23,APAC,Online,Apparel,Denim Jacket,1,69.99,0.1,62.99,34.99,34.99,28.0
2024-06-23,EMEA,In-store,Beauty & Wellness,Vitamin C Serum,5,29.99,0.0,149.95,10.5,52.5,97.45
2024-06-23,EMEA,Online,Apparel,Denim Jacket,5,69.99,0.0,349.95,34.99,174.95,175.0
2024-06-23,LATAM,In-store,Apparel,Denim Jacket,4,69.99,0.15,237.97,34.99,139.96,98.01
2024-06-23,LATAM,Online,Beauty & Wellness,Vitamin C Serum,6,29.99,0.2,143.95,10.5,63.0,80.95
2024-06-23,LATAM,Online,Home & Kitchen,Coffee Grinder,1,39.99,0.0,39.99,23.99,23.99,16.0
2024-06-23,UK & Ireland,In-store,Apparel,Running Tee,12,24.99,0.0,299.88,11.25,135.0,164.88
2024-06-23,UK & Ireland,In-store,Electronics,USB-C Charger,13,19.99,0.25,194.9,10.99,142.87,52.03
2024-06-23,UK & Ireland,In-store,Home & Kitchen,Air Fryer,6,89.99,0.25,404.95,62.99,377.94,27.01
2024-06-24,EMEA,In-store,Beauty & Wellness,Vitamin C Serum,3,29.99,0.0,89.97,10.5,31.5,58.47
2024-06-24,EMEA,Online,Electronics,Smart Speaker,2,49.99,0.1,89.98,34.99,69.98,20.0
2024-06-24,EMEA,Online,Electronics,Wireless Earbuds,4,79.99,0.0,319.96,51.99,207.96,112.0
2024-06-24,EMEA,Online,Media & Entertainment,Blu-ray Box Set,2,39.99,0.15,67.98,29.99,59.98,8.0
2024-06-24,EMEA,Online,Media & Entertainment,Vinyl Record,2,27.99,0.15,47.58,16.79,33.58,14.0
2024-06-24,LATAM,In-store,Apparel,Denim Jacket,5,69.99,0.0,349.95,34.99,174.95,175.0
2024-06-24,LATAM,In-store,Beauty & Wellness,Electric Toothbrush,2,59.99,0.15,101.98,32.99,65.98,36.0
2024-06-24,LATAM,In-store,Electronics,Wireless Earbuds,4,79.99,0.0,319.96,51.99,207.96,112.0
2024-06-24,LATAM,Online,Beauty & Wellness,Collagen Powder,2,34.99,0.0,69.98,14.0,28.0,41.98
2024-06-24,LATAM,Online,Electronics,Wireless Earbuds,2,79.99,0.0,159.98,51.99,103.98,56.0
2024-06-24,North America,In-store,Apparel,Wool Socks 3-pack,13,14.99,0.15,165.64,6.0,78.0,87.64
2024-06-24,North America,Online,Electronics,Wireless Earbuds,6,79.99,0.0,479.94,51.99,311.94,168.0
2024-06-24,North America,Online,Media & Entertainment,Blu-ray Box Set,2,39.99,0.0,79.98,29.99,59.98,20.0
2024-06-24,UK & Ireland,In-store,Home & Kitchen,Cookware Set,2,129.99,0.0,259.98,84.49,168.98,91.0
2024-06-24,UK & Ireland,Online,Home & Kitchen,Air Fryer,1,89.99,0.0,89.99,62.99,62.99,27.0
2024-06-25,APAC,In-store,Media & Entertainment,Blu-ray Box Set,11,39.99,0.0,439.89,29.99,329.89,110.0
2024-06-25,APAC,Online,Apparel,Denim Jacket,3,69.99,0.0,209.97,34.99,104.97,105.0
2024-06-25,EMEA,In-store,Beauty & Wellness,Electric Toothbrush,3,59.99,0.0,179.97,32.99,98.97,81.0
2024-06-25,EMEA,In-store,Media & Entertainment,Vinyl Record,5,27.99,0.25,104.96,16.79,83.95,21.01
2024-06-25,EMEA,Online,Beauty & Wellness,Vitamin C Serum,1,29.99,0.0,29.99,10.5,10.5,19.49
2024-06-25,EMEA,Online,Home & Kitchen,Coffee Grinder,1,39.99,0.0,39.99,23.99,23.99,16.0
2024-06-25,EMEA,Online,Media & Entertainment,Vinyl Record,4,27.99,0.0,111.96,16.79,67.16,44.8
2024-06-25,LATAM,In-store,Apparel,Denim Jacket,7,69.99,0.0,489.93,34.99,244.93,245.0
2024-06-25,LATAM,In-store,Electronics,Wireless Earbuds,2,79.99,0.15,135.98,51.99,103.98,32.0
2024-06-25,LATAM,Online,Apparel,Denim Jacket,2,69.99,0.0,139.98,34.99,69.98,70.0
2024-06-25,North America,In-store,Home & Kitchen,Cookware Set,4,129.99,0.0,519.96,84.49,337.96,182.0
2024-06-25,North America,Online,Beauty & Wellness,Collagen Powder,3,34.99,0.1,94.47,14.0,42.0,52.47
2024-06-25,North America,Online,Media & Entertainment,Vinyl Record,2,27.99,0.0,55.98,16.79,33.58,22.4
2024-06-25,UK & Ireland,In-store,Apparel,Denim Jacket,1,69.99,0.0,69.99,34.99,34.99,35.0
2024-06-25,UK & Ireland,In-store,Media & Entertainment,Blu-ray Box Set,7,39.99,0.15,237.94,29.99,209.93,28.01
2024-06-25,UK & Ireland,Online,Home & Kitchen,Air Fryer,1,89.99,0.0,89.99,62.99,62.99,27.0
2024-06-25,UK & Ireland,Online,Media & Entertainment,Board Game,1,34.99,0.0,34.99,19.24,19.24,15.75
2024-06-26,APAC,In-store,Beauty & Wellness,Electric Toothbrush,5,59.99,0.0,299.95,32.99,164.95,135.0
2024-06-26,APAC,In-store,Home & Kitchen,Air Fryer,3,89.99,0.25,202.48,62.99,188.97,13.51
2024-06-26,APAC,In-store,Media & Entertainment,Vinyl Record,4,27.99,0.0,111.96,16.79,67.16,44.8
2024-06-26,APAC,Online,Apparel,Wool Socks 3-pack,6,14.99,0.1,80.95,6.0,36.0,44.95
2024-06-26,APAC,Online,Beauty & Wellness,Collagen Powder,1,34.99,0.0,34.99,14.0,14.0,20.99
2024-06-26,APAC,Online,Electronics,USB-C Charger,3,19.99,0.0,59.97,10.99,32.97,27.0
2024-06-26,EMEA,In-store,Media & Entertainment,Vinyl Record,5,27.99,0.0,139.95,16.79,83.95,56.0
2024-06-26,LATAM,In-store,Media & Entertainment,Blu-ray Box Set,16,39.99,0.0,639.84,29.99,479.84,160.0
2024-06-26,LATAM,Online,Electronics,Wireless Earbuds,2,79.99,0.0,159.98,51.99,103.98,56.0
2024-06-26,North America,In-store,Beauty & Wellness,Vitamin C Serum,7,29.99,0.0,209.93,10.5,73.5,136.43
2024-06-26,North America,Online,Beauty & Wellness,Vitamin C Serum,3,29.99,0.15,76.47,10.5,31.5,44.97
2024-06-26,North America,Online,Media & Entertainment,Board Game,3,34.99,0.1,94.47,19.24,57.72,36.75
2024-06-26,UK & Ireland,In-store,Apparel,Running Tee,7,24.99,0.0,174.93,11.25,78.75,96.18
2024-06-26,UK & Ireland,In-store,Home & Kitchen,Coffee Grinder,2,39.99,0.25,59.98,23.99,47.98,12.0
2024-06-26,UK & Ireland,Online,Electronics,USB-C Charger,3,19.99,0.0,59.97,10.99,32.97,27.0
2024-06-26,UK & Ireland,Online,Home & Kitchen,Air Fryer,3,89.99,0.0,269.97,62.99,188.97,81.0
2024-06-26,UK & Ireland,Online,Media & Entertainment,Blu-ray Box Set,2,39.99,0.0,79.98,29.99,59.98,20.0
2024-06-27,APAC,In-store,Apparel,Running Tee,9,24.99,0.2,179.93,11.25,101.25,78.68
2024-06-27,APAC,In-store,Electronics,USB-C Charger,4,19.99,0.15,67.97,10.99,43.96,24.01
2024-06-27,APAC,In-store,Home & Kitchen,Coffee Grinder,3,39.99,0.0,119.97,23.99,71.97,48.0
2024-06-27,APAC,In-store,Media & Entertainment,Vinyl Record,14,27.99,0.0,391.86,16.79,235.06,156.8
2024-06-27,EMEA,In-store,Beauty & Wellness,Electric Toothbrush,1,59.99,0.15,50.99,32.99,32.99,18.0
2024-06-27,EMEA,In-store,Electronics,USB-C Charger,10,19.99,0.0,199.9,10.99,109.9,90.0
2024-06-27,EMEA,In-store,Home & Kitchen,Cookware Set,4,129.99,0.0,519.96,84.49,337.96,182.0
2024-06-27,EMEA,Online,Beauty & Wellness,Electric Toothbrush,2,59.99,0.1,107.98,32.99,65.98,42.0
2024-06-27,EMEA,Online,Home & Kitchen,Cookware Set,1,129.99,0.0,129.99,84.49,84.49,45.5
2024-06-27,North America,Online,Apparel,Wool Socks 3-pack,2,14.99,0.0,29.98,6.0,12.0,17.98
2024-06-27,UK & Ireland,In-store,Media & Entertainment,Board Game,4,34.99,0.0,139.96,19.24,76.96,63.0
2024-06-27,UK & Ireland,Online,Apparel,Wool Socks 3-pack,5,14.99,0.2,59.96,6.0,30.0,29.96
2024-06-27,UK & Ireland,Online,Home & Kitchen,Air Fryer,2,89.99,0.1,161.98,62.99,125.98,36.0
2024-06-27,UK & Ireland,Online,Media & Entertainment,Board Game,2,34.99,0.25,52.48,19.24,38.48,14.0
2024-06-28,APAC,In-store,Electronics,USB-C Charger,14,19.99,0.0,279.86,10.99,153.86,126.0
2024-06-28,APAC,In-store,Electronics,Wireless Earbuds,5,79.99,0.0,399.95,51.99,259.95,140.0
2024-06-28,APAC,In-store,Media & Entertainment,Blu-ray Box Set,12,39.99,0.25,359.91,29.99,359.88,0.03
2024-06-28,EMEA,In-store,Apparel,Running Tee,6,24.99,0.0,149.94,11.25,67.5,82.44
2024-06-28,EMEA,In-store,Electronics,Smart Speaker,9,49.99,0.0,449.91,34.99,314.91,135.0
2024-06-28,EMEA,In-store,Home & Kitchen,Coffee Grinder,8,39.99,0.0,319.92,23.99,191.92,128.0
2024-06-28,EMEA,In-store,Home & Kitchen,Cookware Set,7,129.99,0.1,818.94,84.49,591.43,227.51
2024-06-28,EMEA,Online,Beauty & Wellness,Collagen Powder,3,34.99,0.25,78.73,14.0,42.0,36.73
2024-06-28,EMEA,Online,Home & Kitchen,Cookware Set,4,129.99,0.15,441.97,84.49,337.96,104.01
2024-06-28,EMEA,Online,Media & Entertainment,Blu-ray Box Set,3,39.99,0.2,95.98,29.99,89.97,6.01
2024-06-28,North America,Online,Apparel,Denim Jacket,2,69.99,0.0,139.98,34.99,69.98,70.0
2024-06-28,North America,Online,Apparel,Wool Socks 3-pack,4,14.99,0.0,59.96,6.0,24.0,35.96
2024-06-28,UK & Ireland,In-store,Home & Kitchen,Coffee Grinder,3,39.99,0.0,119.97,23.99,71.97,48.0
2024-06-28,UK & Ireland,In-store,Media & Entertainment,Vinyl Record,7,27.99,0.1,176.34,16.79,117.53,58.81
2024-06-28,UK & Ireland,Online,Beauty & Wellness,Vitamin C Serum,1,29.99,0.25,22.49,10.5,10.5,11.99
2024-06-28,UK & Ireland,Online,Media & Entertainment,Board Game,6,34.99,0.0,209.94,19.24,115.44,94.5
2024-06-29,APAC,In-store,Media & Entertainment,Blu-ray Box Set,3,39.99,0.0,119.97,29.99,89.97,30.0
2024-06-29,APAC,In-store,Media & Entertainment,Board Game,11,34.99,0.2,307.91,19.24,211.64,96.27
2024-06-29,APAC,Online,Beauty & Wellness,Collagen Powder,1,34.99,0.25,26.24,14.0,14.0,12.24
2024-06-29,EMEA,In-store,Beauty & Wellness,Vitamin C Serum,5,29.99,0.1,134.95,10.5,52.5,82.45
2024-06-29,EMEA,In-store,Home & Kitchen,Air Fryer,8,89.99,0.15,611.93,62.99,503.92,108.01
2024-06-29,EMEA,Online,Electronics,USB-C Charger,7,19.99,0.0,139.93,10.99,76.93,63.0
2024-06-29,LATAM,In-store,Apparel,Wool Socks 3-pack,4,14.99,0.0,59.96,6.0,24.0,35.96
2024-06-29,LATAM,In-store,Media & Entertainment,Vinyl Record,7,27.99,0.25,146.95,16.79,117.53,29.42
2024-06-29,LATAM,Online,Beauty & Wellness,Collagen Powder,1,34.99,0.0,34.99,14.0,14.0,20.99
2024-06-29,LATAM,Online,Electronics,Wireless Earbuds,3,79.99,0.0,239.97,51.99,155.97,84.0
2024-06-29,North America,Online,Beauty & Wellness,Electric Toothbrush,2,59.99,0.0,119.98,32.99,65.98,54.0
2024-06-30,APAC,In-store,Apparel,Denim Jacket,5,69.99,0.0,349.95,34.99,174.95,175.0
2024-06-30,APAC,In-store,Beauty & Wellness,Vitamin C Serum,6,29.99,0.0,179.94,10.5,63.0,116.94
2024-06-30,APAC,In-store,Electronics,Wireless Earbuds,14,79.99,0.0,1119.86,51.99,727.86,392.0
2024-06-30,APAC,In-store,Home & Kitchen,Coffee Grinder,11,39.99,0.0,439.89,23.99,263.89,176.0
2024-06-30,EMEA,Online,Beauty & Wellness,Electric Toothbrush,1,59.99,0.0,59.99,32.99,32.99,27.0
2024-06-30,LATAM,In-store,Home & Kitchen,Air Fryer,8,89.99,0.0,719.92,62.99,503.92,216.0
2024-06-30,LATAM,In-store,Home & Kitchen,Coffee Grinder,4,39.99,0.1,143.96,23.99,95.96,48.0
2024-06-30,LATAM,Online,Apparel,Wool Socks 3-pack,1,14.99,0.0,14.99,6.0,6.0,8.99
2024-06-30,North America,In-store,Beauty & Wellness,Collagen Powder,10,34.99,0.0,349.9,14.0,140.0,209.9
2024-06-30,North America,In-store,Media & Entertainment,Vinyl Record,14,27.99,0.1,352.67,16.79,235.06,117.61
2024-06-30,North America,Online,Electronics,Wireless Earbuds,3,79.99,0.0,239.97,51.99,155.97,84.0
2024-06-30,North America,Online,Home & Kitchen,Coffee Grinder,4,39.99,0.0,159.96,23.99,95.96,64.0
2024-06-30,North America,Online,Home & Kitchen,Cookware Set,1,129.99,0.0,129.99,84.49,84.49,45.5
2024-06-30,North America,Online,Media & Entertainment,Blu-ray Box Set,2,39.99,0.25,59.98,29.99,59.98,0.0
2024-06-30,UK & Ireland,In-store,Home & Kitchen,Air Fryer,5,89.99,0.0,449.95,62.99,314.95,135.0
2024-06-30,UK & Ireland,In-store,Home & Kitchen,Coffee Grinder,8,39.99,0.0,319.92,23.99,191.92,128.0
2024-06-30,UK & Ireland,Online,Beauty & Wellness,Electric Toothbrush,1,59.99,0.0,59.99,32.99,32.99,27.0
2024-06-30,UK & Ireland,Online,Media & Entertainment,Vinyl Record,2,27.99,0.25,41.98,16.79,33.58,8.4
2024-07-01,APAC,In-store,Home & Kitchen,Coffee Grinder,1,39.99,0.0,39.99,23.99,23.99,16.0
2024-07-01,EMEA,Online,Apparel,Denim Jacket,3,69.99,0.0,209.97,34.99,104.97,105.0
2024-07-01,EMEA,Online,Beauty & Wellness,Electric Toothbrush,3,59.99,0.0,179.97,32.99,98.97,81.0
2024-07-01,EMEA,Online,Electronics,Wireless Earbuds,3,79.99,0.15,203.97,51.99,155.97,48.0
2024-07-01,LATAM,In-store,Media & Entertainment,Blu-ray Box Set,3,39.99,0.0,119.97,29.99,89.97,30.0
2024-07-01,North America,In-store,Beauty & Wellness,Electric Toothbrush,2,59.99,0.0,119.98,32.99,65.98,54.0
2024-07-01,North America,In-store,Electronics,USB-C Charger,10,19.99,0.0,199.9,10.99,109.9,90.0
2024-07-01,North America,In-store,Media & Entertainment,Blu-ray Box Set,12,39.99,0.0,479.88,29.99,359.88,120.0
2024-07-01,UK & Ireland,In-store,Home & Kitchen,Coffee Grinder,5,39.99,0.15,169.96,23.99,119.95,50.01
2024-07-01,UK & Ireland,Online,Apparel,Denim Jacket,1,69.99,0.0,69.99,34.99,34.99,35.0
2024-07-01,UK & Ireland,Online,Electronics,Smart Speaker,2,49.99,0.25,74.98,34.99,69.98,5.0
2024-07-01,UK & Ireland,Online,Electronics,Wireless Earbuds,1,79.99,0.0,79.99,51.99,51.99,28.0
2024-07-02,APAC,In-store,Beauty & Wellness,Vitamin C Serum,5,29.99,0.0,149.95,10.5,52.5,97.45
2024-07-02,APAC,Online,Electronics,Smart Speaker,2,49.99,0.0,99.98,34.99,69.98,30.0
2024-07-02,APAC,Online,Media & Entertainment,Vinyl Record,1,27.99,0.0,27.99,16.79,16.79,11.2
2024-07-02,EMEA,In-store,Apparel,Denim Jacket,2,69.99,0.0,139.98,34.99,69.98,70.0
2024-07-02,EMEA,In-store,Home & Kitchen,Air Fryer,6,89.99,0.0,539.94,62.99,377.94,162.0
2024-07-02,LATAM,In-store,Apparel,Wool Socks 3-pack,4,14.99,0.0,59.96,6.0,24.0,35.96
2024-07-02,LATAM,In-store,Home & Kitchen,Air Fryer,7,89.99,0.0,629.93,62.99,440.93,189.0
2024-07-02,LATAM,Online,Beauty & Wellness,Electric Toothbrush,2,59.99,0.2,95.98,32.99,65.98,30.0
2024-07-02,LATAM,Online,Media & Entertainment,Board Game,2,34.99,0.0,69.98,19.24,38.48,31.5
2024-07-02,North America,In-store,Beauty & Wellness,Collagen Powder,10,34.99,0.0,349.9,14.0,140.0,209.9
2024-07-02,North America,In-store,Home & Kitchen,Cookware Set,5,129.99,0.0,649.95,84.49,422.45,227.5
2024-07-02,North America,Online,Media & Entertainment,Vinyl Record,2,27.99,0.0,55.98,16.79,33.58,22.4
2024-07-02,UK & Ireland,Online,Apparel,Wool Socks 3-pack,3,14.99,0.0,44.97,6.0,18.0,26.97
2024-07-02,UK & Ireland,Online,Media & Entertainment,Vinyl Record,2,27.99,0.0,55.98,16.79,33.58,22.4
2024-07-03,APAC,In-store,Beauty & Wellness,Electric Toothbrush,2,59.99,0.0,119.98,32.99,65.98,54.0
2024-07-03,APAC,In-store,Electronics,Smart Speaker,11,49.99,0.2,439.91,34.99,384.89,55.02
2024-07-03,APAC,In-store,Media & Entertainment,Blu-ray Box Set,7,39.99,0.0,279.93,29.99,209.93,70.0
2024-07-03,APAC,Online,Beauty & Wellness,Collagen Powder,3,34.99,0.0,104.97,14.0,42.0,62.97
2024-07-03,EMEA,In-store,Apparel,Denim Jacket,1,69.99,0.0,69.99,34.99,34.99,35.0
2024-07-03,EMEA,In-store,Apparel,Running Tee,9,24.99,0.2,179.93,11.25,101.25,78.68
2024-07-03,EMEA,In-store,Electronics,Wireless Earbuds,7,79.99,0.0,559.93,51.99,363.93,196.0
2024-07-03,EMEA,In-store,Home & Kitchen,Coffee Grinder,7,39.99,0.0,279.93,23.99,167.93,112.0
2024-07-03,EMEA,In-store,Home & Kitchen,Cookware Set,2,129.99,0.15,220.98,84.49,168.98,52.0
2024-07-03,EMEA,Online,Home & Kitchen,Coffee Grinder,3,39.99,0.0,119.97,23.99,71.97,48.0
2024-07-03,LATAM,In-store,Apparel,Denim Jacket,3,69.99,0.15,178.47,34.99,104.97,73.5
2024-07-03,LATAM,In-store,Apparel,Wool Socks 3-pack,3,14.99,0.25,33.73,6.0,18.0,15.73
2024-07-03,LATAM,In-store,Beauty & Wellness,Electric Toothbrush,3,59.99,0.0,179.97,32.99,98.97,81.0
2024-07-03,LATAM,In-store,Electronics,USB-C Charger,5,19.99,0.0,99.95,10.99,54.95,45.0
2024-07-03,LATAM,Online,Home & Kitchen,Air Fryer,4,89.99,0.0,359.96,62.99,251.96,108.0
2024-07-03,North America,In-store,Home & Kitchen,Air Fryer,4,89.99,0.1,323.96,62.99,251.96,72.0
2024-07-03,North America,In-store,Media & Entertainment,Blu-ray Box Set,10,39.99,0.0,399.9,29.99,299.9,100.0
2024-07-03,North America,Online,Electronics,Wireless Earbuds,4,79.99,0.2,255.97,51.99,207.96,48.01
2024-07-03,UK & Ireland,In-store,Electronics,Wireless Earbuds,6,79.99,0.2,383.95,51.99,311.94,72.01
2024-07-03,UK & Ireland,In-store,Media & Entertainment,Blu-ray Box Set,9,39.99,0.15,305.92,29.99,269.91,36.01
2024-07-03,UK & Ireland,Online,Beauty & Wellness,Electric Toothbrush,1,59.99,0.15,50.99,32.99,32.99,18.0
2024-07-03,UK & Ireland,Online,Electronics,Wireless Earbuds,2,79.99,0.0,159.98,51.99,103.98,56.0
2024-07-03,UK & Ireland,Online,Media & Entertainment,Vinyl Record,1,27.99,0.0,27.99,16.79,16.79,11.2
2024-07-04,APAC,In-store,Home & Kitchen,Air Fryer,5,89.99,0.2,359.96,62.99,314.95,45.01
2024-07-04,APAC,Online,Beauty & Wellness,Electric Toothbrush,1,59.99,0.0,59.99,32.99,32.99,27.0
2024-07-04,EMEA,In-store,Home & Kitchen,Coffee Grinder,5,39.99,0.0,199.95,23.99,119.95,80.0
2024-07-04,LATAM,Online,Electronics,USB-C Charger,2,19.99,0.25,29.98,10.99,21.98,8.0
2024-07-04,North America,In-store,Electronics,Smart Speaker,5,49.99,0.0,249.95,34.99,174.95,75.0
2024-07-04,North America,In-store,Electronics,Wireless Earbuds,13,79.99,0.0,1039.87,51.99,675.87,364.0
2024-07-04,North America,In-store,Home & Kitchen,Coffee Grinder,8,39.99,0.0,319.92,23.99,191.92,128.0
2024-07-04,North America,Online,Electronics,Smart Speaker,6,49.99,0.1,269.95,34.99,209.94,60.01
2024-07-04,North America,Online,Media & Entertainment,Board Game,3,34.99,0.2,83.98,19.24,57.72,26.26
2024-07-04,UK & Ireland,In-store,Apparel,Denim Jacket,2,69.99,0.15,118.98,34.99,69.98,49.0
2024-07-04,UK & Ireland,In-store,Media & Entertainment,Vinyl Record,5,27.99,0.0,139.95,16.79,83.95,56.0
2024-07-04,UK & Ireland,Online,Apparel,Running Tee,1,24.99,0.2,19.99,11.25,11.25,8.74
2024-07-04,UK & Ireland,Online,Beauty & Wellness,Vitamin C Serum,4,29.99,0.0,119.96,10.5,42.0,77.96
2024-07-04,UK & Ireland,Online,Electronics,Wireless Earbuds,2,79.99,0.2,127.98,51.99,103.98,24.0
2024-07-04,UK & Ireland,Online,Media & Entertainment,Board Game,4,34.99,0.0,139.96,19.24,76.96,63.0
2024-07-04,UK & Ireland,Online,Media & Entertainment,Vinyl Record,2,27.99,0.0,55.98,16.79,33.58,22.4
2024-07-05,APAC,In-store,Home & Kitchen,Cookware Set,1,129.99,0.25,97.49,84.49,84.49,13.0
2024-07-05,APAC,Online,Apparel,Running Tee,2,24.99,0.15,42.48,11.25,22.5,19.98
2024-07-05,APAC,Online,Electronics,USB-C Charger,1,19.99,0.0,19.99,10.99,10.99,9.0
2024-07-05,APAC,Online,Home & Kitchen,Air Fryer,3,89.99,0.2,215.98,62.99,188.97,27.01
2024-07-05,EMEA,In-store,Apparel,Denim Jacket,6,69.99,0.0,419.94,34.99,209.94,210.0
2024-07-05,EMEA,In-store,Beauty & Wellness,Vitamin C Serum,9,29.99,0.0,269.91,10.5,94.5,175.41
2024-07-05,LATAM,In-store,Electronics,Smart Speaker,13,49.99,0.0,649.87,34.99,454.87,195.0
2024-07-05,LATAM,Online,Apparel,Wool Socks 3-pack,7,14.99,0.15,89.19,6.0,42.0,47.19
2024-07-05,North America,In-store,Apparel,Denim Jacket,9,69.99,0.0,629.91,34.99,314.91,315.0
2024-07-05,North America,In-store,Apparel,Running Tee,12,24.99,0.0,299.88,11.25,135.0,164.88
2024-07-05,North America,In-store,Media & Entertainment,Blu-ray Box Set,8,39.99,0.0,319.92,29.99,239.92,80.0
2024-07-05,UK & Ireland,In-store,Apparel,Wool Socks 3-pack,5,14.99,0.0,74.95,6.0,30.0,44.95
2024-07-05,UK & Ireland,In-store,Beauty & Wellness,Collagen Powder,2,34.99,0.0,69.98,14.0,28.0,41.98
2024-07-05,UK & Ireland,In-store,Media & Entertainment,Blu-ray Box Set,12,39.99,0.15,407.9,29.99,359.88,48.02
2024-07-06,APAC,In-store,Home & Kitchen,Coffee Grinder,3,39.99,0.1,107.97,23.99,71.97,36.0
2024-07-06,APAC,In-store,Home & Kitchen,Cookware Set,3,129.99,0.0,389.97,84.49,253.47,136.5
2024-07-06,APAC,Online,Apparel,Running Tee,4,24.99,0.0,99.96,11.25,45.0,54.96
2024-07-06,APAC,Online,Beauty & Wellness,Collagen Powder,1,34.99,0.0,34.99,14.0,14.0,20.99
2024-07-06,EMEA,In-store,Beauty & Wellness,Collagen Powder,3,34.99,0.0,104.97,14.0,42.0,62.97
2024-07-06,EMEA,In-store,Electronics,USB-C Charger,9,19.99,0.25,134.93,10.99,98.91,36.02
2024-07-06,LATAM,In-store,Media & Entertainment,Vinyl Record,11,27.99,0.0,307.89,16.79,184.69,123.2
2024-07-06,LATAM,Online,Apparel,Denim Jacket,4,69.99,0.15,237.97,34.99,139.96,98.01
2024-07-06,LATAM,Online,Home & Kitchen,Coffee Grinder,2,39.99,0.0,79.98,23.99,47.98,32.0
2024-07-06,North America,In-store,Media & Entertainment,Vinyl Record,15,27.99,0.0,419.85,16.79,251.85,168.0
2024-07-06,North America,Online,Beauty & Wellness,Collagen Powder,1,34.99,0.15,29.74,14.0,14.0,15.74
2024-07-06,UK & Ireland,In-store,Beauty & Wellness,Electric Toothbrush,1,59.99,0.0,59.99,32.99,32.99,27.0
2024-07-06,UK & Ireland,In-store,Home & Kitchen,Air Fryer,5,89.99,0.0,449.95,62.99,314.95,135.0
2024-07-06,UK & Ireland,In-store,Media & Entertainment,Blu-ray Box Set,9,39.99,0.15,305.92,29.99,269.91,36.01
2024-07-06,UK & Ireland,In-store,Media & Entertainment,Vinyl Record,10,27.99,0.0,279.9,16.79,167.9,112.0
2024-07-06,UK & Ireland,Online,Apparel,Running Tee,3,24.99,0.0,74.97,11.25,33.75,41.22
2024-07-06,UK & Ireland,Online,Electronics,Wireless Earbuds,3,79.99,0.0,239.97,51.99,155.97,84.0
2024-07-07,APAC,Online,Apparel,Denim Jacket,2,69.99,0.0,139.98,34.99,69.98,70.0
2024-07-07,APAC,Online,Home & Kitchen,Coffee Grinder,4,39.99,0.0,159.96,23.99,95.96,64.0
2024-07-07,EMEA,Online,Apparel,Running Tee,8,24.99,0.0,199.92,11.25,90.0,109.92
2024-07-07,LATAM,Online,Electronics,Smart Speaker,2,49.99,0.0,99.98,34.99,69.98,30.0
2024-07-07,North America,In-store,Beauty & Wellness,Vitamin C Serum,10,29.99,0.0,299.9,10.5,105.0,194.9
2024-07-07,North America,In-store,Electronics,USB-C Charger,7,19.99,0.0,139.93,10.99,76.93,63.0
2024-07-07,North America,In-store,Home & Kitchen,Coffee Grinder,4,39.99,0.0,159.96,23.99,95.96,64.0
2024-07-07,North America,Online,Home & Kitchen,Air Fryer,7,89.99,0.0,629.93,62.99,440.93,189.0
2024-07-07,UK & Ireland,In-store,Beauty & Wellness,Collagen Powder,3,34.99,0.0,104.97,14.0,42.0,62.97
2024-07-07,UK & Ireland,In-store,Home & Kitchen,Coffee Grinder,12,39.99,0.0,479.88,23.99,287.88,192.0
2024-07-07,UK & Ireland,Online,Apparel,Wool Socks 3-pack,2,14.99,0.25,22.48,6.0,12.0,10.48
2024-07-08,APAC,In-store,Beauty & Wellness,Electric Toothbrush,6,59.99,0.0,359.94,32.99,197.94,162.0
2024-07-08,EMEA,Online,Electronics,Wireless Earbuds,2,79.99,0.0,159.98,51.99,103.98,56.0
2024-07-08,EMEA,Online,Home & Kitchen,Air Fryer,3,89.99,0.0,269.97,62.99,188.97,81.0
2024-07-08,EMEA,Online,Home & Kitchen,Cookware Set,1,129.99,0.0,129.99,84.49,84.49,45.5
2024-07-08,North America,In-store,Media & Entertainment,Blu-ray Box Set,5,39.99,0.25,149.96,29.99,149.95,0.01
2024-07-08,North America,Online,Home & Kitchen,Air Fryer,1,89.99,0.0,89.99,62.99,62.99,27.0
2024-07-09,EMEA,In-store,Electronics,Wireless Earbuds,10,79.99,0.15,679.91,51.99,519.9,160.01
2024-07-09,EMEA,In-store,Home & Kitchen,Air Fryer,7,89.99,0.15,535.44,62.99,440.93,94.51
2024-07-09,EMEA,Online,Home & Kitchen,Coffee Grinder,1,39.99,0.1,35.99,23.99,23.99,12.0
2024-07-09,LATAM,In-store,Beauty & Wellness,Electric Toothbrush,2,59.99,0.1,107.98,32.99,65.98,42.0
2024-07-09,LATAM,Online,Home & Kitchen,Air Fryer,1,89.99,0.0,89.99,62.99,62.99,27.0
2024-07-09,North America,In-store,Apparel,Wool Socks 3-pack,7,14.99,0.0,104.93,6.0,42.0,62.93
2024-07-09,North America,Online,Home & Kitchen,Air Fryer,1,89.99,0.0,89.99,62.99,62.99,27.0
2024-07-09,North America,Online,Home & Kitchen,Cookware Set,1,129.99,0.0,129.99,84.49,84.49,45.5
2024-07-09,UK & Ireland,In-store,Beauty & Wellness,Vitamin C Serum,4,29.99,0.1,107.96,10.5,42.0,65.96
2024-07-09,UK & Ireland,In-store,Electronics,Smart Speaker,4,49.99,0.0,199.96,34.99,139.96,60.0
2024-07-09,UK & Ireland,Online,Media & Entertainment,Blu-ray Box Set,3,39.99,0.15,101.97,29.99,89.97,12.0
2024-07-10,APAC,In-store,Home & Kitchen,Air Fryer,4,89.99,0.0,359.96,62.99,251.96,108.0
2024-07-10,APAC,Online,Apparel,Wool Socks 3-pack,5,14.99,0.1,67.45,6.0,30.0,37.45
2024-07-10,APAC,Online,Beauty & Wellness,Electric Toothbrush,1,59.99,0.15,50.99,32.99,32.99,18.0
2024-07-10,APAC,Online,Electronics,USB-C Charger,2,19.99,0.0,39.98,10.99,21.98,18.0
2024-07-10,EMEA,In-store,Electronics,Smart Speaker,3,49.99,0.0,149.97,34.99,104.97,45.0
2024-07-10,EMEA,In-store,Electronics,Wireless Earbuds,5,79.99,0.1,359.95,51.99,259.95,100.0
2024-07-10,EMEA,In-store,Media & Entertainment,Board Game,17,34.99,0.0,594.83,19.24,327.08,267.75
2024-07-10,EMEA,In-store,Media & Entertainment,Vinyl Record,6,27.99,0.0,167.94,16.79,100.74,67.2
2024-07-10,EMEA,Online,Apparel,Running Tee,1,24.99,0.2,19.99,11.25,11.25,8.74
2024-07-10,EMEA,Online,Home & Kitchen,Air Fryer,2,89.99,0.2,143.98,62.99,125.98,18.0
2024-07-10,LATAM,In-store,Beauty & Wellness,Electric Toothbrush,2,59.99,0.0,119.98,32.99,65.98,54.0
2024-07-10,LATAM,In-store,Electronics,USB-C Charger,9,19.99,0.25,134.93,10.99,98.91,36.02
2024-07-10,LATAM,Online,Apparel,Denim Jacket,1,69.99,0.0,69.99,34.99,34.99,35.0
2024-07-10,North America,In-store,Electronics,Smart Speaker,14,49.99,0.0,699.86,34.99,489.86,210.0
2024-07-10,North America,Online,Apparel,Running Tee,2,24.99,0.25,37.48,11.25,22.5,14.98
2024-07-10,UK & Ireland,Online,Media & Entertainment,Vinyl Record,2,27.99,0.25,41.98,16.79,33.58,8.4
2024-07-11,APAC,In-store,Beauty & Wellness,Collagen Powder,2,34.99,0.0,69.98,14.0,28.0,41.98
2024-07-11,APAC,In-store,Media & Entertainment,Vinyl Record,6,27.99,0.0,167.94,16.79,100.74,67.2
2024-07-11,APAC,Online,Apparel,Wool Socks 3-pack,3,14.99,0.25,33.73,6.0,18.0,15.73
2024-07-11,EMEA,In-store,Electronics,Wireless Earbuds,6,79.99,0.0,479.94,51.99,311.94,168.0
2024-07-11,LATAM,In-store,Apparel,Wool Socks 3-pack,1,14.99,0.15,12.74,6.0,6.0,6.74
2024-07-11,LATAM,In-store,Electronics,USB-C Charger,5,19.99,0.0,99.95,10.99,54.95,45.0
2024-07-11,LATAM,In-store,Home & Kitchen,Cookware Set,5,129.99,0.1,584.96,84.49,422.45,162.51
2024-07-11,LATAM,Online,Home & Kitchen,Coffee Grinder,3,39.99,0.2,95.98,23.99,71.97,24.01
2024-07-11,North America,In-store,Apparel,Wool Socks 3-pack,7,14.99,0.0,104.93,6.0,42.0,62.93
2024-07-11,North America,In-store,Media & Entertainment,Vinyl Record,11,27.99,0.0,307.89,16.79,184.69,123.2
2024-07-11,North America,Online,Beauty & Wellness,Electric Toothbrush,1,59.99,0.15,50.99,32.99,32.99,18.0
2024-07-11,UK & Ireland,In-store,Apparel,Wool Socks 3-pack,6,14.99,0.0,89.94,6.0,36.0,53.94
2024-07-11,UK & Ireland,Online,Electronics,USB-C Charger,3,19.99,0.0,59.97,10.99,32.97,27.0
2024-07-12,APAC,In-store,Home & Kitchen,Cookware Set,5,129.99,0.0,649.95,84.49,422.45,227.5
2024-07-12,EMEA,In-store,Electronics,Wireless Earbuds,3,79.99,0.25,179.98,51.99,155.97,24.01
2024-07-12,EMEA,Online,Apparel,Denim Jacket,5,69.99,0.0,349.95,34.99,174.95,175.0
2024-07-12,EMEA,Online,Apparel,Running Tee,7,24.99,0.0,174.93,11.25,78.75,96.18
2024-07-12,EMEA,Online,Home & Kitchen,Air Fryer,4,89.99,0.0,359.96,62.99,251.96,108.0
2024-07-12,LATAM,In-store,Home & Kitchen,Cookware Set,7,129.99,0.0,909.93,84.49,591.43,318.5
2024-07-12,LATAM,Online,Apparel,Wool Socks 3-pack,5,14.99,0.2,59.96,6.0,30.0,29.96
2024-07-12,LATAM,Online,Media & Entertainment,Blu-ray Box Set,5,39.99,0.0,199.95,29.99,149.95,50.0
2024-07-12,North America,In-store,Beauty & Wellness,Electric Toothbrush,2,59.99,0.0,119.98,32.99,65.98,54.0
2024-07-12,North America,In-store,Electronics,Smart Speaker,8,49.99,0.0,399.92,34.99,279.92,120.0
2024-07-12,North America,Online,Apparel,Wool Socks 3-pack,10,14.99,0.0,149.9,6.0,60.0,89.9
2024-07-12,North America,Online,Home & Kitchen,Coffee Grinder,3,39.99,0.0,119.97,23.99,71.97,48.0
2024-07-12,UK & Ireland,In-store,Apparel,Denim Jacket,4,69.99,0.15,237.97,34.99,139.96,98.01
2024-07-12,UK & Ireland,In-store,Home & Kitchen,Coffee Grinder,4,39.99,0.0,159.96,23.99,95.96,64.0
2024-07-13,APAC,In-store,Media & Entertainment,Vinyl Record,10,27.99,0.0,279.9,16.79,167.9,112.0
2024-07-13,APAC,Online,Apparel,Wool Socks 3-pack,1,14.99,0.15,12.74,6.0,6.0,6.74
2024-07-13,APAC,Online,Beauty & Wellness,Collagen Powder,2,34.99,0.0,69.98,14.0,28.0,41.98
2024-07-13,EMEA,In-store,Apparel,Wool Socks 3-pack,13,14.99,0.15,165.64,6.0,78.0,87.64
2024-07-13,EMEA,In-store,Electronics,Smart Speaker,6,49.99,0.0,299.94,34.99,209.94,90.0
2024-07-13,EMEA,Online,Electronics,USB-C Charger,1,19.99,0.1,17.99,10.99,10.99,7.0
2024-07-13,EMEA,Online,Media & Entertainment,Board Game,2,34.99,0.0,69.98,19.24,38.48,31.5
2024-07-13,North America,In-store,Beauty & Wellness,Electric Toothbrush,2,59.99,0.1,107.98,32.99,65.98,42.0
2024-07-13,North America,In-store,Electronics,USB-C Charger,18,19.99,0.2,287.86,10.99,197.82,90.04
2024-07-13,North America,In-store,Home & Kitchen,Coffee Grinder,8,39.99,0.0,319.92,23.99,191.92,128.0
2024-07-13,North America,Online,Beauty & Wellness,Electric Toothbrush,1,59.99,0.15,50.99,32.99,32.99,18.0
2024-07-13,North America,Online,Home & Kitchen,Cookware Set,2,129.99,0.1,233.98,84.49,168.98,65.0
2024-07-13,North America,Online,Media & Entertainment,Vinyl Record,5,27.99,0.1,125.95,16.79,83.95,42.0
2024-07-13,UK & Ireland,In-store,Electronics,USB-C Charger,7,19.99,0.0,139.93,10.99,76.93,63.0
2024-07-13,UK & Ireland,In-store,Home & Kitchen,Cookware Set,1,129.99,0.0,129.99,84.49,84.49,45.5
2024-07-13,UK & Ireland,Online,Media & Entertainment,Vinyl Record,4,27.99,0.1,100.76,16.79,67.16,33.6
2024-07-14,APAC,In-store,Beauty & Wellness,Electric Toothbrush,5,59.99,0.0,299.95,32.99,164.95,135.0
2024-07-14,APAC,In-store,Electronics,Smart Speaker,7,49.99,0.0,349.93,34.99,244.93,105.0
2024-07-14,EMEA,In-store,Media & Entertainment,Blu-ray Box Set,11,39.99,0.0,439.89,29.99,329.89,110.0
2024-07-14,EMEA,Online,Beauty & Wellness,Collagen Powder,1,34.99,0.25,26.24,14.0,14.0,12.24
2024-07-14,LATAM,Online,Media & Entertainment,Vinyl Record,1,27.99,0.0,27.99,16.79,16.79,11.2
2024-07-14,North America,In-store,Beauty & Wellness,Collagen Powder,2,34.99,0.0,69.98,14.0,28.0,41.98
2024-07-14,North America,In-store,Media & Entertainment,Vinyl Record,11,27.99,0.0,307.89,16.79,184.69,123.2
2024-07-14,North America,Online,Electronics,USB-C Charger,6,19.99,0.0,119.94,10.99,65.94,54.0
2024-07-14,UK & Ireland,In-store,Beauty & Wellness,Electric Toothbrush,5,59.99,0.15,254.96,32.99,164.95,90.01
2024-07-14,UK & Ireland,In-store,Home & Kitchen,Coffee Grinder,4,39.99,0.2,127.97,23.99,95.96,32.01
2024-07-14,UK & Ireland,In-store,Media & Entertainment,Vinyl Record,8,27.99,0.15,190.33,16.79,134.32,56.01
2024-07-14,UK & Ireland,Online,Electronics,USB-C Charger,6,19.99,0.0,119.94,10.99,65.94,54.0
2024-07-14,UK & Ireland,Online,Electronics,Wireless Earbuds,1,79.99,0.0,79.99,51.99,51.99,28.0
2024-07-15,APAC,In-store,Apparel,Denim Jacket,2,69.99,0.2,111.98,34.99,69.98,42.0
2024-07-15,APAC,In-store,Apparel,Wool Socks 3-pack,3,14.99,0.0,44.97,6.0,18.0,26.97
2024-07-15,APAC,Online,Home & Kitchen,Coffee Grinder,7,39.99,0.15,237.94,23.99,167.93,70.01
2024-07-15,EMEA,In-store,Home & Kitchen,Cookware Set,2,129.99,0.0,259.98,84.49,168.98,91.0
2024-07-15,LATAM,In-store,Apparel,Denim Jacket,6,69.99,0.0,419.94,34.99,209.94,210.0
2024-07-15,LATAM,In-store,Home & Kitchen,Cookware Set,3,129.99,0.15,331.47,84.49,253.47,78.0
2024-07-15,LATAM,Online,Electronics,Smart Speaker,2,49.99,0.2,79.98,34.99,69.98,10.0
2024-07-15,LATAM,Online,Media & Entertainment,Board Game,2,34.99,0.1,62.98,19.24,38.48,24.5
2024-07-15,UK & Ireland,In-store,Media & Entertainment,Board Game,3,34.99,0.0,104.97,19.24,57.72,47.25
2024-07-15,UK & Ireland,Online,Beauty & Wellness,Electric Toothbrush,1,59.99,0.0,59.99,32.99,32.99,27.0
2024-07-16,APAC,In-store,Apparel,Denim Jacket,2,69.99,0.0,139.98,34.99,69.98,70.0
2024-07-16,APAC,Online,Apparel,Denim Jacket,2,69.99,0.0,139.98,34.99,69.98,70.0
2024-07-16,APAC,Online,Electronics,USB-C Charger,2,19.99,0.0,39.98,10.99,21.98,18.0
2024-07-16,EMEA,In-store,Apparel,Denim Jacket,2,69.99,0.0,139.98,34.99,69.98,70.0
2024-07-16,EMEA,In-store,Electronics,Smart Speaker,4,49.99,0.0,199.96,34.99,139.96,60.0
2024-07-16,EMEA,Online,Apparel,Wool Socks 3-pack,1,14.99,0.25,11.24,6.0,6.0,5.24
2024-07-16,LATAM,In-store,Beauty & Wellness,Collagen Powder,1,34.99,0.25,26.24,14.0,14.0,12.24
2024-07-16,LATAM,In-store,Media & Entertainment,Vinyl Record,3,27.99,0.0,83.97,16.79,50.37,33.6
2024-07-16,LATAM,Online,Apparel,Wool Socks 3-pack,5,14.99,0.0,74.95,6.0,30.0,44.95
2024-07-16,UK & Ireland,In-store,Apparel,Running Tee,8,24.99,0.0,199.92,11.25,90.0,109.92
2024-07-16,UK & Ireland,Online,Apparel,Running Tee,4,24.99,0.0,99.96,11.25,45.0,54.96
2024-07-16,UK & Ireland,Online,Home & Kitchen,Air Fryer,4,89.99,0.25,269.97,62.99,251.96,18.01
2024-07-17,APAC,Online,Electronics,Smart Speaker,2,49.99,0.25,74.98,34.99,69.98,5.0
2024-07-17,EMEA,In-store,Home & Kitchen,Coffee Grinder,6,39.99,0.0,239.94,23.99,143.94,96.0
2024-07-17,North America,In-store,Electronics,USB-C Charger,8,19.99,0.0,159.92,10.99,87.92,72.0
2024-07-17,North America,Online,Beauty & Wellness,Electric Toothbrush,1,59.99,0.0,59.99,32.99,32.99,27.0
2024-07-17,UK & Ireland,In-store,Beauty & Wellness,Collagen Powder,2,34.99,0.0,69.98,14.0,28.0,41.98
2024-07-17,UK & Ireland,Online,Home & Kitchen,Coffee Grinder,3,39.99,0.0,119.97,23.99,71.97,48.0
2024-07-17,UK & Ireland,Online,Home & Kitchen,Cookware Set,2,129.99,0.0,259.98,84.49,168.98,91.0
2024-07-17,UK & Ireland,Online,Media & Entertainment,Vinyl Record,2,27.99,0.2,44.78,16.79,33.58,11.2
2024-07-18,APAC,In-store,Apparel,Running Tee,10,24.99,0.0,249.9,11.25,112.5,137.4
2024-07-18,APAC,In-store,Home & Kitchen,Air Fryer,3,89.99,0.0,269.97,62.99,188.97,81.0
2024-07-18,APAC,In-store,Home & Kitchen,Cookware Set,11,129.99,0.2,1143.91,84.49,929.39,214.52
2024-07-18,APAC,Online,Beauty & Wellness,Collagen Powder,2,34.99,0.25,52.48,14.0,28.0,24.48
2024-07-18,APAC,Online,Electronics,Wireless Earbuds,1,79.99,0.2,63.99,51.99,51.99,12.0
2024-07-18,EMEA,In-store,Apparel,Running Tee,7,24.99,0.2,139.94,11.25,78.75,61.19
2024-07-18,EMEA,In-store,Beauty & Wellness,Collagen Powder,4,34.99,0.0,139.96,14.0,56.0,83.96
2024-07-18,EMEA,In-store,Media & Entertainment,Vinyl Record,7,27.99,0.0,195.93,16.79,117.53,78.4
2024-07-18,LATAM,In-store,Beauty & Wellness,Collagen Powder,1,34.99,0.2,27.99,14.0,14.0,13.99
2024-07-18,LATAM,In-store,Media & Entertainment,Board Game,7,34.99,0.25,183.7,19.24,134.68,49.02
2024-07-18,North America,In-store,Apparel,Wool Socks 3-pack,11,14.99,0.15,140.16,6.0,66.0,74.16
2024-07-18,North America,In-store,Beauty & Wellness,Vitamin C Serum,6,29.99,0.25,134.95,10.5,63.0,71.95
2024-07-18,UK & Ireland,In-store,Media & Entertainment,Vinyl Record,6,27.99,0.1,151.15,16.79,100.74,50.41
2024-07-19,APAC,In-store,Beauty & Wellness,Collagen Powder,4,34.99,0.0,139.96,14.0,56.0,83.96
2024-07-19,APAC,In-store,Beauty & Wellness,Vitamin C Serum,3,29.99,0.0,89.97,10.5,31.5,58.47
2024-07-19,APAC,Online,Beauty & Wellness,Collagen Powder,3,34.99,0.2,83.98,14.0,42.0,41.98
2024-07-19,EMEA,In-store,Beauty & Wellness,Electric Toothbrush,2,59.99,0.0,119.98,32.99,65.98,54.0
2024-07-19,EMEA,In-store,Home & Kitchen,Cookware Set,5,129.99,0.0,649.95,84.49,422.45,227.5
2024-07-19,EMEA,In-store,Media & Entertainment,Board Game,16,34.99,0.0,559.84,19.24,307.84,252.0
2024-07-19,EMEA,Online,Beauty & Wellness,Electric Toothbrush,5,59.99,0.0,299.95,32.99,164.95,135.0
2024-07-19,LATAM,In-store,Media & Entertainment,Vinyl Record,12,27.99,0.0,335.88,16.79,201.48,134.4
2024-07-19,LATAM,Online,Apparel,Running Tee,1,24.99,0.0,24.99,11.25,11.25,13.74
2024-07-19,LATAM,Online,Media & Entertainment,Blu-ray Box Set,4,39.99,0.15,135.97,29.99,119.96,16.01
2024-07-19,North America,In-store,Apparel,Wool Socks 3-pack,14,14.99,0.2,167.89,6.0,84.0,83.89
2024-07-19,North America,In-store,Beauty & Wellness,Collagen Powder,9,34.99,0.0,314.91,14.0,126.0,188.91
2024-07-19,North America,In-store,Electronics,Wireless Earbuds,14,79.99,0.2,895.89,51.99,727.86,168.03
2024-07-19,North America,Online,Media & Entertainment,Blu-ray Box Set,1,39.99,0.0,39.99,29.99,29.99,10.0
2024-07-19,UK & Ireland,In-store,Home & Kitchen,Coffee Grinder,7,39.99,0.15,237.94,23.99,167.93,70.01
2024-07-19,UK & Ireland,In-store,Media & Entertainment,Vinyl Record,6,27.99,0.15,142.75,16.79,100.74,42.01
2024-07-20,APAC,In-store,Beauty & Wellness,Collagen Powder,6,34.99,0.0,209.94,14.0,84.0,125.94
2024-07-20,APAC,Online,Electronics,USB-C Charger,6,19.99,0.25,89.95,10.99,65.94,24.01
2024-07-20,APAC,Online,Media & Entertainment,Blu-ray Box Set,4,39.99,0.0,159.96,29.99,119.96,40.0
2024-07-20,EMEA,In-store,Beauty & Wellness,Vitamin C Serum,7,29.99,0.0,209.93,10.5,73.5,136.43
2024-07-20,EMEA,In-store,Electronics,USB-C Charger,19,19.99,0.15,322.84,10.99,208.81,114.03
2024-07-20,EMEA,Online,Apparel,Wool Socks 3-pack,6,14.99,0.0,89.94,6.0,36.0,53.94
2024-07-20,LATAM,In-store,Apparel,Wool Socks 3-pack,9,14.99,0.0,134.91,6.0,54.0,80.91
2024-07-20,LATAM,Online,Apparel,Denim Jacket,1,69.99,0.0,69.99,34.99,34.99,35.0
2024-07-20,North America,In-store,Beauty & Wellness,Collagen Powder,5,34.99,0.1,157.46,14.0,70.0,87.46
2024-07-20,North America,Online,Electronics,Wireless Earbuds,3,79.99,0.0,239.97,51.99,155.97,84.0
2024-07-20,North America,Online,Media & Entertainment,Vinyl Record,4,27.99,0.0,111.96,16.79,67.16,44.8
2024-07-20,UK & Ireland,In-store,Apparel,Wool Socks 3-pack,6,14.99,0.0,89.94,6.0,36.0,53.94
2024-07-20,UK & Ireland,In-store,Beauty & Wellness,Vitamin C Serum,11,29.99,0.0,329.89,10.5,115.5,214.39
2024-07-20,UK & Ireland,In-store,Electronics,USB-C Charger,21,19.99,0.0,419.79,10.99,230.79,189.0
2024-07-21,APAC,In-store,Apparel,Running Tee,12,24.99,0.0,299.88,11.25,135.0,164.88
2024-07-21,APAC,In-store,Media & Entertainment,Board Game,3,34.99,0.25,78.73,19.24,57.72,21.01
2024-07-21,APAC,Online,Beauty & Wellness,Electric Toothbrush,1,59.99,0.0,59.99,32.99,32.99,27.0
2024-07-21,EMEA,In-store,Home & Kitchen,Coffee Grinder,8,39.99,0.0,319.92,23.99,191.92,128.0
2024-07-21,EMEA,Online,Electronics,Wireless Earbuds,8,79.99,0.0,639.92,51.99,415.92,224.0
2024-07-21,LATAM,In-store,Beauty & Wellness,Vitamin C Serum,3,29.99,0.15,76.47,10.5,31.5,44.97
2024-07-21,LATAM,In-store,Home & Kitchen,Coffee Grinder,5,39.99,0.2,159.96,23.99,119.95,40.01
2024-07-21,LATAM,In-store,Media & Entertainment,Blu-ray Box Set,8,39.99,0.0,319.92,29.99,239.92,80.0
2024-07-21,North America,In-store,Beauty & Wellness,Collagen Powder,13,34.99,0.25,341.15,14.0,182.0,159.15
2024-07-21,UK & Ireland,In-store,Electronics,USB-C Charger,13,19.99,0.0,259.87,10.99,142.87,117.0
2024-07-21,UK & Ireland,In-store,Electronics,Wireless Earbuds,5,79.99,0.0,399.95,51.99,259.95,140.0
2024-07-21,UK & Ireland,Online,Apparel,Wool Socks 3-pack,3,14.99,0.0,44.97,6.0,18.0,26.97
2024-07-21,UK & Ireland,Online,Beauty & Wellness,Collagen Powder,1,34.99,0.0,34.99,14.0,14.0,20.99
2024-07-21,UK & Ireland,Online,Electronics,USB-C Charger,3,19.99,0.0,59.97,10.99,32.97,27.0
2024-07-22,APAC,In-store,Media & Entertainment,Vinyl Record,1,27.99,0.1,25.19,16.79,16.79,8.4
2024-07-22,APAC,Online,Electronics,USB-C Charger,4,19.99,0.0,79.96,10.99,43.96,36.0
2024-07-22,APAC,Online,Electronics,Wireless Earbuds,5,79.99,0.0,399.95,51.99,259.95,140.0
2024-07-22,EMEA,In-store,Beauty & Wellness,Vitamin C Serum,3,29.99,0.0,89.97,10.5,31.5,58.47
2024-07-22,EMEA,In-store,Media & Entertainment,Board Game,5,34.99,0.0,174.95,19.24,96.2,78.75
2024-07-22,LATAM,In-store,Apparel,Wool Socks 3-pack,9,14.99,0.25,101.18,6.0,54.0,47.18
2024-07-22,North America,In-store,Apparel,Wool Socks 3-pack,9,14.99,0.0,134.91,6.0,54.0,80.91
2024-07-22,UK & Ireland,In-store,Beauty & Wellness,Collagen Powder,1,34.99,0.0,34.99,14.0,14.0,20.99
2024-07-22,UK & Ireland,Online,Apparel,Running Tee,3,24.99,0.0,74.97,11.25,33.75,41.22
2024-07-23,APAC,In-store,Apparel,Denim Jacket,3,69.99,0.0,209.97,34.99,104.97,105.0
2024-07-23,APAC,In-store,Electronics,Smart Speaker,9,49.99,0.0,449.91,34.99,314.91,135.0
2024-07-23,APAC,In-store,Electronics,Wireless Earbuds,3,79.99,0.2,191.98,51.99,155.97,36.01
2024-07-23,APAC,Online,Media & Entertainment,Blu-ray Box Set,3,39.99,0.0,119.97,29.99,89.97,30.0
2024-07-23,EMEA,In-store,Apparel,Denim Jacket,3,69.99,0.0,209.97,34.99,104.97,105.0
2024-07-23,EMEA,Online,Apparel,Running Tee,4,24.99,0.0,99.96,11.25,45.0,54.96
2024-07-23,EMEA,Online,Media & Entertainment,Vinyl Record,4,27.99,0.0,111.96,16.79,67.16,44.8
2024-07-23,LATAM,Online,Home & Kitchen,Air Fryer,1,89.99,0.1,80.99,62.99,62.99,18.0
2024-07-23,LATAM,Online,Home & Kitchen,Coffee Grinder,1,39.99,0.0,39.99,23.99,23.99,16.0
2024-07-23,UK & Ireland,Online,Media & Entertainment,Board Game,4,34.99,0.0,139.96,19.24,76.96,63.0
2024-07-24,APAC,In-store,Apparel,Wool Socks 3-pack,13,14.99,0.0,194.87,6.0,78.0,116.87
2024-07-24,APAC,Online,Beauty & Wellness,Collagen Powder,4,34.99,0.0,139.96,14.0,56.0,83.96
2024-07-24,APAC,Online,Home & Kitchen,Coffee Grinder,2,39.99,0.25,59.98,23.99,47.98,12.0
2024-07-24,EMEA,In-store,Electronics,USB-C Charger,13,19.99,0.2,207.9,10.99,142.87,65.03
2024-07-24,EMEA,In-store,Home & Kitchen,Coffee Grinder,4,39.99,0.0,159.96,23.99,95.96,64.0
2024-07-24,LATAM,In-store,Home & Kitchen,Cookware Set,2,129.99,0.0,259.98,84.49,168.98,91.0
2024-07-24,North America,In-store,Beauty & Wellness,Collagen Powder,5,34.99,0.1,157.46,14.0,70.0,87.46
2024-07-24,North America,In-store,Home & Kitchen,Air Fryer,5,89.99,0.0,449.95,62.99,314.95,135.0
2024-07-24,North America,Online,Electronics,Wireless Earbuds,3,79.99,0.0,239.97,51.99,155.97,84.0
2024-07-24,North America,Online,Media & Entertainment,Board Game,6,34.99,0.0,209.94,19.24,115.44,94.5
2024-07-24,UK & Ireland,In-store,Beauty & Wellness,Vitamin C Serum,5,29.99,0.15,127.46,10.5,52.5,74.96
2024-07-25,APAC,In-store,Apparel,Denim Jacket,4,69.99,0.25,209.97,34.99,139.96,70.01
2024-07-25,APAC,Online,Media & Entertainment,Board Game,4,34.99,0.25,104.97,19.24,76.96,28.01
2024-07-25,APAC,Online,Media & Entertainment,Vinyl Record,1,27.99,0.0,27.99,16.79,16.79,11.2
2024-07-25,EMEA,In-store,Electronics,Wireless Earbuds,8,79.99,0.0,639.92,51.99,415.92,224.0
2024-07-25,EMEA,In-store,Media & Entertainment,Board Game,5,34.99,0.25,131.21,19.24,96.2,35.01
2024-07-25,EMEA,Online,Apparel,Denim Jacket,1,69.99,0.0,69.99,34.99,34.99,35.0
2024-07-25,North America,In-store,Media & Entertainment,Blu-ray Box Set,10,39.99,0.25,299.93,29.99,299.9,0.03
2024-07-25,UK & Ireland,In-store,Apparel,Denim Jacket,2,69.99,0.0,139.98,34.99,69.98,70.0
2024-07-25,UK & Ireland,Online,Media & Entertainment,Vinyl Record,5,27.99,0.0,139.95,16.79,83.95,56.0
2024-07-26,APAC,In-store,Electronics,Smart Speaker,8,49.99,0.0,399.92,34.99,279.92,120.0
2024-07-26,APAC,In-store,Electronics,USB-C Charger,13,19.99,0.0,259.87,10.99,142.87,117.0
2024-07-26,APAC,In-store,Home & Kitchen,Air Fryer,11,89.99,0.25,742.42,62.99,692.89,49.53
2024-07-26,APAC,In-store,Home & Kitchen,Coffee Grinder,8,39.99,0.1,287.93,23.99,191.92,96.01
2024-07-26,APAC,Online,Apparel,Wool Socks 3-pack,4,14.99,0.15,50.97,6.0,24.0,26.97
2024-07-26,LATAM,In-store,Electronics,Wireless Earbuds,10,79.99,0.0,799.9,51.99,519.9,280.0
2024-07-26,LATAM,Online,Beauty & Wellness,Vitamin C Serum,1,29.99,0.0,29.99,10.5,10.5,19.49
2024-07-26,LATAM,Online,Media & Entertainment,Blu-ray Box Set,2,39.99,0.1,71.98,29.99,59.98,12.0
2024-07-26,North America,In-store,Home & Kitchen,Air Fryer,6,89.99,0.0,539.94,62.99,377.94,162.0
2024-07-26,North America,Online,Apparel,Wool Socks 3-pack,3,14.99,0.0,44.97,6.0,18.0,26.97
2024-07-26,North America,Online,Media & Entertainment,Board Game,3,34.99,0.0,104.97,19.24,57.72,47.25
2024-07-26,North America,Online,Media & Entertainment,Vinyl Record,3,27.99,0.0,83.97,16.79,50.37,33.6
2024-07-26,UK & Ireland,In-store,Electronics,Wireless Earbuds,2,79.99,0.0,159.98,51.99,103.98,56.0
2024-07-26,UK & Ireland,Online,Electronics,Smart Speaker,2,49.99,0.0,99.98,34.99,69.98,30.0
2024-07-26,UK & Ireland,Online,Electronics,USB-C Charger,3,19.99,0.1,53.97,10.99,32.97,21.0
2024-07-27,APAC,In-store,Electronics,Smart Speaker,7,49.99,0.15,297.44,34.99,244.93,52.51
2024-07-27,APAC,In-store,Electronics,Wireless Earbuds,8,79.99,0.0,639.92,51.99,415.92,224.0
2024-07-27,APAC,In-store,Media & Entertainment,Vinyl Record,9,27.99,0.0,251.91,16.79,151.11,100.8
2024-07-27,APAC,Online,Apparel,Wool Socks 3-pack,1,14.99,0.0,14.99,6.0,6.0,8.99
2024-07-27,APAC,Online,Beauty & Wellness,Electric Toothbrush,3,59.99,0.0,179.97,32.99,98.97,81.0
2024-07-27,EMEA,In-store,Beauty & Wellness,Vitamin C Serum,2,29.99,0.0,59.98,10.5,21.0,38.98
2024-07-27,LATAM,In-store,Electronics,Smart Speaker,8,49.99,0.0,399.92,34.99,279.92,120.0
2024-07-27,LATAM,In-store,Media & Entertainment,Blu-ray Box Set,8,39.99,0.0,319.92,29.99,239.92,80.0
2024-07-27,North America,In-store,Beauty & Wellness,Collagen Powder,5,34.99,0.2,139.96,14.0,70.0,69.96
2024-07-27,North America,In-store,Media & Entertainment,Blu-ray Box Set,10,39.99,0.0,399.9,29.99,299.9,100.0
2024-07-27,North America,Online,Electronics,Wireless Earbuds,6,79.99,0.15,407.95,51.99,311.94,96.01
2024-07-27,North America,Online,Media & Entertainment,Blu-ray Box Set,2,39.99,0.1,71.98,29.99,59.98,12.0
2024-07-27,North America,Online,Media & Entertainment,Board Game,4,34.99,0.0,139.96,19.24,76.96,63.0
2024-07-27,UK & Ireland,Online,Beauty & Wellness,Electric Toothbrush,4,59.99,0.0,239.96,32.99,131.96,108.0
2024-07-28,APAC,In-store,Apparel,Wool Socks 3-pack,8,14.99,0.0,119.92,6.0,48.0,71.92
2024-07-28,APAC,In-store,Home & Kitchen,Coffee Grinder,3,39.99,0.0,119.97,23.99,71.97,48.0
2024-07-28,APAC,Online,Apparel,Wool Socks 3-pack,3,14.99,0.2,35.98,6.0,18.0,17.98
2024-07-28,APAC,Online,Beauty & Wellness,Electric Toothbrush,3,59.99,0.0,179.97,32.99,98.97,81.0
2024-07-28,EMEA,In-store,Media & Entertainment,Blu-ray Box Set,10,39.99,0.2,319.92,29.99,299.9,20.02
2024-07-28,EMEA,In-store,Media & Entertainment,Board Game,10,34.99,0.0,349.9,19.24,192.4,157.5
2024-07-28,EMEA,Online,Beauty & Wellness,Electric Toothbrush,2,59.99,0.0,119.98,32.99,65.98,54.0
2024-07-28,EMEA,Online,Electronics,Wireless Earbuds,1,79.99,0.0,79.99,51.99,51.99,28.0
2024-07-28,LATAM,In-store,Beauty & Wellness,Collagen Powder,1,34.99,0.0,34.99,14.0,14.0,20.99
2024-07-28,LATAM,In-store,Home & Kitchen,Cookware Set,4,129.99,0.15,441.97,84.49,337.96,104.01
2024-07-28,LATAM,In-store,Media & Entertainment,Board Game,7,34.99,0.0,244.93,19.24,134.68,110.25
2024-07-28,North America,In-store,Media & Entertainment,Blu-ray Box Set,8,39.99,0.0,319.92,29.99,239.92,80.0
2024-07-28,UK & Ireland,In-store,Apparel,Denim Jacket,6,69.99,0.0,419.94,34.99,209.94,210.0
2024-07-28,UK & Ireland,In-store,Apparel,Running Tee,3,24.99,0.0,74.97,11.25,33.75,41.22
2024-07-29,APAC,Online,Electronics,Wireless Earbuds,1,79.99,0.1,71.99,51.99,51.99,20.0
2024-07-29,APAC,Online,Media & Entertainment,Board Game,3,34.99,0.0,104.97,19.24,57.72,47.25
2024-07-29,EMEA,In-store,Electronics,USB-C Charger,6,19.99,0.0,119.94,10.99,65.94,54.0
2024-07-29,EMEA,In-store,Home & Kitchen,Cookware Set,2,129.99,0.0,259.98,84.49,168.98,91.0
2024-07-29,EMEA,Online,Home & Kitchen,Air Fryer,1,89.99,0.0,89.99,62.99,62.99,27.0
2024-07-29,LATAM,In-store,Home & Kitchen,Air Fryer,8,89.99,0.0,719.92,62.99,503.92,216.0
2024-07-29,LATAM,In-store,Media & Entertainment,Blu-ray Box Set,4,39.99,0.15,135.97,29.99,119.96,16.01
2024-07-29,North America,In-store,Media & Entertainment,Blu-ray Box Set,10,39.99,0.2,319.92,29.99,299.9,20.02
2024-07-29,UK & Ireland,In-store,Apparel,Denim Jacket,4,69.99,0.15,237.97,34.99,139.96,98.01
2024-07-30,APAC,In-store,Beauty & Wellness,Vitamin C Serum,4,29.99,0.0,119.96,10.5,42.0,77.96
2024-07-30,APAC,In-store,Media & Entertainment,Board Game,4,34.99,0.15,118.97,19.24,76.96,42.01
2024-07-30,EMEA,In-store,Apparel,Running Tee,4,24.99,0.15,84.97,11.25,45.0,39.97
2024-07-30,EMEA,In-store,Media & Entertainment,Board Game,7,34.99,0.0,244.93,19.24,134.68,110.25
2024-07-30,EMEA,In-store,Media & Entertainment,Vinyl Record,6,27.99,0.0,167.94,16.79,100.74,67.2
2024-07-30,EMEA,Online,Apparel,Denim Jacket,3,69.99,0.1,188.97,34.99,104.97,84.0
2024-07-30,EMEA,Online,Apparel,Running Tee,4,24.99,0.25,74.97,11.25,45.0,29.97
2024-07-30,EMEA,Online,Beauty & Wellness,Collagen Powder,1,34.99,0.0,34.99,14.0,14.0,20.99
2024-07-30,EMEA,Online,Electronics,Wireless Earbuds,1,79.99,0.0,79.99,51.99,51.99,28.0
2024-07-30,LATAM,Online,Beauty & Wellness,Electric Toothbrush,1,59.99,0.2,47.99,32.99,32.99,15.0
2024-07-30,North America,In-store,Apparel,Running Tee,9,24.99,0.0,224.91,11.25,101.25,123.66
2024-07-30,North America,In-store,Home & Kitchen,Air Fryer,2,89.99,0.0,179.98,62.99,125.98,54.0
2024-07-30,North America,In-store,Media & Entertainment,Vinyl Record,17,27.99,0.15,404.46,16.79,285.43,119.03
2024-07-30,UK & Ireland,Online,Beauty & Wellness,Electric Toothbrush,1,59.99,0.1,53.99,32.99,32.99,21.0
2024-07-30,UK & Ireland,Online,Electronics,Smart Speaker,2,49.99,0.0,99.98,34.99,69.98,30.0
2024-07-30,UK & Ireland,Online,Media & Entertainment,Board Game,3,34.99,0.0,104.97,19.24,57.72,47.25
2024-07-31,APAC,In-store,Electronics,USB-C Charger,5,19.99,0.0,99.95,10.99,54.95,45.0
2024-07-31,APAC,Online,Electronics,Wireless Earbuds,4,79.99,0.0,319.96,51.99,207.96,112.0
2024-07-31,EMEA,Online,Apparel,Wool Socks 3-pack,2,14.99,0.0,29.98,6.0,12.0,17.98
2024-07-31,LATAM,In-store,Apparel,Denim Jacket,10,69.99,0.0,699.9,34.99,349.9,350.0
2024-07-31,LATAM,In-store,Media & Entertainment,Blu-ray Box Set,3,39.99,0.0,119.97,29.99,89.97,30.0
2024-07-31,LATAM,Online,Beauty & Wellness,Collagen Powder,1,34.99,0.0,34.99,14.0,14.0,20.99
2024-07-31,LATAM,Online,Electronics,Smart Speaker,3,49.99,0.0,149.97,34.99,104.97,45.0
2024-07-31,LATAM,Online,Electronics,USB-C Charger,3,19.99,0.0,59.97,10.99,32.97,27.0
2024-07-31,North America,In-store,Apparel,Wool Socks 3-pack,13,14.99,0.0,194.87,6.0,78.0,116.87
2024-07-31,North America,In-store,Home & Kitchen,Cookware Set,3,129.99,0.0,389.97,84.49,253.47,136.5
2024-07-31,North America,Online,Beauty & Wellness,Vitamin C Serum,1,29.99,0.25,22.49,10.5,10.5,11.99
2024-07-31,UK & Ireland,In-store,Apparel,Denim Jacket,3,69.99,0.0,209.97,34.99,104.97,105.0
2024-07-31,UK & Ireland,In-store,Home & Kitchen,Air Fryer,6,89.99,0.2,431.95,62.99,377.94,54.01
2024-07-31,UK & Ireland,Online,Electronics,Smart Speaker,2,49.99,0.0,99.98,34.99,69.98,30.0
2024-07-31,UK & Ireland,Online,Media & Entertainment,Board Game,3,34.99,0.1,94.47,19.24,57.72,36.75
2024-07-31,UK & Ireland,Online,Media & Entertainment,Vinyl Record,2,27.99,0.1,50.38,16.79,33.58,16.8
2024-08-01,APAC,In-store,Apparel,Running Tee,11,24.99,0.0,274.89,11.25,123.75,151.14
2024-08-01,APAC,Online,Beauty & Wellness,Collagen Powder,2,34.99,0.25,52.48,14.0,28.0,24.48
2024-08-01,EMEA,In-store,Apparel,Wool Socks 3-pack,6,14.99,0.2,71.95,6.0,36.0,35.95
2024-08-01,EMEA,In-store,Electronics,USB-C Charger,11,19.99,0.0,219.89,10.99,120.89,99.0
2024-08-01,EMEA,In-store,Home & Kitchen,Coffee Grinder,6,39.99,0.0,239.94,23.99,143.94,96.0
2024-08-01,EMEA,Online,Electronics,Smart Speaker,3,49.99,0.0,149.97,34.99,104.97,45.0
2024-08-01,EMEA,Online,Media & Entertainment,Vinyl Record,6,27.99,0.25,125.95,16.79,100.74,25.21
2024-08-01,LATAM,In-store,Beauty & Wellness,Electric Toothbrush,5,59.99,0.15,254.96,32.99,164.95,90.01
2024-08-01,LATAM,In-store,Media & Entertainment,Vinyl Record,7,27.99,0.0,195.93,16.79,117.53,78.4
2024-08-01,North America,In-store,Home & Kitchen,Coffee Grinder,6,39.99,0.15,203.95,23.99,143.94,60.01
2024-08-01,North America,Online,Electronics,Wireless Earbuds,2,79.99,0.0,159.98,51.99,103.98,56.0
2024-08-01,UK & Ireland,Online,Apparel,Denim Jacket,4,69.99,0.0,279.96,34.99,139.96,140.0
2024-08-01,UK & Ireland,Online,Home & Kitchen,Cookware Set,2,129.99,0.0,259.98,84.49,168.98,91.0
2024-08-02,APAC,In-store,Apparel,Wool Socks 3-pack,9,14.99,0.15,114.67,6.0,54.0,60.67
2024-08-02,APAC,In-store,Beauty & Wellness,Collagen Powder,4,34.99,0.15,118.97,14.0,56.0,62.97
2024-08-02,EMEA,In-store,Apparel,Running Tee,7,24.99,0.0,174.93,11.25,78.75,96.18
2024-08-02,EMEA,In-store,Home & Kitchen,Cookware Set,7,129.99,0.0,909.93,84.49,591.43,318.5
2024-08-02,LATAM,In-store,Electronics,Wireless Earbuds,7,79.99,0.0,559.93,51.99,363.93,196.0
2024-08-02,LATAM,In-store,Home & Kitchen,Air Fryer,8,89.99,0.1,647.93,62.99,503.92,144.01
2024-08-02,LATAM,In-store,Home & Kitchen,Cookware Set,3,129.99,0.0,389.97,84.49,253.47,136.5
2024-08-02,LATAM,In-store,Media & Entertainment,Blu-ray Box Set,9,39.99,0.0,359.91,29.99,269.91,90.0
2024-08-02,LATAM,Online,Electronics,Wireless Earbuds,2,79.99,0.15,135.98,51.99,103.98,32.0
2024-08-02,North America,In-store,Beauty & Wellness,Electric Toothbrush,4,59.99,0.0,239.96,32.99,131.96,108.0
2024-08-02,North America,Online,Beauty & Wellness,Electric Toothbrush,1,59.99,0.15,50.99,32.99,32.99,18.0
2024-08-02,North America,Online,Electronics,Wireless Earbuds,1,79.99,0.0,79.99,51.99,51.99,28.0
2024-08-02,UK & Ireland,In-store,Electronics,USB-C Charger,6,19.99,0.0,119.94,10.99,65.94,54.0
2024-08-02,UK & Ireland,In-store,Home & Kitchen,Cookware Set,6,129.99,0.25,584.96,84.49,506.94,78.02
2024-08-02,UK & Ireland,Online,Beauty & Wellness,Collagen Powder,2,34.99,0.2,55.98,14.0,28.0,27.98
2024-08-03,APAC,In-store,Electronics,Wireless Earbuds,13,79.99,0.0,1039.87,51.99,675.87,364.0
2024-08-03,EMEA,In-store,Electronics,Wireless Earbuds,13,79.99,0.0,1039.87,51.99,675.87,364.0
2024-08-03,LATAM,Online,Electronics,USB-C Charger,7,19.99,0.15,118.94,10.99,76.93,42.01
2024-08-03,North America,In-store,Media & Entertainment,Vinyl Record,6,27.99,0.0,167.94,16.79,100.74,67.2
2024-08-03,UK & Ireland,Online,Home & Kitchen,Air Fryer,1,89.99,0.1,80.99,62.99,62.99,18.0
2024-08-04,APAC,In-store,Apparel,Denim Jacket,5,69.99,0.0,349.95,34.99,174.95,175.0
2024-08-04,APAC,In-store,Beauty & Wellness,Vitamin C Serum,7,29.99,0.2,167.94,10.5,73.5,94.44
2024-08-04,APAC,Online,Electronics,USB-C Charger,3,19.99,0.0,59.97,10.99,32.97,27.0
2024-08-04,APAC,Online,Media & Entertainment,Blu-ray Box Set,5,39.99,0.25,149.96,29.99,149.95,0.01
2024-08-04,EMEA,In-store,Beauty & Wellness,Collagen Powder,4,34.99,0.1,125.96,14.0,56.0,69.96
2024-08-04,EMEA,In-store,Electronics,Wireless Earbuds,8,79.99,0.0,639.92,51.99,415.92,224.0
2024-08-04,EMEA,In-store,Home & Kitchen,Coffee Grinder,6,39.99,0.0,239.94,23.99,143.94,96.0
2024-08-04,EMEA,In-store,Media & Entertainment,Vinyl Record,9,27.99,0.2,201.53,16.79,151.11,50.42
2024-08-04,EMEA,Online,Apparel,Running Tee,2,24.99,0.0,49.98,11.25,22.5,27.48
2024-08-04,LATAM,In-store,Media & Entertainment,Vinyl Record,7,27.99,0.0,195.93,16.79,117.53,78.4
2024-08-04,LATAM,Online,Beauty & Wellness,Collagen Powder,3,34.99,0.1,94.47,14.0,42.0,52.47
2024-08-04,North America,In-store,Apparel,Wool Socks 3-pack,15,14.99,0.25,168.64,6.0,90.0,78.64
2024-08-04,North America,In-store,Electronics,Wireless Earbuds,6,79.99,0.2,383.95,51.99,311.94,72.01
2024-08-04,North America,Online,Electronics,USB-C Charger,2,19.99,0.0,39.98,10.99,21.98,18.0
2024-08-04,UK & Ireland,In-store,Home & Kitchen,Air Fryer,6,89.99,0.2,431.95,62.99,377.94,54.01
2024-08-04,UK & Ireland,Online,Apparel,Denim Jacket,4,69.99,0.0,279.96,34.99,139.96,140.0
2024-08-04,UK & Ireland,Online,Home & Kitchen,Coffee Grinder,4,39.99,0.0,159.96,23.99,95.96,64.0
2024-08-05,APAC,In-store,Apparel,Wool Socks 3-pack,7,14.99,0.25,78.7,6.0,42.0,36.7
2024-08-05,APAC,In-store,Beauty & Wellness,Electric Toothbrush,1,59.99,0.0,59.99,32.99,32.99,27.0
2024-08-05,APAC,In-store,Media & Entertainment,Board Game,6,34.99,0.0,209.94,19.24,115.44,94.5
2024-08-05,EMEA,In-store,Home & Kitchen,Cookware Set,2,129.99,0.1,233.98,84.49,168.98,65.0
2024-08-05,EMEA,In-store,Media & Entertainment,Board Game,9,34.99,0.2,251.93,19.24,173.16,78.77
2024-08-05,EMEA,Online,Media & Entertainment,Vinyl Record,2,27.99,0.0,55.98,16.79,33.58,22.4
2024-08-05,North America,In-store,Electronics,Smart Speaker,8,49.99,0.2,319.94,34.99,279.92,40.02
2024-08-05,North America,In-store,Media & Entertainment,Blu-ray Box Set,2,39.99,0.25,59.98,29.99,59.98,0.0
2024-08-05,North America,Online,Apparel,Denim Jacket,4,69.99,0.0,279.96,34.99,139.96,140.0
2024-08-05,UK & Ireland,In-store,Apparel,Denim Jacket,4,69.99,0.0,279.96,34.99,139.96,140.0
2024-08-05,UK & Ireland,In-store,Apparel,Running Tee,5,24.99,0.0,124.95,11.25,56.25,68.7
2024-08-05,UK & Ireland,In-store,Electronics,Smart Speaker,5,49.99,0.0,249.95,34.99,174.95,75.0
2024-08-05,UK & Ireland,Online,Apparel,Running Tee,1,24.99,0.0,24.99,11.25,11.25,13.74
2024-08-05,UK & Ireland,Online,Home & Kitchen,Coffee Grinder,2,39.99,0.0,79.98,23.99,47.98,32.0
2024-08-06,APAC,In-store,Apparel,Running Tee,2,24.99,0.0,49.98,11.25,22.5,27.48
2024-08-06,APAC,In-store,Beauty & Wellness,Electric Toothbrush,3,59.99,0.1,161.97,32.99,98.97,63.0
2024-08-06,APAC,Online,Beauty & Wellness,Collagen Powder,4,34.99,0.0,139.96,14.0,56.0,83.96
2024-08-06,EMEA,In-store,Media & Entertainment,Board Game,9,34.99,0.25,236.18,19.24,173.16,63.02
2024-08-06,EMEA,In-store,Media & Entertainment,Vinyl Record,9,27.99,0.0,251.91,16.79,151.11,100.8
2024-08-06,LATAM,In-store,Media & Entertainment,Blu-ray Box Set,5,39.99,0.0,199.95,29.99,149.95,50.0
2024-08-06,LATAM,Online,Electronics,USB-C Charger,3,19.99,0.1,53.97,10.99,32.97,21.0
2024-08-06,LATAM,Online,Media & Entertainment,Board Game,2,34.99,0.0,69.98,19.24,38.48,31.5
2024-08-06,LATAM,Online,Media & Entertainment,Vinyl Record,3,27.99,0.0,83.97,16.79,50.37,33.6
2024-08-06,North America,In-store,Apparel,Running Tee,16,24.99,0.15,339.86,11.25,180.0,159.86
2024-08-06,North America,In-store,Beauty & Wellness,Collagen Powder,3,34.99,0.25,78.73,14.0,42.0,36.73
2024-08-06,North America,In-store,Electronics,Wireless Earbuds,3,79.99,0.25,179.98,51.99,155.97,24.01
2024-08-06,UK & Ireland,In-store,Electronics,Smart Speaker,4,49.99,0.0,199.96,34.99,139.96,60.0
2024-08-06,UK & Ireland,In-store,Electronics,USB-C Charger,9,19.99,0.0,179.91,10.99,98.91,81.0
2024-08-06,UK & Ireland,In-store,Media & Entertainment,Board Game,15,34.99,0.0,524.85,19.24,288.6,236.25
2024-08-06,UK & Ireland,Online,Electronics,Smart Speaker,2,49.99,0.0,99.98,34.99,69.98,30.0
2024-08-07,APAC,In-store,Apparel,Wool Socks 3-pack,5,14.99,0.0,74.95,6.0,30.0,44.95
2024-08-07,APAC,Online,Apparel,Wool Socks 3-pack,4,14.99,0.0,59.96,6.0,24.0,35.96
2024-08-07,EMEA,In-store,Apparel,Running Tee,15,24.99,0.0,374.85,11.25,168.75,206.1
2024-08-07,EMEA,Online,Beauty & Wellness,Collagen Powder,1,34.99,0.25,26.24,14.0,14.0,12.24
2024-08-07,LATAM,In-store,Media & Entertainment,Vinyl Record,4,27.99,0.0,111.96,16.79,67.16,44.8
2024-08-07,LATAM,Online,Apparel,Running Tee,1,24.99,0.0,24.99,11.25,11.25,13.74
2024-08-07,LATAM,Online,Beauty & Wellness,Collagen Powder,1,34.99,0.0,34.99,14.0,14.0,20.99
2024-08-07,LATAM,Online,Electronics,Smart Speaker,2,49.99,0.1,89.98,34.99,69.98,20.0
2024-08-07,North America,In-store,Media & Entertainment,Vinyl Record,3,27.99,0.15,71.37,16.79,50.37,21.0
2024-08-07,North America,Online,Electronics,Wireless Earbuds,4,79.99,0.0,319.96,51.99,207.96,112.0
2024-08-07,North America,Online,Media & Entertainment,Blu-ray Box Set,2,39.99,0.15,67.98,29.99,59.98,8.0
2024-08-07,UK & Ireland,In-store,Electronics,Smart Speaker,5,49.99,0.2,199.96,34.99,174.95,25.01
2024-08-07,UK & Ireland,In-store,Electronics,USB-C Charger,13,19.99,0.15,220.89,10.99,142.87,78.02
2024-08-07,UK & Ireland,Online,Apparel,Denim Jacket,1,69.99,0.0,69.99,34.99,34.99,35.0
2024-08-08,APAC,Online,Home & Kitchen,Cookware Set,2,129.99,0.0,259.98,84.49,168.98,91.0
2024-08-08,EMEA,In-store,Apparel,Denim Jacket,3,69.99,0.0,209.97,34.99,104.97,105.0
2024-08-08,EMEA,In-store,Beauty & Wellness,Vitamin C Serum,5,29.99,0.1,134.95,10.5,52.5,82.45
2024-08-08,EMEA,In-store,Electronics,Smart Speaker,5,49.99,0.0,249.95,34.99,174.95,75.0
2024-08-08,EMEA,In-store,Media & Entertainment,Blu-ray Box Set,5,39.99,0.0,199.95,29.99,149.95,50.0
2024-08-08,EMEA,Online,Media & Entertainment,Blu-ray Box Set,7,39.99,0.0,279.93,29.99,209.93,70.0
2024-08-08,LATAM,In-store,Electronics,USB-C Charger,9,19.99,0.1,161.92,10.99,98.91,63.01
2024-08-08,North America,In-store,Electronics,Smart Speaker,8,49.99,0.0,399.92,34.99,279.92,120.0
2024-08-08,North America,In-store,Media & Entertainment,Vinyl Record,7,27.99,0.0,195.93,16.79,117.53,78.4
2024-08-08,UK & Ireland,In-store,Electronics,USB-C Charger,10,19.99,0.25,149.92,10.99,109.9,40.02
2024-08-08,UK & Ireland,In-store,Home & Kitchen,Air Fryer,7,89.99,0.0,629.93,62.99,440.93,189.0
2024-08-09,EMEA,Online,Electronics,USB-C Charger,3,19.99,0.25,44.98,10.99,32.97,12.01
2024-08-09,EMEA,Online,Media & Entertainment,Board Game,2,34.99,0.0,69.98,19.24,38.48,31.5
2024-08-09,LATAM,In-store,Beauty & Wellness,Collagen Powder,1,34.99,0.0,34.99,14.0,14.0,20.99
2024-08-09,LATAM,In-store,Beauty & Wellness,Vitamin C Serum,4,29.99,0.0,119.96,10.5,42.0,77.96
2024-08-09,LATAM,Online,Beauty & Wellness,Vitamin C Serum,2,29.99,0.0,59.98,10.5,21.0,38.98
2024-08-09,North America,In-store,Home & Kitchen,Air Fryer,7,89.99,0.2,503.94,62.99,440.93,63.01
2024-08-09,North America,Online,Beauty & Wellness,Collagen Powder,2,34.99,0.0,69.98,14.0,28.0,41.98
2024-08-09,North America,Online,Electronics,Wireless Earbuds,1,79.99,0.0,79.99,51.99,51.99,28.0
2024-08-09,UK & Ireland,In-store,Media & Entertainment,Vinyl Record,6,27.99,0.2,134.35,16.79,100.74,33.61
2024-08-09,UK & Ireland,Online,Media & Entertainment,Board Game,7,34.99,0.0,244.93,19.24,134.68,110.25
2024-08-10,APAC,In-store,Electronics,Smart Speaker,3,49.99,0.0,149.97,34.99,104.97,45.0
2024-08-10,APAC,In-store,Home & Kitchen,Cookware Set,1,129.99,0.25,97.49,84.49,84.49,13.0
2024-08-10,APAC,Online,Beauty & Wellness,Electric Toothbrush,1,59.99,0.0,59.99,32.99,32.99,27.0
2024-08-10,APAC,Online,Media & Entertainment,Blu-ray Box Set,3,39.99,0.0,119.97,29.99,89.97,30.0
2024-08-10,EMEA,Online,Apparel,Running Tee,7,24.99,0.1,157.44,11.25,78.75,78.69
2024-08-10,EMEA,Online,Electronics,Smart Speaker,5,49.99,0.0,249.95,34.99,174.95,75.0
2024-08-10,EMEA,Online,Home & Kitchen,Air Fryer,4,89.99,0.2,287.97,62.99,251.96,36.01
2024-08-10,LATAM,In-store,Apparel,Running Tee,10,24.99,0.1,224.91,11.25,112.5,112.41
2024-08-10,North America,In-store,Home & Kitchen,Air Fryer,12,89.99,0.0,1079.88,62.99,755.88,324.0
2024-08-10,North America,In-store,Home & Kitchen,Cookware Set,2,129.99,0.1,233.98,84.49,168.98,65.0
2024-08-10,North America,Online,Apparel,Denim Jacket,2,69.99,0.15,118.98,34.99,69.98,49.0
2024-08-10,North America,Online,Apparel,Wool Socks 3-pack,5,14.99,0.1,67.45,6.0,30.0,37.45
2024-08-10,North America,Online,Media & Entertainment,Vinyl Record,4,27.99,0.0,111.96,16.79,67.16,44.8
2024-08-10,UK & Ireland,In-store,Electronics,Wireless Earbuds,11,79.99,0.0,879.89,51.99,571.89,308.0
2024-08-11,APAC,In-store,Home & Kitchen,Air Fryer,10,89.99,0.0,899.9,62.99,629.9,270.0
2024-08-11,APAC,Online,Beauty & Wellness,Electric Toothbrush,1,59.99,0.0,59.99,32.99,32.99,27.0
2024-08-11,APAC,Online,Electronics,USB-C Charger,8,19.99,0.0,159.92,10.99,87.92,72.0
2024-08-11,EMEA,Online,Apparel,Wool Socks 3-pack,1,14.99,0.0,14.99,6.0,6.0,8.99
2024-08-11,EMEA,Online,Electronics,Smart Speaker,3,49.99,0.0,149.97,34.99,104.97,45.0
2024-08-11,EMEA,Online,Electronics,Wireless Earbuds,5,79.99,0.1,359.95,51.99,259.95,100.0
2024-08-11,LATAM,In-store,Home & Kitchen,Coffee Grinder,4,39.99,0.1,143.96,23.99,95.96,48.0
2024-08-11,LATAM,In-store,Media & Entertainment,Blu-ray Box Set,3,39.99,0.0,119.97,29.99,89.97,30.0
2024-08-11,LATAM,Online,Beauty & Wellness,Electric Toothbrush,2,59.99,0.0,119.98,32.99,65.98,54.0
2024-08-11,LATAM,Online,Home & Kitchen,Air Fryer,1,89.99,0.0,89.99,62.99,62.99,27.0
2024-08-11,LATAM,Online,Home & Kitchen,Cookware Set,2,129.99,0.0,259.98,84.49,168.98,91.0
2024-08-11,North America,In-store,Beauty & Wellness,Electric Toothbrush,3,59.99,0.0,179.97,32.99,98.97,81.0
2024-08-11,North America,In-store,Media & Entertainment,Board Game,5,34.99,0.0,174.95,19.24,96.2,78.75
2024-08-11,North America,Online,Beauty & Wellness,Vitamin C Serum,3,29.99,0.15,76.47,10.5,31.5,44.97
2024-08-11,North America,Online,Electronics,Wireless Earbuds,1,79.99,0.1,71.99,51.99,51.99,20.0
2024-08-11,UK & Ireland,Online,Home & Kitchen,Cookware Set,4,129.99,0.2,415.97,84.49,337.96,78.01
2024-08-11,UK & Ireland,Online,Media & Entertainment,Vinyl Record,1,27.99,0.25,20.99,16.79,16.79,4.2
2024-08-12,APAC,Online,Home & Kitchen,Air Fryer,2,89.99,0.0,179.98,62.99,125.98,54.0
2024-08-12,LATAM,In-store,Apparel,Running Tee,4,24.99,0.25,74.97,11.25,45.0,29.97
2024-08-12,LATAM,In-store,Media & Entertainment,Blu-ray Box Set,2,39.99,0.0,79.98,29.99,59.98,20.0
2024-08-12,North America,Online,Electronics,USB-C Charger,2,19.99,0.15,33.98,10.99,21.98,12.0
2024-08-12,North America,Online,Electronics,Wireless Earbuds,2,79.99,0.2,127.98,51.99,103.98,24.0
2024-08-12,North America,Online,Home & Kitchen,Cookware Set,2,129.99,0.0,259.98,84.49,168.98,91.0
2024-08-12,UK & Ireland,In-store,Home & Kitchen,Coffee Grinder,5,39.99,0.0,199.95,23.99,119.95,80.0
2024-08-12,UK & Ireland,Online,Beauty & Wellness,Collagen Powder,3,34.99,0.0,104.97,14.0,42.0,62.97
2024-08-13,APAC,In-store,Apparel,Denim Jacket,6,69.99,0.0,419.94,34.99,209.94,210.0
2024-08-13,APAC,In-store,Electronics,USB-C Charger,7,19.99,0.0,139.93,10.99,76.93,63.0
2024-08-13,APAC,In-store,Home & Kitchen,Coffee Grinder,5,39.99,0.2,159.96,23.99,119.95,40.01
2024-08-13,APAC,In-store,Media & Entertainment,Board Game,3,34.99,0.0,104.97,19.24,57.72,47.25
2024-08-13,APAC,Online,Beauty & Wellness,Collagen Powder,3,34.99,0.15,89.22,14.0,42.0,47.22
2024-08-13,EMEA,Online,Electronics,USB-C Charger,4,19.99,0.0,79.96,10.99,43.96,36.0
2024-08-13,EMEA,Online,Home & Kitchen,Cookware Set,5,129.99,0.0,649.95,84.49,422.45,227.5
2024-08-13,LATAM,In-store,Home & Kitchen,Coffee Grinder,2,39.99,0.0,79.98,23.99,47.98,32.0
2024-08-13,LATAM,In-store,Media & Entertainment,Board Game,8,34.99,0.0,279.92,19.24,153.92,126.0
2024-08-13,LATAM,In-store,Media & Entertainment,Vinyl Record,4,27.99,0.0,111.96,16.79,67.16,44.8
2024-08-13,LATAM,Online,Beauty & Wellness,Collagen Powder,4,34.99,0.2,111.97,14.0,56.0,55.97
2024-08-13,North America,Online,Media & Entertainment,Board Game,4,34.99,0.2,111.97,19.24,76.96,35.01
2024-08-13,UK & Ireland,In-store,Media & Entertainment,Vinyl Record,5,27.99,0.0,139.95,16.79,83.95,56.0
2024-08-13,UK & Ireland,Online,Media & Entertainment,Board Game,6,34.99,0.0,209.94,19.24,115.44,94.5
2024-08-14,APAC,In-store,Beauty & Wellness,Electric Toothbrush,3,59.99,0.2,143.98,32.99,98.97,45.01
2024-08-14,APAC,In-store,Media & Entertainment,Vinyl Record,8,27.99,0.0,223.92,16.79,134.32,89.6
2024-08-14,APAC,Online,Home & Kitchen,Coffee Grinder,3,39.99,0.0,119.97,23.99,71.97,48.0
2024-08-14,EMEA,In-store,Beauty & Wellness,Collagen Powder,3,34.99,0.15,89.22,14.0,42.0,47.22
2024-08-14,EMEA,Online,Electronics,Smart Speaker,1,49.99,0.0,49.99,34.99,34.99,15.0
2024-08-14,EMEA,Online,Media & Entertainment,Blu-ray Box Set,5,39.99,0.0,199.95,29.99,149.95,50.0
2024-08-14,EMEA,Online,Media & Entertainment,Vinyl Record,5,27.99,0.15,118.96,16.79,83.95,35.01
2024-08-14,LATAM,In-store,Home & Kitchen,Air Fryer,7,89.99,0.0,629.93,62.99,440.93,189.0
2024-08-14,LATAM,In-store,Media & Entertainment,Blu-ray Box Set,5,39.99,0.0,199.95,29.99,149.95,50.0
2024-08-14,LATAM,Online,Electronics,USB-C Charger,3,19.99,0.1,53.97,10.99,32.97,21.0
2024-08-14,LATAM,Online,Media & Entertainment,Blu-ray Box Set,1,39.99,0.15,33.99,29.99,29.99,4.0
2024-08-14,North America,In-store,Beauty & Wellness,Vitamin C Serum,1,29.99,0.0,29.99,10.5,10.5,19.49
2024-08-14,North America,In-store,Home & Kitchen,Cookware Set,3,129.99,0.2,311.98,84.49,253.47,58.51
2024-08-14,UK & Ireland,In-store,Electronics,USB-C Charger,11,19.99,0.15,186.91,10.99,120.89,66.02
2024-08-14,UK & Ireland,Online,Apparel,Denim Jacket,1,69.99,0.0,69.99,34.99,34.99,35.0
2024-08-14,UK & Ireland,Online,Apparel,Running Tee,2,24.99,0.0,49.98,11.25,22.5,27.48
2024-08-14,UK & Ireland,Online,Beauty & Wellness,Electric Toothbrush,1,59.99,0.2,47.99,32.99,32.99,15.0
2024-08-15,APAC,Online,Beauty & Wellness,Electric Toothbrush,2,59.99,0.0,119.98,32.99,65.98,54.0
2024-08-15,EMEA,In-store,Home & Kitchen,Air Fryer,6,89.99,0.25,404.95,62.99,377.94,27.01
2024-08-15,EMEA,In-store,Media & Entertainment,Board Game,11,34.99,0.0,384.89,19.24,211.64,173.25
2024-08-15,EMEA,Online,Apparel,Running Tee,5,24.99,0.1,112.45,11.25,56.25,56.2
2024-08-15,EMEA,Online,Beauty & Wellness,Collagen Powder,2,34.99,0.0,69.98,14.0,28.0,41.98
2024-08-15,LATAM,In-store,Beauty & Wellness,Collagen Powder,2,34.99,0.0,69.98,14.0,28.0,41.98
2024-08-15,LATAM,In-store,Electronics,Smart Speaker,6,49.99,0.0,299.94,34.99,209.94,90.0
2024-08-15,North America,In-store,Apparel,Running Tee,13,24.99,0.15,276.14,11.25,146.25,129.89
2024-08-15,North America,In-store,Home & Kitchen,Air Fryer,12,89.99,0.0,1079.88,62.99,755.88,324.0
2024-08-15,North America,Online,Media & Entertainment,Vinyl Record,2,27.99,0.0,55.98,16.79,33.58,22.4
2024-08-15,UK & Ireland,In-store,Electronics,Wireless Earbuds,8,79.99,0.0,639.92,51.99,415.92,224.0
2024-08-15,UK & Ireland,In-store,Home & Kitchen,Air Fryer,1,89.99,0.2,71.99,62.99,62.99,9.0
2024-08-15,UK & Ireland,In-store,Media & Entertainment,Board Game,4,34.99,0.15,118.97,19.24,76.96,42.01
2024-08-16,APAC,In-store,Media & Entertainment,Blu-ray Box Set,7,39.99,0.0,279.93,29.99,209.93,70.0
2024-08-16,EMEA,Online,Home & Kitchen,Air Fryer,2,89.99,0.0,179.98,62.99,125.98,54.0
2024-08-16,LATAM,In-store,Apparel,Denim Jacket,4,69.99,0.0,279.96,34.99,139.96,140.0
2024-08-16,LATAM,In-store,Beauty & Wellness,Collagen Powder,3,34.99,0.1,94.47,14.0,42.0,52.47
2024-08-16,LATAM,In-store,Home & Kitchen,Air Fryer,7,89.99,0.25,472.45,62.99,440.93,31.52
2024-08-16,LATAM,Online,Home & Kitchen,Coffee Grinder,3,39.99,0.25,89.98,23.99,71.97,18.01
2024-08-16,LATAM,Online,Media & Entertainment,Vinyl Record,3,27.99,0.0,83.97,16.79,50.37,33.6
2024-08-16,North America,In-store,Beauty & Wellness,Vitamin C Serum,9,29.99,0.15,229.42,10.5,94.5,134.92
2024-08-16,North America,In-store,Home & Kitchen,Air Fryer,8,89.99,0.0,719.92,62.99,503.92,216.0
2024-08-16,North America,In-store,Media & Entertainment,Board Game,10,34.99,0.0,349.9,19.24,192.4,157.5
2024-08-16,UK & Ireland,In-store,Apparel,Denim Jacket,7,69.99,0.0,489.93,34.99,244.93,245.0
2024-08-16,UK & Ireland,Online,Apparel,Wool Socks 3-pack,4,14.99,0.0,59.96,6.0,24.0,35.96
2024-08-16,UK & Ireland,Online,Home & Kitchen,Coffee Grinder,1,39.99,0.15,33.99,23.99,23.99,10.0
2024-08-17,APAC,In-store,Electronics,Smart Speaker,9,49.99,0.0,449.91,34.99,314.91,135.0
2024-08-17,APAC,In-store,Electronics,USB-C Charger,15,19.99,0.0,299.85,10.99,164.85,135.0
2024-08-17,APAC,In-store,Electronics,Wireless Earbuds,12,79.99,0.0,959.88,51.99,623.88,336.0
2024-08-17,APAC,In-store,Media & Entertainment,Blu-ray Box Set,10,39.99,0.0,399.9,29.99,299.9,100.0
2024-08-17,APAC,In-store,Media & Entertainment,Board Game,10,34.99,0.2,279.92,19.24,192.4,87.52
2024-08-17,APAC,In-store,Media & Entertainment,Vinyl Record,17,27.99,0.0,475.83,16.79,285.43,190.4
2024-08-17,EMEA,In-store,Beauty & Wellness,Collagen Powder,5,34.99,0.0,174.95,14.0,70.0,104.95
2024-08-17,EMEA,In-store,Media & Entertainment,Vinyl Record,9,27.99,0.0,251.91,16.79,151.11,100.8
2024-08-17,EMEA,Online,Home & Kitchen,Cookware Set,2,129.99,0.25,194.99,84.49,168.98,26.01
2024-08-17,LATAM,In-store,Beauty & Wellness,Electric Toothbrush,3,59.99,0.0,179.97,32.99,98.97,81.0
2024-08-17,LATAM,Online,Home & Kitchen,Coffee Grinder,1,39.99,0.1,35.99,23.99,23.99,12.0
2024-08-17,North America,Online,Electronics,Wireless Earbuds,2,79.99,0.25,119.98,51.99,103.98,16.0
2024-08-17,UK & Ireland,In-store,Electronics,USB-C Charger,18,19.99,0.2,287.86,10.99,197.82,90.04
2024-08-17,UK & Ireland,In-store,Media & Entertainment,Blu-ray Box Set,7,39.99,0.1,251.94,29.99,209.93,42.01
2024-08-17,UK & Ireland,Online,Media & Entertainment,Board Game,5,34.99,0.0,174.95,19.24,96.2,78.75
2024-08-18,APAC,In-store,Beauty & Wellness,Collagen Powder,6,34.99,0.0,209.94,14.0,84.0,125.94
2024-08-18,APAC,In-store,Beauty & Wellness,Vitamin C Serum,6,29.99,0.25,134.95,10.5,63.0,71.95
2024-08-18,APAC,In-store,Electronics,Smart Speaker,7,49.99,0.0,349.93,34.99,244.93,105.0
2024-08-18,APAC,Online,Beauty & Wellness,Collagen Powder,1,34.99,0.0,34.99,14.0,14.0,20.99
2024-08-18,EMEA,In-store,Electronics,Wireless Earbuds,11,79.99,0.0,879.89,51.99,571.89,308.0
2024-08-18,EMEA,Online,Beauty & Wellness,Electric Toothbrush,2,59.99,0.0,119.98,32.99,65.98,54.0
2024-08-18,EMEA,Online,Beauty & Wellness,Vitamin C Serum,5,29.99,0.0,149.95,10.5,52.5,97.45
2024-08-18,LATAM,Online,Apparel,Running Tee,3,24.99,0.0,74.97,11.25,33.75,41.22
2024-08-18,North America,In-store,Beauty & Wellness,Collagen Powder,3,34.99,0.0,104.97,14.0,42.0,62.97
2024-08-18,North America,In-store,Home & Kitchen,Coffee Grinder,7,39.99,0.0,279.93,23.99,167.93,112.0
2024-08-18,North America,In-store,Media & Entertainment,Vinyl Record,13,27.99,0.25,272.9,16.79,218.27,54.63
2024-08-18,North America,Online,Home & Kitchen,Cookware Set,2,129.99,0.0,259.98,84.49,168.98,91.0
2024-08-18,UK & Ireland,In-store,Apparel,Running Tee,7,24.99,0.0,174.93,11.25,78.75,96.18
2024-08-19,APAC,In-store,Media & Entertainment,Vinyl Record,8,27.99,0.0,223.92,16.79,134.32,89.6
2024-08-19,APAC,Online,Apparel,Denim Jacket,1,69.99,0.0,69.99,34.99,34.99,35.0
2024-08-19,APAC,Online,Electronics,USB-C Charger,3,19.99,0.1,53.97,10.99,32.97,21.0
2024-08-19,APAC,Online,Media & Entertainment,Board Game,1,34.99,0.15,29.74,19.24,19.24,10.5
2024-08-19,EMEA,In-store,Electronics,USB-C Charger,10,19.99,0.2,159.92,10.99,109.9,50.02
2024-08-19,EMEA,In-store,Home & Kitchen,Cookware Set,1,129.99,0.15,110.49,84.49,84.49,26.0
2024-08-19,North America,In-store,Electronics,Smart Speaker,4,49.99,0.0,199.96,34.99,139.96,60.0
2024-08-19,North America,In-store,Electronics,Wireless Earbuds,5,79.99,0.25,299.96,51.99,259.95,40.01
2024-08-19,North America,In-store,Media & Entertainment,Board Game,18,34.99,0.15,535.35,19.24,346.32,189.03
2024-08-19,North America,Online,Apparel,Denim Jacket,3,69.99,0.0,209.97,34.99,104.97,105.0
2024-08-19,North America,Online,Electronics,Wireless Earbuds,11,79.99,0.0,879.89,51.99,571.89,308.0
2024-08-19,North America,Online,Media & Entertainment,Blu-ray Box Set,3,39.99,0.0,119.97,29.99,89.97,30.0
2024-08-20,APAC,In-store,Beauty & Wellness,Vitamin C Serum,7,29.99,0.0,209.93,10.5,73.5,136.43
2024-08-20,APAC,In-store,Electronics,USB-C Charger,11,19.99,0.0,219.89,10.99,120.89,99.0
2024-08-20,EMEA,In-store,Electronics,Smart Speaker,2,49.99,0.0,99.98,34.99,69.98,30.0
2024-08-20,LATAM,Online,Beauty & Wellness,Electric Toothbrush,1,59.99,0.0,59.99,32.99,32.99,27.0
2024-08-20,North America,In-store,Apparel,Denim Jacket,10,69.99,0.25,524.92,34.99,349.9,175.02
2024-08-20,North America,In-store,Beauty & Wellness,Collagen Powder,3,34.99,0.15,89.22,14.0,42.0,47.22
2024-08-20,North America,In-store,Beauty & Wellness,Electric Toothbrush,3,59.99,0.2,143.98,32.99,98.97,45.01
2024-08-20,North America,Online,Electronics,Wireless Earbuds,7,79.99,0.2,447.94,51.99,363.93,84.01
2024-08-20,North America,Online,Media & Entertainment,Vinyl Record,3,27.99,0.2,67.18,16.79,50.37,16.81
2024-08-20,UK & Ireland,In-store,Apparel,Running Tee,3,24.99,0.2,59.98,11.25,33.75,26.23
2024-08-20,UK & Ireland,In-store,Electronics,USB-C Charger,11,19.99,0.0,219.89,10.99,120.89,99.0
2024-08-20,UK & Ireland,In-store,Electronics,Wireless Earbuds,4,79.99,0.25,239.97,51.99,207.96,32.01
2024-08-20,UK & Ireland,In-store,Home & Kitchen,Air Fryer,2,89.99,0.25,134.98,62.99,125.98,9.0
2024-08-20,UK & Ireland,In-store,Media & Entertainment,Blu-ray Box Set,10,39.99,0.2,319.92,29.99,299.9,20.02
2024-08-20,UK & Ireland,Online,Beauty & Wellness,Vitamin C Serum,6,29.99,0.0,179.94,10.5,63.0,116.94
2024-08-21,APAC,In-store,Media & Entertainment,Board Game,5,34.99,0.0,174.95,19.24,96.2,78.75
2024-08-21,APAC,Online,Home & Kitchen,Cookware Set,1,129.99,0.1,116.99,84.49,84.49,32.5
2024-08-21,APAC,Online,Media & Entertainment,Blu-ray Box Set,2,39.99,0.0,79.98,29.99,59.98,20.0
2024-08-21,EMEA,In-store,Electronics,USB-C Charger,12,19.99,0.0,239.88,10.99,131.88,108.0
2024-08-21,EMEA,In-store,Electronics,Wireless Earbuds,5,79.99,0.25,299.96,51.99,259.95,40.01
2024-08-21,EMEA,Online,Apparel,Running Tee,7,24.99,0.0,174.93,11.25,78.75,96.18
2024-08-21,EMEA,Online,Electronics,USB-C Charger,2,19.99,0.0,39.98,10.99,21.98,18.0
2024-08-21,EMEA,Online,Media & Entertainment,Board Game,2,34.99,0.0,69.98,19.24,38.48,31.5
2024-08-21,LATAM,Online,Home & Kitchen,Cookware Set,3,129.99,0.25,292.48,84.49,253.47,39.01
2024-08-21,North America,In-store,Home & Kitchen,Coffee Grinder,4,39.99,0.1,143.96,23.99,95.96,48.0
2024-08-21,North America,In-store,Media & Entertainment,Board Game,10,34.99,0.0,349.9,19.24,192.4,157.5
2024-08-21,North America,Online,Apparel,Denim Jacket,1,69.99,0.15,59.49,34.99,34.99,24.5
2024-08-21,North America,Online,Electronics,Wireless Earbuds,6,79.99,0.0,479.94,51.99,311.94,168.0
2024-08-21,North America,Online,Media & Entertainment,Vinyl Record,1,27.99,0.0,27.99,16.79,16.79,11.2
2024-08-21,UK & Ireland,In-store,Beauty & Wellness,Collagen Powder,2,34.99,0.0,69.98,14.0,28.0,41.98
2024-08-21,UK & Ireland,In-store,Electronics,Smart Speaker,3,49.99,0.0,149.97,34.99,104.97,45.0
2024-08-21,UK & Ireland,In-store,Media & Entertainment,Vinyl Record,4,27.99,0.15,95.17,16.79,67.16,28.01
2024-08-21,UK & Ireland,Online,Electronics,Wireless Earbuds,2,79.99,0.0,159.98,51.99,103.98,56.0
2024-08-21,UK & Ireland,Online,Media & Entertainment,Board Game,2,34.99,0.1,62.98,19.24,38.48,24.5
2024-08-22,APAC,In-store,Apparel,Wool Socks 3-pack,7,14.99,0.2,83.94,6.0,42.0,41.94
2024-08-22,EMEA,In-store,Apparel,Denim Jacket,7,69.99,0.0,489.93,34.99,244.93,245.0
2024-08-22,EMEA,Online,Home & Kitchen,Coffee Grinder,7,39.99,0.0,279.93,23.99,167.93,112.0
2024-08-22,LATAM,In-store,Media & Entertainment,Blu-ray Box Set,9,39.99,0.0,359.91,29.99,269.91,90.0
2024-08-22,LATAM,Online,Media & Entertainment,Blu-ray Box Set,2,39.99,0.2,63.98,29.99,59.98,4.0
2024-08-22,North America,Online,Electronics,Wireless Earbuds,11,79.99,0.0,879.89,51.99,571.89,308.0
2024-08-22,North America,Online,Media & Entertainment,Blu-ray Box Set,3,39.99,0.0,119.97,29.99,89.97,30.0
2024-08-22,UK & Ireland,In-store,Home & Kitchen,Cookware Set,4,129.99,0.0,519.96,84.49,337.96,182.0
2024-08-22,UK & Ireland,Online,Electronics,USB-C Charger,6,19.99,0.25,89.95,10.99,65.94,24.01
2024-08-22,UK & Ireland,Online,Electronics,Wireless Earbuds,2,79.99,0.0,159.98,51.99,103.98,56.0
2024-08-23,APAC,In-store,Electronics,USB-C Charger,13,19.99,0.2,207.9,10.99,142.87,65.03
2024-08-23,APAC,In-store,Home & Kitchen,Air Fryer,10,89.99,0.0,899.9,62.99,629.9,270.0
2024-08-23,APAC,In-store,Home & Kitchen,Cookware Set,1,129.99,0.2,103.99,84.49,84.49,19.5
2024-08-23,APAC,Online,Electronics,Smart Speaker,1,49.99,0.0,49.99,34.99,34.99,15.0
2024-08-23,APAC,Online,Home & Kitchen,Cookware Set,2,129.99,0.1,233.98,84.49,168.98,65.0
2024-08-23,APAC,Online,Media & Entertainment,Vinyl Record,3,27.99,0.0,83.97,16.79,50.37,33.6
2024-08-23,EMEA,In-store,Electronics,USB-C Charger,20,19.99,0.0,399.8,10.99,219.8,180.0
2024-08-23,EMEA,In-store,Media & Entertainment,Vinyl Record,6,27.99,0.0,167.94,16.79,100.74,67.2
2024-08-23,EMEA,Online,Beauty & Wellness,Vitamin C Serum,1,29.99,0.0,29.99,10.5,10.5,19.49
2024-08-23,EMEA,Online,Home & Kitchen,Coffee Grinder,3,39.99,0.1,107.97,23.99,71.97,36.0
2024-08-23,EMEA,Online,Media & Entertainment,Blu-ray Box Set,5,39.99,0.0,199.95,29.99,149.95,50.0
2024-08-23,LATAM,In-store,Apparel,Running Tee,7,24.99,0.25,131.2,11.25,78.75,52.45
2024-08-23,LATAM,In-store,Electronics,Smart Speaker,2,49.99,0.15,84.98,34.99,69.98,15.0
2024-08-23,LATAM,In-store,Home & Kitchen,Cookware Set,2,129.99,0.0,259.98,84.49,168.98,91.0
2024-08-23,LATAM,In-store,Media & Entertainment,Board Game,13,34.99,0.0,454.87,19.24,250.12,204.75
2024-08-23,North America,In-store,Apparel,Denim Jacket,11,69.99,0.0,769.89,34.99,384.89,385.0
2024-08-23,North America,In-store,Beauty & Wellness,Vitamin C Serum,6,29.99,0.0,179.94,10.5,63.0,116.94
2024-08-23,North America,In-store,Home & Kitchen,Coffee Grinder,4,39.99,0.0,159.96,23.99,95.96,64.0
2024-08-23,North America,In-store,Media & Entertainment,Board Game,13,34.99,0.25,341.15,19.24,250.12,91.03
2024-08-23,North America,In-store,Media & Entertainment,Vinyl Record,11,27.99,0.0,307.89,16.79,184.69,123.2
2024-08-23,UK & Ireland,In-store,Electronics,Smart Speaker,7,49.99,0.0,349.93,34.99,244.93,105.0
2024-08-23,UK & Ireland,In-store,Electronics,USB-C Charger,9,19.99,0.0,179.91,10.99,98.91,81.0
2024-08-23,UK & Ireland,Online,Apparel,Wool Socks 3-pack,2,14.99,0.2,23.98,6.0,12.0,11.98
2024-08-24,APAC,In-store,Apparel,Denim Jacket,7,69.99,0.0,489.93,34.99,244.93,245.0
2024-08-24,APAC,Online,Apparel,Running Tee,3,24.99,0.0,74.97,11.25,33.75,41.22
2024-08-24,APAC,Online,Beauty & Wellness,Electric Toothbrush,1,59.99,0.25,44.99,32.99,32.99,12.0
2024-08-24,EMEA,In-store,Electronics,USB-C Charger,13,19.99,0.25,194.9,10.99,142.87,52.03
2024-08-24,EMEA,In-store,Home & Kitchen,Cookware Set,4,129.99,0.0,519.96,84.49,337.96,182.0
2024-08-24,EMEA,Online,Media & Entertainment,Board Game,6,34.99,0.0,209.94,19.24,115.44,94.5
2024-08-24,LATAM,In-store,Apparel,Wool Socks 3-pack,9,14.99,0.0,134.91,6.0,54.0,80.91
2024-08-24,LATAM,In-store,Beauty & Wellness,Collagen Powder,6,34.99,0.0,209.94,14.0,84.0,125.94
2024-08-24,LATAM,In-store,Home & Kitchen,Coffee Grinder,4,39.99,0.25,119.97,23.99,95.96,24.01
2024-08-24,LATAM,In-store,Media & Entertainment,Blu-ray Box Set,9,39.99,0.15,305.92,29.99,269.91,36.01
2024-08-24,LATAM,Online,Beauty & Wellness,Electric Toothbrush,3,59.99,0.0,179.97,32.99,98.97,81.0
2024-08-24,LATAM,Online,Electronics,USB-C Charger,5,19.99,0.25,74.96,10.99,54.95,20.01
2024-08-24,LATAM,Online,Home & Kitchen,Air Fryer,2,89.99,0.0,179.98,62.99,125.98,54.0
2024-08-24,LATAM,Online,Media & Entertainment,Blu-ray Box Set,2,39.99,0.0,79.98,29.99,59.98,20.0
2024-08-24,North America,In-store,Apparel,Running Tee,13,24.99,0.15,276.14,11.25,146.25,129.89
2024-08-24,North America,In-store,Beauty & Wellness,Vitamin C Serum,9,29.99,0.0,269.91,10.5,94.5,175.41
2024-08-24,North America,In-store,Electronics,Smart Speaker,17,49.99,0.0,849.83,34.99,594.83,255.0
2024-08-24,North America,In-store,Electronics,USB-C Charger,13,19.99,0.0,259.87,10.99,142.87,117.0
2024-08-24,North America,In-store,Home & Kitchen,Air Fryer,14,89.99,0.0,1259.86,62.99,881.86,378.0
2024-08-24,North America,In-store,Home & Kitchen,Coffee Grinder,7,39.99,0.15,237.94,23.99,167.93,70.01
2024-08-24,UK & Ireland,In-store,Beauty & Wellness,Vitamin C Serum,7,29.99,0.0,209.93,10.5,73.5,136.43
2024-08-24,UK & Ireland,In-store,Electronics,USB-C Charger,12,19.99,0.25,179.91,10.99,131.88,48.03
2024-08-24,UK & Ireland,In-store,Electronics,Wireless Earbuds,11,79.99,0.1,791.9,51.99,571.89,220.01
2024-08-25,APAC,In-store,Beauty & Wellness,Vitamin C Serum,2,29.99,0.0,59.98,10.5,21.0,38.98
2024-08-25,APAC,In-store,Electronics,USB-C Charger,8,19.99,0.0,159.92,10.99,87.92,72.0
2024-08-25,APAC,In-store,Electronics,Wireless Earbuds,11,79.99,0.25,659.92,51.99,571.89,88.03
2024-08-25,APAC,In-store,Home & Kitchen,Coffee Grinder,7,39.99,0.1,251.94,23.99,167.93,84.01
2024-08-25,APAC,In-store,Media & Entertainment,Board Game,8,34.99,0.0,279.92,19.24,153.92,126.0
2024-08-25,APAC,Online,Apparel,Wool Socks 3-pack,3,14.99,0.0,44.97,6.0,18.0,26.97
2024-08-25,APAC,Online,Media & Entertainment,Blu-ray Box Set,1,39.99,0.25,29.99,29.99,29.99,0.0
2024-08-25,EMEA,In-store,Electronics,Wireless Earbuds,12,79.99,0.0,959.88,51.99,623.88,336.0
2024-08-25,EMEA,Online,Apparel,Running Tee,3,24.99,0.0,74.97,11.25,33.75,41.22
2024-08-25,EMEA,Online,Beauty & Wellness,Electric Toothbrush,2,59.99,0.1,107.98,32.99,65.98,42.0
2024-08-25,EMEA,Online,Electronics,Smart Speaker,3,49.99,0.15,127.47,34.99,104.97,22.5
2024-08-25,LATAM,Online,Home & Kitchen,Air Fryer,2,89.99,0.15,152.98,62.99,125.98,27.0
2024-08-25,LATAM,Online,Media & Entertainment,Blu-ray Box Set,2,39.99,0.1,71.98,29.99,59.98,12.0
2024-08-25,LATAM,Online,Media & Entertainment,Vinyl Record,2,27.99,0.0,55.98,16.79,33.58,22.4
2024-08-25,North America,In-store,Apparel,Wool Socks 3-pack,9,14.99,0.15,114.67,6.0,54.0,60.67
2024-08-25,North America,In-store,Home & Kitchen,Coffee Grinder,2,39.99,0.0,79.98,23.99,47.98,32.0
2024-08-25,North America,In-store,Home & Kitchen,Cookware Set,3,129.99,0.1,350.97,84.49,253.47,97.5
2024-08-25,North America,Online,Media & Entertainment,Board Game,6,34.99,0.15,178.45,19.24,115.44,63.01
2024-08-25,UK & Ireland,In-store,Beauty & Wellness,Collagen Powder,7,34.99,0.0,244.93,14.0,98.0,146.93
2024-08-25,UK & Ireland,Online,Apparel,Wool Socks 3-pack,4,14.99,0.15,50.97,6.0,24.0,26.97
2024-08-25,UK & Ireland,Online,Beauty & Wellness,Collagen Powder,1,34.99,0.0,34.99,14.0,14.0,20.99
2024-08-26,APAC,In-store,Apparel,Running Tee,15,24.99,0.25,281.14,11.25,168.75,112.39
2024-08-26,APAC,In-store,Media & Entertainment,Board Game,10,34.99,0.0,349.9,19.24,192.4,157.5
2024-08-26,APAC,Online,Beauty & Wellness,Collagen Powder,2,34.99,0.0,69.98,14.0,28.0,41.98
2024-08-26,APAC,Online,Home & Kitchen,Coffee Grinder,1,39.99,0.0,39.99,23.99,23.99,16.0
2024-08-26,LATAM,In-store,Electronics,Wireless Earbuds,5,79.99,0.0,399.95,51.99,259.95,140.0
2024-08-26,LATAM,Online,Media & Entertainment,Vinyl Record,2,27.99,0.0,55.98,16.79,33.58,22.4
2024-08-26,North America,In-store,Apparel,Running Tee,11,24.99,0.15,233.66,11.25,123.75,109.91
2024-08-26,North America,In-store,Media & Entertainment,Blu-ray Box Set,7,39.99,0.0,279.93,29.99,209.93,70.0
2024-08-26,North America,In-store,Media & Entertainment,Board Game,6,34.99,0.25,157.45,19.24,115.44,42.01
2024-08-26,North America,Online,Electronics,Smart Speaker,4,49.99,0.15,169.97,34.99,139.96,30.01
2024-08-26,North America,Online,Electronics,Wireless Earbuds,1,79.99,0.0,79.99,51.99,51.99,28.0
2024-08-26,UK & Ireland,Online,Apparel,Denim Jacket,1,69.99,0.1,62.99,34.99,34.99,28.0
2024-08-26,UK & Ireland,Online,Electronics,USB-C Charger,4,19.99,0.0,79.96,10.99,43.96,36.0
2024-08-27,APAC,In-store,Beauty & Wellness,Collagen Powder,1,34.99,0.0,34.99,14.0,14.0,20.99
2024-08-27,EMEA,In-store,Home & Kitchen,Cookware Set,5,129.99,0.0,649.95,84.49,422.45,227.5
2024-08-27,EMEA,Online,Home & Kitchen,Cookware Set,1,129.99,0.0,129.99,84.49,84.49,45.5
2024-08-27,LATAM,In-store,Apparel,Denim Jacket,7,69.99,0.1,440.94,34.99,244.93,196.01
2024-08-27,LATAM,In-store,Electronics,Wireless Earbuds,6,79.99,0.0,479.94,51.99,311.94,168.0
2024-08-27,North America,In-store,Apparel,Running Tee,11,24.99,0.0,274.89,11.25,123.75,151.14
2024-08-27,North America,In-store,Apparel,Wool Socks 3-pack,2,14.99,0.0,29.98,6.0,12.0,17.98
2024-08-27,North America,Online,Home & Kitchen,Coffee Grinder,4,39.99,0.0,159.96,23.99,95.96,64.0
2024-08-27,UK & Ireland,In-store,Beauty & Wellness,Collagen Powder,2,34.99,0.0,69.98,14.0,28.0,41.98
2024-08-27,UK & Ireland,Online,Beauty & Wellness,Vitamin C Serum,3,29.99,0.0,89.97,10.5,31.5,58.47
2024-08-27,UK & Ireland,Online,Home & Kitchen,Coffee Grinder,2,39.99,0.25,59.98,23.99,47.98,12.0
2024-08-28,APAC,In-store,Apparel,Wool Socks 3-pack,4,14.99,0.0,59.96,6.0,24.0,35.96
2024-08-28,APAC,In-store,Beauty & Wellness,Vitamin C Serum,4,29.99,0.15,101.97,10.5,42.0,59.97
2024-08-28,APAC,In-store,Home & Kitchen,Air Fryer,16,89.99,0.1,1295.86,62.99,1007.84,288.02
2024-08-28,APAC,In-store,Home & Kitchen,Cookware Set,4,129.99,0.0,519.96,84.49,337.96,182.0
2024-08-28,APAC,In-store,Media & Entertainment,Blu-ray Box Set,7,39.99,0.0,279.93,29.99,209.93,70.0
2024-08-28,APAC,Online,Apparel,Wool Socks 3-pack,3,14.99,0.0,44.97,6.0,18.0,26.97
2024-08-28,APAC,Online,Home & Kitchen,Cookware Set,1,129.99,0.0,129.99,84.49,84.49,45.5
2024-08-28,EMEA,In-store,Media & Entertainment,Vinyl Record,5,27.99,0.0,139.95,16.79,83.95,56.0
2024-08-28,EMEA,Online,Apparel,Denim Jacket,2,69.99,0.25,104.98,34.99,69.98,35.0
2024-08-28,EMEA,Online,Home & Kitchen,Cookware Set,2,129.99,0.0,259.98,84.49,168.98,91.0
2024-08-28,LATAM,In-store,Apparel,Running Tee,5,24.99,0.1,112.45,11.25,56.25,56.2
2024-08-28,LATAM,In-store,Beauty & Wellness,Electric Toothbrush,4,59.99,0.0,239.96,32.99,131.96,108.0
2024-08-28,LATAM,Online,Apparel,Denim Jacket,4,69.99,0.0,279.96,34.99,139.96,140.0
2024-08-28,LATAM,Online,Apparel,Running Tee,2,24.99,0.1,44.98,11.25,22.5,22.48
2024-08-28,LATAM,Online,Electronics,Wireless Earbuds,1,79.99,0.0,79.99,51.99,51.99,28.0
2024-08-28,North America,In-store,Electronics,Wireless Earbuds,5,79.99,0.0,399.95,51.99,259.95,140.0
2024-08-28,North America,Online,Media & Entertainment,Blu-ray Box Set,2,39.99,0.0,79.98,29.99,59.98,20.0
2024-08-28,UK & Ireland,In-store,Apparel,Running Tee,13,24.99,0.0,324.87,11.25,146.25,178.62
2024-08-28,UK & Ireland,Online,Beauty & Wellness,Electric Toothbrush,5,59.99,0.0,299.95,32.99,164.95,135.0
2024-08-29,APAC,In-store,Beauty & Wellness,Electric Toothbrush,7,59.99,0.0,419.93,32.99,230.93,189.0
2024-08-29,APAC,In-store,Electronics,Wireless Earbuds,5,79.99,0.0,399.95,51.99,259.95,140.0
2024-08-29,APAC,Online,Apparel,Denim Jacket,2,69.99,0.0,139.98,34.99,69.98,70.0
2024-08-29,EMEA,In-store,Electronics,Smart Speaker,10,49.99,0.15,424.92,34.99,349.9,75.02
2024-08-29,EMEA,In-store,Electronics,USB-C Charger,6,19.99,0.2,95.95,10.99,65.94,30.01
2024-08-29,EMEA,Online,Beauty & Wellness,Vitamin C Serum,3,29.99,0.2,71.98,10.5,31.5,40.48
2024-08-29,LATAM,In-store,Beauty & Wellness,Collagen Powder,2,34.99,0.0,69.98,14.0,28.0,41.98
2024-08-29,LATAM,Online,Beauty & Wellness,Collagen Powder,2,34.99,0.0,69.98,14.0,28.0,41.98
2024-08-29,North America,In-store,Electronics,USB-C Charger,10,19.99,0.2,159.92,10.99,109.9,50.02
2024-08-29,North America,In-store,Media & Entertainment,Board Game,7,34.99,0.2,195.94,19.24,134.68,61.26
2024-08-29,UK & Ireland,In-store,Beauty & Wellness,Electric Toothbrush,2,59.99,0.0,119.98,32.99,65.98,54.0
2024-08-29,UK & Ireland,In-store,Beauty & Wellness,Vitamin C Serum,4,29.99,0.0,119.96,10.5,42.0,77.96
2024-08-29,UK & Ireland,In-store,Electronics,Smart Speaker,4,49.99,0.0,199.96,34.99,139.96,60.0
2024-08-29,UK & Ireland,In-store,Home & Kitchen,Coffee Grinder,7,39.99,0.0,279.93,23.99,167.93,112.0
2024-08-29,UK & Ireland,In-store,Media & Entertainment,Blu-ray Box Set,9,39.99,0.0,359.91,29.99,269.91,90.0
2024-08-29,UK & Ireland,Online,Apparel,Running Tee,1,24.99,0.2,19.99,11.25,11.25,8.74
2024-08-29,UK & Ireland,Online,Electronics,Smart Speaker,2,49.99,0.0,99.98,34.99,69.98,30.0
2024-08-29,UK & Ireland,Online,Home & Kitchen,Cookware Set,2,129.99,0.0,259.98,84.49,168.98,91.0
2024-08-29,UK & Ireland,Online,Media & Entertainment,Blu-ray Box Set,2,39.99,0.0,79.98,29.99,59.98,20.0
2024-08-30,APAC,In-store,Beauty & Wellness,Vitamin C Serum,8,29.99,0.0,239.92,10.5,84.0,155.92
2024-08-30,APAC,Online,Home & Kitchen,Air Fryer,4,89.99,0.15,305.97,62.99,251.96,54.01
2024-08-30,EMEA,In-store,Media & Entertainment,Vinyl Record,3,27.99,0.0,83.97,16.79,50.37,33.6
2024-08-30,EMEA,Online,Apparel,Wool Socks 3-pack,7,14.99,0.0,104.93,6.0,42.0,62.93
2024-08-30,EMEA,Online,Beauty & Wellness,Vitamin C Serum,2,29.99,0.0,59.98,10.5,21.0,38.98
2024-08-30,EMEA,Online,Electronics,Smart Speaker,4,49.99,0.25,149.97,34.99,139.96,10.01
2024-08-30,EMEA,Online,Media & Entertainment,Blu-ray Box Set,1,39.99,0.15,33.99,29.99,29.99,4.0
2024-08-30,LATAM,Online,Apparel,Running Tee,1,24.99,0.1,22.49,11.25,11.25,11.24
2024-08-30,North America,Online,Electronics,USB-C Charger,9,19.99,0.2,143.93,10.99,98.91,45.02
2024-08-30,UK & Ireland,In-store,Electronics,USB-C Charger,5,19.99,0.0,99.95,10.99,54.95,45.0
2024-08-30,UK & Ireland,Online,Apparel,Running Tee,4,24.99,0.0,99.96,11.25,45.0,54.96
2024-08-30,UK & Ireland,Online,Apparel,Wool Socks 3-pack,2,14.99,0.2,23.98,6.0,12.0,11.98
2024-08-30,UK & Ireland,Online,Electronics,USB-C Charger,6,19.99,0.0,119.94,10.99,65.94,54.0
2024-08-30,UK & Ireland,Online,Home & Kitchen,Air Fryer,4,89.99,0.15,305.97,62.99,251.96,54.01
2024-08-31,APAC,In-store,Apparel,Denim Jacket,4,69.99,0.0,279.96,34.99,139.96,140.0
2024-08-31,APAC,Online,Beauty & Wellness,Collagen Powder,1,34.99,0.0,34.99,14.0,14.0,20.99
2024-08-31,APAC,Online,Home & Kitchen,Coffee Grinder,3,39.99,0.0,119.97,23.99,71.97,48.0
2024-08-31,LATAM,Online,Home & Kitchen,Air Fryer,2,89.99,0.15,152.98,62.99,125.98,27.0
2024-08-31,North America,In-store,Apparel,Denim Jacket,9,69.99,0.0,629.91,34.99,314.91,315.0
2024-08-31,North America,In-store,Apparel,Wool Socks 3-pack,13,14.99,0.0,194.87,6.0,78.0,116.87
2024-08-31,North America,In-store,Beauty & Wellness,Electric Toothbrush,4,59.99,0.0,239.96,32.99,131.96,108.0
2024-08-31,North America,Online,Home & Kitchen,Air Fryer,2,89.99,0.1,161.98,62.99,125.98,36.0
2024-08-31,UK & Ireland,In-store,Electronics,Wireless Earbuds,8,79.99,0.0,639.92,51.99,415.92,224.0
2024-08-31,UK & Ireland,Online,Apparel,Denim Jacket,4,69.99,0.0,279.96,34.99,139.96,140.0
2024-09-01,APAC,In-store,Apparel,Denim Jacket,3,69.99,0.1,188.97,34.99,104.97,84.0
2024-09-01,APAC,In-store,Beauty & Wellness,Vitamin C Serum,8,29.99,0.15,203.93,10.5,84.0,119.93
2024-09-01,APAC,In-store,Home & Kitchen,Coffee Grinder,5,39.99,0.0,199.95,23.99,119.95,80.0
2024-09-01,APAC,In-store,Media & Entertainment,Board Game,9,34.99,0.0,314.91,19.24,173.16,141.75
2024-09-01,APAC,Online,Apparel,Running Tee,3,24.99,0.25,56.23,11.25,33.75,22.48
2024-09-01,APAC,Online,Media & Entertainment,Board Game,4,34.99,0.25,104.97,19.24,76.96,28.01
2024-09-01,EMEA,Online,Beauty & Wellness,Electric Toothbrush,4,59.99,0.0,239.96,32.99,131.96,108.0
2024-09-01,EMEA,Online,Electronics,Smart Speaker,1,49.99,0.0,49.99,34.99,34.99,15.0
2024-09-01,EMEA,Online,Home & Kitchen,Air Fryer,6,89.99,0.0,539.94,62.99,377.94,162.0
2024-09-01,EMEA,Online,Media & Entertainment,Vinyl Record,2,27.99,0.1,50.38,16.79,33.58,16.8
2024-09-01,LATAM,Online,Apparel,Wool Socks 3-pack,3,14.99,0.25,33.73,6.0,18.0,15.73
2024-09-01,LATAM,Online,Beauty & Wellness,Collagen Powder,1,34.99,0.15,29.74,14.0,14.0,15.74
2024-09-01,North America,Online,Apparel,Running Tee,5,24.99,0.0,124.95,11.25,56.25,68.7
2024-09-01,North America,Online,Media & Entertainment,Vinyl Record,3,27.99,0.0,83.97,16.79,50.37,33.6
2024-09-02,APAC,Online,Electronics,USB-C Charger,9,19.99,0.0,179.91,10.99,98.91,81.0
2024-09-02,APAC,Online,Electronics,Wireless Earbuds,5,79.99,0.0,399.95,51.99,259.95,140.0
2024-09-02,EMEA,Online,Apparel,Running Tee,3,24.99,0.0,74.97,11.25,33.75,41.22
2024-09-02,LATAM,Online,Beauty & Wellness,Collagen Powder,3,34.99,0.0,104.97,14.0,42.0,62.97
2024-09-02,North America,In-store,Electronics,Smart Speaker,16,49.99,0.0,799.84,34.99,559.84,240.0
2024-09-02,North America,In-store,Media & Entertainment,Blu-ray Box Set,8,39.99,0.25,239.94,29.99,239.92,0.02
2024-09-02,North America,In-store,Media & Entertainment,Vinyl Record,11,27.99,0.0,307.89,16.79,184.69,123.2
2024-09-02,North America,Online,Beauty & Wellness,Electric Toothbrush,1,59.99,0.0,59.99,32.99,32.99,27.0
2024-09-02,North America,Online,Home & Kitchen,Coffee Grinder,3,39.99,0.0,119.97,23.99,71.97,48.0
2024-09-02,UK & Ireland,In-store,Home & Kitchen,Cookware Set,3,129.99,0.0,389.97,84.49,253.47,136.5
2024-09-02,UK & Ireland,In-store,Media & Entertainment,Blu-ray Box Set,6,39.99,0.0,239.94,29.99,179.94,60.0
2024-09-02,UK & Ireland,Online,Apparel,Denim Jacket,5,69.99,0.2,279.96,34.99,174.95,105.01
2024-09-02,UK & Ireland,Online,Apparel,Running Tee,2,24.99,0.0,49.98,11.25,22.5,27.48
2024-09-02,UK & Ireland,Online,Media & Entertainment,Board Game,5,34.99,0.0,174.95,19.24,96.2,78.75
2024-09-03,APAC,In-store,Apparel,Running Tee,9,24.99,0.0,224.91,11.25,101.25,123.66
2024-09-03,APAC,In-store,Beauty & Wellness,Electric Toothbrush,7,59.99,0.15,356.94,32.99,230.93,126.01
2024-09-03,APAC,In-store,Electronics,Wireless Earbuds,8,79.99,0.2,511.94,51.99,415.92,96.02
2024-09-03,APAC,Online,Media & Entertainment,Board Game,3,34.99,0.0,104.97,19.24,57.72,47.25
2024-09-03,EMEA,Online,Home & Kitchen,Air Fryer,2,89.99,0.0,179.98,62.99,125.98,54.0
2024-09-03,LATAM,In-store,Beauty & Wellness,Collagen Powder,5,34.99,0.0,174.95,14.0,70.0,104.95
2024-09-03,LATAM,Online,Media & Entertainment,Board Game,3,34.99,0.25,78.73,19.24,57.72,21.01
2024-09-03,North America,In-store,Apparel,Running Tee,15,24.99,0.0,374.85,11.25,168.75,206.1
2024-09-03,North America,Online,Beauty & Wellness,Electric Toothbrush,2,59.99,0.0,119.98,32.99,65.98,54.0
2024-09-03,North America,Online,Beauty & Wellness,Vitamin C Serum,3,29.99,0.15,76.47,10.5,31.5,44.97
2024-09-03,North America,Online,Home & Kitchen,Coffee Grinder,4,39.99,0.2,127.97,23.99,95.96,32.01
2024-09-03,UK & Ireland,In-store,Media & Entertainment,Blu-ray Box Set,7,39.99,0.0,279.93,29.99,209.93,70.0
2024-09-03,UK & Ireland,In-store,Media & Entertainment,Board Game,2,34.99,0.0,69.98,19.24,38.48,31.5
2024-09-03,UK & Ireland,Online,Apparel,Running Tee,3,24.99,0.0,74.97,11.25,33.75,41.22
2024-09-03,UK & Ireland,Online,Apparel,Wool Socks 3-pack,2,14.99,0.0,29.98,6.0,12.0,17.98
2024-09-04,APAC,Online,Apparel,Denim Jacket,1,69.99,0.0,69.99,34.99,34.99,35.0
2024-09-04,APAC,Online,Electronics,Smart Speaker,3,49.99,0.0,149.97,34.99,104.97,45.0
2024-09-04,EMEA,In-store,Beauty & Wellness,Electric Toothbrush,3,59.99,0.0,179.97,32.99,98.97,81.0
2024-09-04,EMEA,In-store,Beauty & Wellness,Vitamin C Serum,7,29.99,0.0,209.93,10.5,73.5,136.43
2024-09-04,EMEA,In-store,Electronics,Wireless Earbuds,6,79.99,0.0,479.94,51.99,311.94,168.0
2024-09-04,EMEA,Online,Home & Kitchen,Air Fryer,6,89.99,0.2,431.95,62.99,377.94,54.01
2024-09-04,EMEA,Online,Home & Kitchen,Coffee Grinder,3,39.99,0.1,107.97,23.99,71.97,36.0
2024-09-04,EMEA,Online,Media & Entertainment,Vinyl Record,1,27.99,0.0,27.99,16.79,16.79,11.2
2024-09-04,LATAM,In-store,Home & Kitchen,Air Fryer,5,89.99,0.15,382.46,62.99,314.95,67.51
2024-09-04,North America,In-store,Beauty & Wellness,Vitamin C Serum,5,29.99,0.0,149.95,10.5,52.5,97.45
2024-09-04,North America,In-store,Electronics,Wireless Earbuds,11,79.99,0.25,659.92,51.99,571.89,88.03
2024-09-04,UK & Ireland,In-store,Beauty & Wellness,Collagen Powder,2,34.99,0.0,69.98,14.0,28.0,41.98
2024-09-04,UK & Ireland,In-store,Home & Kitchen,Coffee Grinder,2,39.99,0.0,79.98,23.99,47.98,32.0
2024-09-05,APAC,Online,Electronics,Wireless Earbuds,4,79.99,0.0,319.96,51.99,207.96,112.0
2024-09-05,EMEA,In-store,Home & Kitchen,Air Fryer,7,89.99,0.2,503.94,62.99,440.93,63.01
2024-09-05,EMEA,Online,Apparel,Denim Jacket,1,69.99,0.0,69.99,34.99,34.99,35.0
2024-09-05,EMEA,Online,Electronics,Smart Speaker,1,49.99,0.0,49.99,34.99,34.99,15.0
2024-09-05,UK & Ireland,In-store,Apparel,Running Tee,9,24.99,0.0,224.91,11.25,101.25,123.66
2024-09-05,UK & Ireland,In-store,Apparel,Wool Socks 3-pack,7,14.99,0.1,94.44,6.0,42.0,52.44
2024-09-05,UK & Ireland,Online,Apparel,Running Tee,3,24.99,0.15,63.72,11.25,33.75,29.97
2024-09-05,UK & Ireland,Online,Beauty & Wellness,Electric Toothbrush,3,59.99,0.0,179.97,32.99,98.97,81.0
2024-09-06,APAC,Online,Media & Entertainment,Blu-ray Box Set,2,39.99,0.1,71.98,29.99,59.98,12.0
2024-09-06,EMEA,In-store,Beauty & Wellness,Electric Toothbrush,1,59.99,0.0,59.99,32.99,32.99,27.0
2024-09-06,EMEA,Online,Apparel,Denim Jacket,3,69.99,0.0,209.97,34.99,104.97,105.0
2024-09-06,EMEA,Online,Beauty & Wellness,Electric Toothbrush,2,59.99,0.0,119.98,32.99,65.98,54.0
2024-09-06,EMEA,Online,Electronics,Smart Speaker,2,49.99,0.25,74.98,34.99,69.98,5.0
2024-09-06,LATAM,In-store,Apparel,Denim Jacket,3,69.99,0.0,209.97,34.99,104.97,105.0
2024-09-06,LATAM,Online,Apparel,Wool Socks 3-pack,3,14.99,0.0,44.97,6.0,18.0,26.97
2024-09-06,North America,Online,Apparel,Running Tee,10,24.99,0.2,199.92,11.25,112.5,87.42
2024-09-06,UK & Ireland,In-store,Apparel,Wool Socks 3-pack,9,14.99,0.1,121.42,6.0,54.0,67.42
2024-09-06,UK & Ireland,In-store,Electronics,USB-C Charger,11,19.99,0.1,197.9,10.99,120.89,77.01
2024-09-06,UK & Ireland,In-store,Electronics,Wireless Earbuds,9,79.99,0.0,719.91,51.99,467.91,252.0
2024-09-06,UK & Ireland,In-store,Media & Entertainment,Board Game,9,34.99,0.0,314.91,19.24,173.16,141.75
2024-09-06,UK & Ireland,Online,Apparel,Running Tee,6,24.99,0.0,149.94,11.25,67.5,82.44
2024-09-06,UK & Ireland,Online,Apparel,Wool Socks 3-pack,7,14.99,0.15,89.19,6.0,42.0,47.19
2024-09-06,UK & Ireland,Online,Electronics,USB-C Charger,5,19.99,0.2,79.96,10.99,54.95,25.01
2024-09-06,UK & Ireland,Online,Electronics,Wireless Earbuds,5,79.99,0.0,399.95,51.99,259.95,140.0
2024-09-07,APAC,Online,Media & Entertainment,Vinyl Record,1,27.99,0.0,27.99,16.79,16.79,11.2
2024-09-07,EMEA,In-store,Apparel,Wool Socks 3-pack,16,14.99,0.0,239.84,6.0,96.0,143.84
2024-09-07,EMEA,In-store,Beauty & Wellness,Vitamin C Serum,4,29.99,0.1,107.96,10.5,42.0,65.96
2024-09-07,EMEA,In-store,Home & Kitchen,Cookware Set,6,129.99,0.2,623.95,84.49,506.94,117.01
2024-09-07,EMEA,In-store,Media & Entertainment,Vinyl Record,9,27.99,0.25,188.93,16.79,151.11,37.82
2024-09-07,EMEA,Online,Beauty & Wellness,Electric Toothbrush,1,59.99,0.0,59.99,32.99,32.99,27.0
2024-09-07,LATAM,Online,Apparel,Wool Socks 3-pack,3,14.99,0.0,44.97,6.0,18.0,26.97
2024-09-07,North America,In-store,Electronics,Smart Speaker,11,49.99,0.0,549.89,34.99,384.89,165.0
2024-09-07,North America,Online,Beauty & Wellness,Vitamin C Serum,3,29.99,0.0,89.97,10.5,31.5,58.47
2024-09-07,UK & Ireland,In-store,Beauty & Wellness,Electric Toothbrush,4,59.99,0.0,239.96,32.99,131.96,108.0
2024-09-07,UK & Ireland,Online,Media & Entertainment,Vinyl Record,2,27.99,0.2,44.78,16.79,33.58,11.2
2024-09-08,APAC,In-store,Electronics,Smart Speaker,8,49.99,0.2,319.94,34.99,279.92,40.02
2024-09-08,APAC,Online,Apparel,Running Tee,3,24.99,0.0,74.97,11.25,33.75,41.22
2024-09-08,EMEA,Online,Media & Entertainment,Blu-ray Box Set,4,39.99,0.2,127.97,29.99,119.96,8.01
2024-09-08,LATAM,In-store,Electronics,Smart Speaker,9,49.99,0.0,449.91,34.99,314.91,135.0
2024-09-08,LATAM,In-store,Electronics,Wireless Earbuds,10,79.99,0.0,799.9,51.99,519.9,280.0
2024-09-08,LATAM,In-store,Home & Kitchen,Coffee Grinder,2,39.99,0.0,79.98,23.99,47.98,32.0
2024-09-08,LATAM,In-store,Home & Kitchen,Cookware Set,3,129.99,0.1,350.97,84.49,253.47,97.5
2024-09-08,LATAM,In-store,Media & Entertainment,Board Game,11,34.99,0.15,327.16,19.24,211.64,115.52
2024-09-08,LATAM,Online,Apparel,Wool Socks 3-pack,3,14.99,0.15,38.22,6.0,18.0,20.22
2024-09-08,LATAM,Online,Beauty & Wellness,Collagen Powder,3,34.99,0.0,104.97,14.0,42.0,62.97
2024-09-08,North America,Online,Media & Entertainment,Blu-ray Box Set,5,39.99,0.1,179.96,29.99,149.95,30.01
2024-09-09,APAC,In-store,Beauty & Wellness,Collagen Powder,5,34.99,0.1,157.46,14.0,70.0,87.46
2024-09-09,APAC,Online,Beauty & Wellness,Electric Toothbrush,4,59.99,0.25,179.97,32.99,131.96,48.01
2024-09-09,APAC,Online,Home & Kitchen,Cookware Set,1,129.99,0.2,103.99,84.49,84.49,19.5
2024-09-09,EMEA,In-store,Apparel,Denim Jacket,4,69.99,0.1,251.96,34.99,139.96,112.0
2024-09-09,EMEA,Online,Home & Kitchen,Cookware Set,3,129.99,0.15,331.47,84.49,253.47,78.0
2024-09-09,LATAM,In-store,Electronics,Wireless Earbuds,3,79.99,0.15,203.97,51.99,155.97,48.0
2024-09-09,LATAM,Online,Media & Entertainment,Board Game,6,34.99,0.0,209.94,19.24,115.44,94.5
2024-09-09,North America,In-store,Apparel,Running Tee,7,24.99,0.0,174.93,11.25,78.75,96.18
2024-09-09,North America,In-store,Apparel,Wool Socks 3-pack,8,14.99,0.0,119.92,6.0,48.0,71.92
2024-09-09,UK & Ireland,Online,Beauty & Wellness,Vitamin C Serum,2,29.99,0.15,50.98,10.5,21.0,29.98
2024-09-09,UK & Ireland,Online,Electronics,USB-C Charger,3,19.99,0.15,50.97,10.99,32.97,18.0
2024-09-09,UK & Ireland,Online,Media & Entertainment,Vinyl Record,2,27.99,0.15,47.58,16.79,33.58,14.0
2024-09-10,APAC,In-store,Apparel,Denim Jacket,5,69.99,0.1,314.95,34.99,174.95,140.0
2024-09-10,APAC,Online,Apparel,Running Tee,1,24.99,0.0,24.99,11.25,11.25,13.74
2024-09-10,APAC,Online,Media & Entertainment,Blu-ray Box Set,4,39.99,0.2,127.97,29.99,119.96,8.01
2024-09-10,EMEA,In-store,Beauty & Wellness,Vitamin C Serum,3,29.99,0.1,80.97,10.5,31.5,49.47
2024-09-10,EMEA,Online,Beauty & Wellness,Electric Toothbrush,2,59.99,0.25,89.98,32.99,65.98,24.0
2024-09-10,EMEA,Online,Home & Kitchen,Coffee Grinder,2,39.99,0.0,79.98,23.99,47.98,32.0
2024-09-10,LATAM,Online,Media & Entertainment,Board Game,4,34.99,0.15,118.97,19.24,76.96,42.01
2024-09-10,LATAM,Online,Media & Entertainment,Vinyl Record,2,27.99,0.0,55.98,16.79,33.58,22.4
2024-09-10,North America,In-store,Beauty & Wellness,Collagen Powder,8,34.99,0.0,279.92,14.0,112.0,167.92
2024-09-10,North America,In-store,Media & Entertainment,Vinyl Record,3,27.99,0.0,83.97,16.79,50.37,33.6
2024-09-10,UK & Ireland,Online,Apparel,Running Tee,3,24.99,0.0,74.97,11.25,33.75,41.22
2024-09-10,UK & Ireland,Online,Media & Entertainment,Blu-ray Box Set,2,39.99,0.0,79.98,29.99,59.98,20.0
2024-09-10,UK & Ireland,Online,Media & Entertainment,Board Game,5,34.99,0.0,174.95,19.24,96.2,78.75
2024-09-11,APAC,Online,Beauty & Wellness,Vitamin C Serum,4,29.99,0.25,89.97,10.5,42.0,47.97
2024-09-11,EMEA,In-store,Beauty & Wellness,Electric Toothbrush,7,59.99,0.1,377.94,32.99,230.93,147.01
2024-09-11,EMEA,In-store,Media & Entertainment,Vinyl Record,9,27.99,0.0,251.91,16.79,151.11,100.8
2024-09-11,EMEA,Online,Electronics,Smart Speaker,6,49.99,0.0,299.94,34.99,209.94,90.0
2024-09-11,LATAM,Online,Home & Kitchen,Cookware Set,3,129.99,0.0,389.97,84.49,253.47,136.5
2024-09-11,North America,In-store,Beauty & Wellness,Vitamin C Serum,3,29.99,0.0,89.97,10.5,31.5,58.47
2024-09-11,UK & Ireland,In-store,Apparel,Wool Socks 3-pack,8,14.99,0.15,101.93,6.0,48.0,53.93
2024-09-11,UK & Ireland,Online,Electronics,USB-C Charger,7,19.99,0.2,111.94,10.99,76.93,35.01
2024-09-12,APAC,In-store,Beauty & Wellness,Vitamin C Serum,9,29.99,0.0,269.91,10.5,94.5,175.41
2024-09-12,APAC,In-store,Electronics,Smart Speaker,4,49.99,0.0,199.96,34.99,139.96,60.0
2024-09-12,APAC,In-store,Electronics,Wireless Earbuds,7,79.99,0.0,559.93,51.99,363.93,196.0
2024-09-12,APAC,Online,Media & Entertainment,Blu-ray Box Set,1,39.99,0.0,39.99,29.99,29.99,10.0
2024-09-12,EMEA,In-store,Home & Kitchen,Cookware Set,4,129.99,0.0,519.96,84.49,337.96,182.0
2024-09-12,LATAM,In-store,Beauty & Wellness,Vitamin C Serum,7,29.99,0.0,209.93,10.5,73.5,136.43
2024-09-12,LATAM,In-store,Home & Kitchen,Coffee Grinder,7,39.99,0.0,279.93,23.99,167.93,112.0
2024-09-12,LATAM,Online,Home & Kitchen,Cookware Set,4,129.99,0.15,441.97,84.49,337.96,104.01
2024-09-12,North America,In-store,Media & Entertainment,Board Game,13,34.99,0.15,386.64,19.24,250.12,136.52
2024-09-12,North America,Online,Apparel,Wool Socks 3-pack,4,14.99,0.0,59.96,6.0,24.0,35.96
2024-09-12,North America,Online,Media & Entertainment,Board Game,3,34.99,0.0,104.97,19.24,57.72,47.25
2024-09-12,UK & Ireland,Online,Beauty & Wellness,Vitamin C Serum,3,29.99,0.15,76.47,10.5,31.5,44.97
2024-09-12,UK & Ireland,Online,Media & Entertainment,Vinyl Record,4,27.99,0.0,111.96,16.79,67.16,44.8
2024-09-13,APAC,In-store,Home & Kitchen,Air Fryer,8,89.99,0.2,575.94,62.99,503.92,72.02
2024-09-13,APAC,Online,Home & Kitchen,Air Fryer,7,89.99,0.1,566.94,62.99,440.93,126.01
2024-09-13,APAC,Online,Home & Kitchen,Cookware Set,3,129.99,0.2,311.98,84.49,253.47,58.51
2024-09-13,APAC,Online,Media & Entertainment,Blu-ray Box Set,3,39.99,0.0,119.97,29.99,89.97,30.0
2024-09-13,EMEA,In-store,Beauty & Wellness,Vitamin C Serum,4,29.99,0.1,107.96,10.5,42.0,65.96
2024-09-13,LATAM,In-store,Apparel,Running Tee,10,24.99,0.2,199.92,11.25,112.5,87.42
2024-09-13,North America,In-store,Home & Kitchen,Coffee Grinder,9,39.99,0.0,359.91,23.99,215.91,144.0
2024-09-13,North America,Online,Apparel,Running Tee,3,24.99,0.2,59.98,11.25,33.75,26.23
2024-09-13,North America,Online,Apparel,Wool Socks 3-pack,4,14.99,0.0,59.96,6.0,24.0,35.96
2024-09-13,North America,Online,Electronics,USB-C Charger,6,19.99,0.0,119.94,10.99,65.94,54.0
2024-09-13,North America,Online,Media & Entertainment,Board Game,5,34.99,0.0,174.95,19.24,96.2,78.75
2024-09-14,APAC,In-store,Electronics,USB-C Charger,14,19.99,0.0,279.86,10.99,153.86,126.0
2024-09-14,APAC,Online,Home & Kitchen,Cookware Set,1,129.99,0.1,116.99,84.49,84.49,32.5
2024-09-14,EMEA,In-store,Apparel,Running Tee,7,24.99,0.0,174.93,11.25,78.75,96.18
2024-09-14,LATAM,In-store,Beauty & Wellness,Vitamin C Serum,15,29.99,0.1,404.86,10.5,157.5,247.36
2024-09-14,LATAM,In-store,Home & Kitchen,Coffee Grinder,6,39.99,0.0,239.94,23.99,143.94,96.0
2024-09-14,LATAM,Online,Media & Entertainment,Board Game,5,34.99,0.25,131.21,19.24,96.2,35.01
2024-09-14,North America,In-store,Electronics,Wireless Earbuds,6,79.99,0.0,479.94,51.99,311.94,168.0
2024-09-14,North America,In-store,Home & Kitchen,Coffee Grinder,8,39.99,0.0,319.92,23.99,191.92,128.0
2024-09-14,North America,Online,Electronics,USB-C Charger,4,19.99,0.0,79.96,10.99,43.96,36.0
2024-09-14,North America,Online,Home & Kitchen,Air Fryer,2,89.99,0.0,179.98,62.99,125.98,54.0
2024-09-14,UK & Ireland,In-store,Media & Entertainment,Vinyl Record,11,27.99,0.0,307.89,16.79,184.69,123.2
2024-09-14,UK & Ireland,Online,Apparel,Denim Jacket,2,69.99,0.0,139.98,34.99,69.98,70.0
2024-09-14,UK & Ireland,Online,Beauty & Wellness,Electric Toothbrush,4,59.99,0.0,239.96,32.99,131.96,108.0
2024-09-15,APAC,In-store,Media & Entertainment,Board Game,4,34.99,0.0,139.96,19.24,76.96,63.0
2024-09-15,EMEA,In-store,Apparel,Wool Socks 3-pack,8,14.99,0.1,107.93,6.0,48.0,59.93
2024-09-15,EMEA,In-store,Home & Kitchen,Air Fryer,9,89.99,0.15,688.42,62.99,566.91,121.51
2024-09-15,EMEA,In-store,Home & Kitchen,Coffee Grinder,2,39.99,0.25,59.98,23.99,47.98,12.0
2024-09-15,EMEA,Online,Beauty & Wellness,Vitamin C Serum,3,29.99,0.0,89.97,10.5,31.5,58.47
2024-09-15,LATAM,In-store,Beauty & Wellness,Collagen Powder,4,34.99,0.0,139.96,14.0,56.0,83.96
2024-09-15,LATAM,In-store,Beauty & Wellness,Vitamin C Serum,3,29.99,0.15,76.47,10.5,31.5,44.97
2024-09-15,LATAM,Online,Electronics,USB-C Charger,9,19.99,0.0,179.91,10.99,98.91,81.0
2024-09-15,LATAM,Online,Home & Kitchen,Cookware Set,3,129.99,0.0,389.97,84.49,253.47,136.5
2024-09-15,UK & Ireland,In-store,Apparel,Running Tee,7,24.99,0.15,148.69,11.25,78.75,69.94
2024-09-15,UK & Ireland,In-store,Electronics,Wireless Earbuds,11,79.99,0.0,879.89,51.99,571.89,308.0
2024-09-16,APAC,In-store,Electronics,Wireless Earbuds,6,79.99,0.0,479.94,51.99,311.94,168.0
2024-09-16,APAC,Online,Beauty & Wellness,Electric Toothbrush,5,59.99,0.0,299.95,32.99,164.95,135.0
2024-09-16,APAC,Online,Electronics,Wireless Earbuds,2,79.99,0.1,143.98,51.99,103.98,40.0
2024-09-16,APAC,Online,Media & Entertainment,Vinyl Record,4,27.99,0.15,95.17,16.79,67.16,28.01
2024-09-16,EMEA,Online,Home & Kitchen,Air Fryer,3,89.99,0.0,269.97,62.99,188.97,81.0
2024-09-16,EMEA,Online,Home & Kitchen,Coffee Grinder,4,39.99,0.0,159.96,23.99,95.96,64.0
2024-09-16,LATAM,In-store,Home & Kitchen,Cookware Set,2,129.99,0.1,233.98,84.49,168.98,65.0
2024-09-16,LATAM,In-store,Media & Entertainment,Board Game,9,34.99,0.0,314.91,19.24,173.16,141.75
2024-09-16,LATAM,Online,Apparel,Denim Jacket,8,69.99,0.1,503.93,34.99,279.92,224.01
2024-09-16,LATAM,Online,Media & Entertainment,Vinyl Record,2,27.99,0.15,47.58,16.79,33.58,14.0
2024-09-16,North America,In-store,Beauty & Wellness,Electric Toothbrush,1,59.99,0.0,59.99,32.99,32.99,27.0
2024-09-16,North America,Online,Apparel,Wool Socks 3-pack,5,14.99,0.2,59.96,6.0,30.0,29.96
2024-09-16,North America,Online,Beauty & Wellness,Electric Toothbrush,2,59.99,0.0,119.98,32.99,65.98,54.0
2024-09-16,UK & Ireland,In-store,Home & Kitchen,Coffee Grinder,1,39.99,0.15,33.99,23.99,23.99,10.0
2024-09-17,APAC,In-store,Apparel,Running Tee,15,24.99,0.0,374.85,11.25,168.75,206.1
2024-09-17,APAC,In-store,Home & Kitchen,Cookware Set,2,129.99,0.15,220.98,84.49,168.98,52.0
2024-09-17,APAC,In-store,Media & Entertainment,Blu-ray Box Set,11,39.99,0.2,351.91,29.99,329.89,22.02
2024-09-17,APAC,Online,Apparel,Denim Jacket,2,69.99,0.0,139.98,34.99,69.98,70.0
2024-09-17,EMEA,In-store,Electronics,USB-C Charger,16,19.99,0.0,319.84,10.99,175.84,144.0
2024-09-17,EMEA,In-store,Media & Entertainment,Blu-ray Box Set,6,39.99,0.0,239.94,29.99,179.94,60.0
2024-09-17,EMEA,In-store,Media & Entertainment,Board Game,7,34.99,0.2,195.94,19.24,134.68,61.26
2024-09-17,EMEA,In-store,Media & Entertainment,Vinyl Record,6,27.99,0.2,134.35,16.79,100.74,33.61
2024-09-17,EMEA,Online,Electronics,Wireless Earbuds,4,79.99,0.15,271.97,51.99,207.96,64.01
2024-09-17,LATAM,In-store,Beauty & Wellness,Collagen Powder,5,34.99,0.0,174.95,14.0,70.0,104.95
2024-09-17,LATAM,In-store,Electronics,Smart Speaker,2,49.99,0.0,99.98,34.99,69.98,30.0
2024-09-17,LATAM,Online,Beauty & Wellness,Collagen Powder,1,34.99,0.0,34.99,14.0,14.0,20.99
2024-09-17,LATAM,Online,Media & Entertainment,Blu-ray Box Set,2,39.99,0.0,79.98,29.99,59.98,20.0
2024-09-17,North America,In-store,Beauty & Wellness,Vitamin C Serum,9,29.99,0.0,269.91,10.5,94.5,175.41
2024-09-17,North America,Online,Electronics,Wireless Earbuds,5,79.99,0.0,399.95,51.99,259.95,140.0
2024-09-17,North America,Online,Media & Entertainment,Board Game,5,34.99,0.0,174.95,19.24,96.2,78.75
2024-09-17,UK & Ireland,In-store,Beauty & Wellness,Electric Toothbrush,3,59.99,0.0,179.97,32.99,98.97,81.0
2024-09-18,APAC,In-store,Home & Kitchen,Air Fryer,8,89.99,0.2,575.94,62.99,503.92,72.02
2024-09-18,EMEA,In-store,Apparel,Running Tee,9,24.99,0.0,224.91,11.25,101.25,123.66
2024-09-18,LATAM,Online,Media & Entertainment,Vinyl Record,1,27.99,0.15,23.79,16.79,16.79,7.0
2024-09-18,North America,In-store,Electronics,Wireless Earbuds,14,79.99,0.25,839.89,51.99,727.86,112.03
2024-09-18,North America,Online,Media & Entertainment,Vinyl Record,2,27.99,0.25,41.98,16.79,33.58,8.4
2024-09-18,UK & Ireland,In-store,Beauty & Wellness,Vitamin C Serum,9,29.99,0.15,229.42,10.5,94.5,134.92
2024-09-18,UK & Ireland,In-store,Electronics,Smart Speaker,1,49.99,0.1,44.99,34.99,34.99,10.0
2024-09-18,UK & Ireland,In-store,Home & Kitchen,Coffee Grinder,1,39.99,0.1,35.99,23.99,23.99,12.0
2024-09-18,UK & Ireland,In-store,Media & Entertainment,Blu-ray Box Set,9,39.99,0.0,359.91,29.99,269.91,90.0
2024-09-18,UK & Ireland,Online,Beauty & Wellness,Vitamin C Serum,1,29.99,0.0,29.99,10.5,10.5,19.49
2024-09-18,UK & Ireland,Online,Home & Kitchen,Air Fryer,7,89.99,0.0,629.93,62.99,440.93,189.0
2024-09-19,APAC,In-store,Home & Kitchen,Air Fryer,10,89.99,0.0,899.9,62.99,629.9,270.0
2024-09-19,APAC,Online,Beauty & Wellness,Collagen Powder,7,34.99,0.1,220.44,14.0,98.0,122.44
2024-09-19,APAC,Online,Electronics,Wireless Earbuds,2,79.99,0.2,127.98,51.99,103.98,24.0
2024-09-19,EMEA,In-store,Beauty & Wellness,Vitamin C Serum,2,29.99,0.1,53.98,10.5,21.0,32.98
2024-09-19,EMEA,In-store,Home & Kitchen,Coffee Grinder,5,39.99,0.0,199.95,23.99,119.95,80.0
2024-09-19,EMEA,Online,Beauty & Wellness,Vitamin C Serum,1,29.99,0.2,23.99,10.5,10.5,13.49
2024-09-19,EMEA,Online,Electronics,USB-C Charger,7,19.99,0.0,139.93,10.99,76.93,63.0
2024-09-19,EMEA,Online,Electronics,Wireless Earbuds,7,79.99,0.0,559.93,51.99,363.93,196.0
2024-09-19,LATAM,In-store,Electronics,Smart Speaker,9,49.99,0.0,449.91,34.99,314.91,135.0
2024-09-19,LATAM,In-store,Home & Kitchen,Air Fryer,6,89.99,0.0,539.94,62.99,377.94,162.0
2024-09-19,LATAM,In-store,Home & Kitchen,Cookware Set,1,129.99,0.0,129.99,84.49,84.49,45.5
2024-09-19,North America,In-store,Home & Kitchen,Coffee Grinder,6,39.99,0.15,203.95,23.99,143.94,60.01
2024-09-19,UK & Ireland,Online,Home & Kitchen,Cookware Set,2,129.99,0.25,194.99,84.49,168.98,26.01
2024-09-20,APAC,In-store,Apparel,Running Tee,2,24.99,0.0,49.98,11.25,22.5,27.48
2024-09-20,APAC,In-store,Beauty & Wellness,Collagen Powder,4,34.99,0.15,118.97,14.0,56.0,62.97
2024-09-20,EMEA,In-store,Apparel,Running Tee,22,24.99,0.2,439.82,11.25,247.5,192.32
2024-09-20,EMEA,In-store,Home & Kitchen,Cookware Set,9,129.99,0.0,1169.91,84.49,760.41,409.5
2024-09-20,EMEA,Online,Apparel,Denim Jacket,3,69.99,0.0,209.97,34.99,104.97,105.0
2024-09-20,EMEA,Online,Electronics,Wireless Earbuds,4,79.99,0.0,319.96,51.99,207.96,112.0
2024-09-20,EMEA,Online,Media & Entertainment,Board Game,2,34.99,0.0,69.98,19.24,38.48,31.5
2024-09-20,LATAM,In-store,Apparel,Wool Socks 3-pack,13,14.99,0.25,146.15,6.0,78.0,68.15
2024-09-20,LATAM,In-store,Beauty & Wellness,Electric Toothbrush,4,59.99,0.15,203.97,32.99,131.96,72.01
2024-09-20,LATAM,In-store,Electronics,USB-C Charger,11,19.99,0.0,219.89,10.99,120.89,99.0
2024-09-20,LATAM,In-store,Media & Entertainment,Blu-ray Box Set,3,39.99,0.0,119.97,29.99,89.97,30.0
2024-09-20,LATAM,Online,Electronics,Wireless Earbuds,3,79.99,0.0,239.97,51.99,155.97,84.0
2024-09-20,North America,In-store,Apparel,Running Tee,26,24.99,0.0,649.74,11.25,292.5,357.24
2024-09-20,North America,In-store,Electronics,USB-C Charger,23,19.99,0.1,413.79,10.99,252.77,161.02
2024-09-20,North America,In-store,Media & Entertainment,Blu-ray Box Set,7,39.99,0.1,251.94,29.99,209.93,42.01
2024-09-20,North America,Online,Apparel,Wool Socks 3-pack,10,14.99,0.0,149.9,6.0,60.0,89.9
2024-09-20,North America,Online,Electronics,Smart Speaker,3,49.99,0.0,149.97,34.99,104.97,45.0
2024-09-20,North America,Online,Electronics,Wireless Earbuds,3,79.99,0.0,239.97,51.99,155.97,84.0
2024-09-20,UK & Ireland,In-store,Electronics,Wireless Earbuds,5,79.99,0.15,339.96,51.99,259.95,80.01
2024-09-20,UK & Ireland,In-store,Media & Entertainment,Blu-ray Box Set,9,39.99,0.0,359.91,29.99,269.91,90.0
2024-09-21,APAC,In-store,Beauty & Wellness,Electric Toothbrush,11,59.99,0.0,659.89,32.99,362.89,297.0
2024-09-21,APAC,In-store,Home & Kitchen,Coffee Grinder,6,39.99,0.0,239.94,23.99,143.94,96.0
2024-09-21,APAC,Online,Apparel,Wool Socks 3-pack,6,14.99,0.15,76.45,6.0,36.0,40.45
2024-09-21,APAC,Online,Home & Kitchen,Cookware Set,1,129.99,0.0,129.99,84.49,84.49,45.5
2024-09-21,EMEA,In-store,Apparel,Wool Socks 3-pack,9,14.99,0.0,134.91,6.0,54.0,80.91
2024-09-21,EMEA,In-store,Electronics,Smart Speaker,7,49.99,0.2,279.94,34.99,244.93,35.01
2024-09-21,EMEA,In-store,Media & Entertainment,Blu-ray Box Set,6,39.99,0.0,239.94,29.99,179.94,60.0
2024-09-21,LATAM,In-store,Beauty & Wellness,Electric Toothbrush,7,59.99,0.0,419.93,32.99,230.93,189.0
2024-09-21,LATAM,In-store,Home & Kitchen,Coffee Grinder,6,39.99,0.0,239.94,23.99,143.94,96.0
2024-09-21,LATAM,Online,Home & Kitchen,Cookware Set,1,129.99,0.15,110.49,84.49,84.49,26.0
2024-09-21,LATAM,Online,Media & Entertainment,Board Game,3,34.99,0.2,83.98,19.24,57.72,26.26
2024-09-21,North America,In-store,Electronics,USB-C Charger,23,19.99,0.0,459.77,10.99,252.77,207.0
2024-09-21,North America,In-store,Electronics,Wireless Earbuds,15,79.99,0.15,1019.87,51.99,779.85,240.02
2024-09-21,North America,In-store,Home & Kitchen,Air Fryer,12,89.99,0.25,809.91,62.99,755.88,54.03
2024-09-21,North America,Online,Beauty & Wellness,Collagen Powder,4,34.99,0.0,139.96,14.0,56.0,83.96
2024-09-21,North America,Online,Electronics,Smart Speaker,3,49.99,0.0,149.97,34.99,104.97,45.0
2024-09-21,UK & Ireland,In-store,Media & Entertainment,Blu-ray Box Set,13,39.99,0.1,467.88,29.99,389.87,78.01
2024-09-22,APAC,In-store,Apparel,Wool Socks 3-pack,14,14.99,0.0,209.86,6.0,84.0,125.86
2024-09-22,APAC,In-store,Beauty & Wellness,Electric Toothbrush,3,59.99,0.25,134.98,32.99,98.97,36.01
2024-09-22,APAC,In-store,Electronics,Wireless Earbuds,7,79.99,0.0,559.93,51.99,363.93,196.0
2024-09-22,APAC,Online,Electronics,USB-C Charger,5,19.99,0.0,99.95,10.99,54.95,45.0
2024-09-22,EMEA,In-store,Apparel,Wool Socks 3-pack,9,14.99,0.0,134.91,6.0,54.0,80.91
2024-09-22,EMEA,In-store,Home & Kitchen,Air Fryer,8,89.99,0.2,575.94,62.99,503.92,72.02
2024-09-22,EMEA,In-store,Home & Kitchen,Coffee Grinder,5,39.99,0.15,169.96,23.99,119.95,50.01
2024-09-22,LATAM,In-store,Media & Entertainment,Vinyl Record,11,27.99,0.1,277.1,16.79,184.69,92.41
2024-09-22,North America,In-store,Beauty & Wellness,Electric Toothbrush,3,59.99,0.0,179.97,32.99,98.97,81.0
2024-09-22,North America,In-store,Beauty & Wellness,Vitamin C Serum,4,29.99,0.25,89.97,10.5,42.0,47.97
2024-09-22,North America,In-store,Media & Entertainment,Blu-ray Box Set,5,39.99,0.0,199.95,29.99,149.95,50.0
2024-09-22,UK & Ireland,In-store,Media & Entertainment,Blu-ray Box Set,4,39.99,0.0,159.96,29.99,119.96,40.0
2024-09-22,UK & Ireland,Online,Apparel,Denim Jacket,3,69.99,0.0,209.97,34.99,104.97,105.0
2024-09-23,APAC,In-store,Electronics,USB-C Charger,15,19.99,0.15,254.87,10.99,164.85,90.02
2024-09-23,APAC,In-store,Electronics,Wireless Earbuds,11,79.99,0.25,659.92,51.99,571.89,88.03
2024-09-23,APAC,In-store,Home & Kitchen,Air Fryer,4,89.99,0.0,359.96,62.99,251.96,108.0
2024-09-23,APAC,In-store,Media & Entertainment,Vinyl Record,5,27.99,0.1,125.95,16.79,83.95,42.0
2024-09-23,APAC,Online,Home & Kitchen,Air Fryer,1,89.99,0.25,67.49,62.99,62.99,4.5
2024-09-23,LATAM,In-store,Beauty & Wellness,Collagen Powder,5,34.99,0.0,174.95,14.0,70.0,104.95
2024-09-23,LATAM,In-store,Home & Kitchen,Cookware Set,1,129.99,0.1,116.99,84.49,84.49,32.5
2024-09-24,APAC,Online,Home & Kitchen,Air Fryer,6,89.99,0.0,539.94,62.99,377.94,162.0
2024-09-24,APAC,Online,Media & Entertainment,Vinyl Record,1,27.99,0.0,27.99,16.79,16.79,11.2
2024-09-24,EMEA,Online,Apparel,Running Tee,1,24.99,0.0,24.99,11.25,11.25,13.74
2024-09-24,LATAM,In-store,Apparel,Running Tee,6,24.99,0.1,134.95,11.25,67.5,67.45
2024-09-24,LATAM,Online,Home & Kitchen,Cookware Set,1,129.99,0.15,110.49,84.49,84.49,26.0
2024-09-24,North America,In-store,Apparel,Wool Socks 3-pack,9,14.99,0.15,114.67,6.0,54.0,60.67
2024-09-24,North America,In-store,Electronics,USB-C Charger,16,19.99,0.25,239.88,10.99,175.84,64.04
2024-09-24,North America,In-store,Electronics,Wireless Earbuds,11,79.99,0.0,879.89,51.99,571.89,308.0
2024-09-24,North America,Online,Home & Kitchen,Air Fryer,4,89.99,0.0,359.96,62.99,251.96,108.0
2024-09-24,UK & Ireland,Online,Home & Kitchen,Cookware Set,1,129.99,0.2,103.99,84.49,84.49,19.5
2024-09-25,APAC,Online,Electronics,Wireless Earbuds,9,79.99,0.0,719.91,51.99,467.91,252.0
2024-09-25,APAC,Online,Media & Entertainment,Vinyl Record,1,27.99,0.15,23.79,16.79,16.79,7.0
2024-09-25,EMEA,Online,Media & Entertainment,Blu-ray Box Set,6,39.99,0.0,239.94,29.99,179.94,60.0
2024-09-25,LATAM,In-store,Home & Kitchen,Air Fryer,2,89.99,0.0,179.98,62.99,125.98,54.0
2024-09-25,North America,Online,Media & Entertainment,Blu-ray Box Set,3,39.99,0.1,107.97,29.99,89.97,18.0
2024-09-25,UK & Ireland,In-store,Beauty & Wellness,Collagen Powder,6,34.99,0.0,209.94,14.0,84.0,125.94
2024-09-25,UK & Ireland,In-store,Beauty & Wellness,Vitamin C Serum,6,29.99,0.0,179.94,10.5,63.0,116.94
2024-09-25,UK & Ireland,Online,Home & Kitchen,Coffee Grinder,1,39.99,0.0,39.99,23.99,23.99,16.0
2024-09-25,UK & Ireland,Online,Media & Entertainment,Board Game,1,34.99,0.0,34.99,19.24,19.24,15.75
2024-09-26,APAC,Online,Beauty & Wellness,Vitamin C Serum,4,29.99,0.0,119.96,10.5,42.0,77.96
2024-09-26,APAC,Online,Electronics,Smart Speaker,4,49.99,0.0,199.96,34.99,139.96,60.0
2024-09-26,APAC,Online,Home & Kitchen,Coffee Grinder,1,39.99,0.25,29.99,23.99,23.99,6.0
2024-09-26,EMEA,In-store,Apparel,Wool Socks 3-pack,14,14.99,0.25,157.4,6.0,84.0,73.4
2024-09-26,EMEA,In-store,Media & Entertainment,Board Game,7,34.99,0.0,244.93,19.24,134.68,110.25
2024-09-26,LATAM,In-store,Beauty & Wellness,Collagen Powder,2,34.99,0.0,69.98,14.0,28.0,41.98
2024-09-26,LATAM,Online,Home & Kitchen,Coffee Grinder,1,39.99,0.0,39.99,23.99,23.99,16.0
2024-09-26,North America,In-store,Beauty & Wellness,Collagen Powder,10,34.99,0.0,349.9,14.0,140.0,209.9
2024-09-26,North America,In-store,Home & Kitchen,Cookware Set,4,129.99,0.15,441.97,84.49,337.96,104.01
2024-09-26,North America,Online,Beauty & Wellness,Electric Toothbrush,2,59.99,0.0,119.98,32.99,65.98,54.0
2024-09-26,UK & Ireland,Online,Electronics,Smart Speaker,2,49.99,0.25,74.98,34.99,69.98,5.0
2024-09-27,APAC,In-store,Electronics,Wireless Earbuds,8,79.99,0.2,511.94,51.99,415.92,96.02
2024-09-27,APAC,Online,Home & Kitchen,Cookware Set,3,129.99,0.0,389.97,84.49,253.47,136.5
2024-09-27,EMEA,In-store,Electronics,USB-C Charger,15,19.99,0.0,299.85,10.99,164.85,135.0
2024-09-27,EMEA,Online,Electronics,Wireless Earbuds,3,79.99,0.0,239.97,51.99,155.97,84.0
2024-09-27,EMEA,Online,Home & Kitchen,Cookware Set,1,129.99,0.0,129.99,84.49,84.49,45.5
2024-09-27,LATAM,Online,Electronics,Wireless Earbuds,3,79.99,0.25,179.98,51.99,155.97,24.01
2024-09-27,North America,In-store,Beauty & Wellness,Vitamin C Serum,3,29.99,0.0,89.97,10.5,31.5,58.47
2024-09-27,North America,In-store,Electronics,USB-C Charger,16,19.99,0.2,255.87,10.99,175.84,80.03
2024-09-27,North America,In-store,Home & Kitchen,Coffee Grinder,4,39.99,0.1,143.96,23.99,95.96,48.0
2024-09-27,North America,In-store,Media & Entertainment,Blu-ray Box Set,9,39.99,0.25,269.93,29.99,269.91,0.02
2024-09-27,North America,Online,Electronics,Smart Speaker,2,49.99,0.2,79.98,34.99,69.98,10.0
2024-09-27,UK & Ireland,In-store,Electronics,Wireless Earbuds,9,79.99,0.0,719.91,51.99,467.91,252.0
2024-09-27,UK & Ireland,Online,Beauty & Wellness,Electric Toothbrush,1,59.99,0.1,53.99,32.99,32.99,21.0
2024-09-27,UK & Ireland,Online,Beauty & Wellness,Vitamin C Serum,3,29.99,0.0,89.97,10.5,31.5,58.47
2024-09-28,APAC,In-store,Beauty & Wellness,Electric Toothbrush,3,59.99,0.25,134.98,32.99,98.97,36.01
2024-09-28,APAC,In-store,Electronics,Wireless Earbuds,14,79.99,0.0,1119.86,51.99,727.86,392.0
2024-09-28,APAC,In-store,Media & Entertainment,Board Game,13,34.99,0.0,454.87,19.24,250.12,204.75
2024-09-28,APAC,Online,Apparel,Denim Jacket,5,69.99,0.1,314.95,34.99,174.95,140.0
2024-09-28,LATAM,In-store,Home & Kitchen,Air Fryer,4,89.99,0.0,359.96,62.99,251.96,108.0
2024-09-28,North America,In-store,Media & Entertainment,Board Game,11,34.99,0.25,288.67,19.24,211.64,77.03
2024-09-28,UK & Ireland,In-store,Beauty & Wellness,Vitamin C Serum,13,29.99,0.0,389.87,10.5,136.5,253.37
2024-09-28,UK & Ireland,In-store,Home & Kitchen,Coffee Grinder,4,39.99,0.25,119.97,23.99,95.96,24.01
2024-09-28,UK & Ireland,Online,Electronics,Wireless Earbuds,4,79.99,0.25,239.97,51.99,207.96,32.01
2024-09-28,UK & Ireland,Online,Home & Kitchen,Cookware Set,6,129.99,0.0,779.94,84.49,506.94,273.0
2024-09-29,APAC,In-store,Apparel,Denim Jacket,4,69.99,0.15,237.97,34.99,139.96,98.01
2024-09-29,APAC,In-store,Beauty & Wellness,Collagen Powder,2,34.99,0.0,69.98,14.0,28.0,41.98
2024-09-29,APAC,In-store,Electronics,Wireless Earbuds,11,79.99,0.15,747.91,51.99,571.89,176.02
2024-09-29,APAC,In-store,Media & Entertainment,Vinyl Record,7,27.99,0.0,195.93,16.79,117.53,78.4
2024-09-29,EMEA,In-store,Media & Entertainment,Vinyl Record,5,27.99,0.0,139.95,16.79,83.95,56.0
2024-09-29,EMEA,Online,Apparel,Wool Socks 3-pack,5,14.99,0.0,74.95,6.0,30.0,44.95
2024-09-29,EMEA,Online,Electronics,USB-C Charger,6,19.99,0.15,101.95,10.99,65.94,36.01
2024-09-29,LATAM,In-store,Apparel,Wool Socks 3-pack,10,14.99,0.0,149.9,6.0,60.0,89.9
2024-09-29,LATAM,In-store,Home & Kitchen,Coffee Grinder,1,39.99,0.0,39.99,23.99,23.99,16.0
2024-09-29,LATAM,In-store,Media & Entertainment,Blu-ray Box Set,12,39.99,0.0,479.88,29.99,359.88,120.0
2024-09-29,LATAM,Online,Media & Entertainment,Blu-ray Box Set,3,39.99,0.0,119.97,29.99,89.97,30.0
2024-09-29,North America,In-store,Apparel,Denim Jacket,5,69.99,0.15,297.46,34.99,174.95,122.51
2024-09-29,North America,In-store,Beauty & Wellness,Electric Toothbrush,9,59.99,0.0,539.91,32.99,296.91,243.0
2024-09-29,North America,In-store,Beauty & Wellness,Vitamin C Serum,14,29.99,0.15,356.88,10.5,147.0,209.88
2024-09-29,North America,Online,Apparel,Running Tee,2,24.99,0.0,49.98,11.25,22.5,27.48
2024-09-29,North America,Online,Beauty & Wellness,Vitamin C Serum,4,29.99,0.0,119.96,10.5,42.0,77.96
2024-09-29,North America,Online,Electronics,USB-C Charger,5,19.99,0.0,99.95,10.99,54.95,45.0
2024-09-29,North America,Online,Media & Entertainment,Board Game,1,34.99,0.0,34.99,19.24,19.24,15.75
2024-09-29,UK & Ireland,In-store,Apparel,Denim Jacket,2,69.99,0.25,104.98,34.99,69.98,35.0
2024-09-29,UK & Ireland,In-store,Home & Kitchen,Air Fryer,7,89.99,0.0,629.93,62.99,440.93,189.0
2024-09-29,UK & Ireland,In-store,Media & Entertainment,Blu-ray Box Set,10,39.99,0.0,399.9,29.99,299.9,100.0
2024-09-30,APAC,In-store,Beauty & Wellness,Collagen Powder,8,34.99,0.0,279.92,14.0,112.0,167.92
2024-09-30,APAC,Online,Electronics,Smart Speaker,3,49.99,0.25,112.48,34.99,104.97,7.51
2024-09-30,EMEA,In-store,Beauty & Wellness,Electric Toothbrush,5,59.99,0.15,254.96,32.99,164.95,90.01
2024-09-30,EMEA,In-store,Beauty & Wellness,Vitamin C Serum,4,29.99,0.25,89.97,10.5,42.0,47.97
2024-09-30,EMEA,In-store,Electronics,Smart Speaker,5,49.99,0.0,249.95,34.99,174.95,75.0
2024-09-30,EMEA,In-store,Home & Kitchen,Air Fryer,3,89.99,0.2,215.98,62.99,188.97,27.01
2024-09-30,EMEA,Online,Electronics,USB-C Charger,4,19.99,0.0,79.96,10.99,43.96,36.0
2024-09-30,EMEA,Online,Home & Kitchen,Cookware Set,3,129.99,0.0,389.97,84.49,253.47,136.5
2024-09-30,EMEA,Online,Media & Entertainment,Vinyl Record,1,27.99,0.25,20.99,16.79,16.79,4.2
2024-09-30,LATAM,In-store,Apparel,Denim Jacket,5,69.99,0.0,349.95,34.99,174.95,175.0
2024-09-30,LATAM,Online,Apparel,Wool Socks 3-pack,3,14.99,0.0,44.97,6.0,18.0,26.97
2024-09-30,LATAM,Online,Electronics,Wireless Earbuds,2,79.99,0.0,159.98,51.99,103.98,56.0
2024-09-30,North America,Online,Media & Entertainment,Vinyl Record,8,27.99,0.0,223.92,16.79,134.32,89.6
2024-09-30,UK & Ireland,In-store,Apparel,Running Tee,3,24.99,0.0,74.97,11.25,33.75,41.22
2024-09-30,UK & Ireland,In-store,Home & Kitchen,Cookware Set,9,129.99,0.1,1052.92,84.49,760.41,292.51
2024-09-30,UK & Ireland,Online,Electronics,Smart Speaker,5,49.99,0.0,249.95,34.99,174.95,75.0
2024-09-30,UK & Ireland,Online,Electronics,USB-C Charger,1,19.99,0.0,19.99,10.99,10.99,9.0
2024-09-30,UK & Ireland,Online,Electronics,Wireless Earbuds,5,79.99,0.0,399.95,51.99,259.95,140.0
2024-10-01,APAC,In-store,Beauty & Wellness,Collagen Powder,4,34.99,0.25,104.97,14.0,56.0,48.97
2024-10-01,APAC,In-store,Electronics,Smart Speaker,12,49.99,0.0,599.88,34.99,419.88,180.0
2024-10-01,APAC,Online,Home & Kitchen,Cookware Set,1,129.99,0.0,129.99,84.49,84.49,45.5
2024-10-01,EMEA,In-store,Electronics,Wireless Earbuds,11,79.99,0.0,879.89,51.99,571.89,308.0
2024-10-01,EMEA,Online,Electronics,Smart Speaker,6,49.99,0.0,299.94,34.99,209.94,90.0
2024-10-01,LATAM,In-store,Electronics,Wireless Earbuds,12,79.99,0.0,959.88,51.99,623.88,336.0
2024-10-01,LATAM,Online,Home & Kitchen,Coffee Grinder,3,39.99,0.1,107.97,23.99,71.97,36.0
2024-10-01,North America,In-store,Apparel,Running Tee,6,24.99,0.0,149.94,11.25,67.5,82.44
2024-10-01,North America,In-store,Media & Entertainment,Board Game,7,34.99,0.0,244.93,19.24,134.68,110.25
2024-10-01,North America,Online,Media & Entertainment,Vinyl Record,1,27.99,0.2,22.39,16.79,16.79,5.6
2024-10-01,UK & Ireland,In-store,Media & Entertainment,Blu-ray Box Set,2,39.99,0.0,79.98,29.99,59.98,20.0
2024-10-02,APAC,Online,Apparel,Denim Jacket,1,69.99,0.0,69.99,34.99,34.99,35.0
2024-10-02,APAC,Online,Home & Kitchen,Air Fryer,5,89.99,0.15,382.46,62.99,314.95,67.51
2024-10-02,EMEA,Online,Apparel,Denim Jacket,3,69.99,0.25,157.48,34.99,104.97,52.51
2024-10-02,EMEA,Online,Apparel,Wool Socks 3-pack,7,14.99,0.0,104.93,6.0,42.0,62.93
2024-10-02,LATAM,In-store,Electronics,Wireless Earbuds,8,79.99,0.15,543.93,51.99,415.92,128.01
2024-10-02,LATAM,In-store,Home & Kitchen,Coffee Grinder,3,39.99,0.0,119.97,23.99,71.97,48.0
2024-10-02,LATAM,Online,Beauty & Wellness,Electric Toothbrush,1,59.99,0.0,59.99,32.99,32.99,27.0
2024-10-02,LATAM,Online,Beauty & Wellness,Vitamin C Serum,1,29.99,0.0,29.99,10.5,10.5,19.49
2024-10-02,LATAM,Online,Electronics,Wireless Earbuds,4,79.99,0.0,319.96,51.99,207.96,112.0
2024-10-02,LATAM,Online,Home & Kitchen,Air Fryer,3,89.99,0.0,269.97,62.99,188.97,81.0
2024-10-02,LATAM,Online,Media & Entertainment,Blu-ray Box Set,1,39.99,0.0,39.99,29.99,29.99,10.0
2024-10-02,LATAM,Online,Media & Entertainment,Board Game,1,34.99,0.2,27.99,19.24,19.24,8.75
2024-10-02,North America,In-store,Apparel,Denim Jacket,5,69.99,0.0,349.95,34.99,174.95,175.0
2024-10-02,North America,Online,Media & Entertainment,Blu-ray Box Set,2,39.99,0.0,79.98,29.99,59.98,20.0
2024-10-02,UK & Ireland,In-store,Home & Kitchen,Air Fryer,11,89.99,0.2,791.91,62.99,692.89,99.02
2024-10-02,UK & Ireland,Online,Beauty & Wellness,Electric Toothbrush,1,59.99,0.15,50.99,32.99,32.99,18.0
2024-10-02,UK & Ireland,Online,Electronics,USB-C Charger,7,19.99,0.0,139.93,10.99,76.93,63.0
2024-10-03,APAC,In-store,Media & Entertainment,Blu-ray Box Set,4,39.99,0.15,135.97,29.99,119.96,16.01
2024-10-03,APAC,Online,Apparel,Running Tee,3,24.99,0.0,74.97,11.25,33.75,41.22
2024-10-03,APAC,Online,Home & Kitchen,Air Fryer,4,89.99,0.2,287.97,62.99,251.96,36.01
2024-10-03,APAC,Online,Media & Entertainment,Blu-ray Box Set,4,39.99,0.0,159.96,29.99,119.96,40.0
2024-10-03,APAC,Online,Media & Entertainment,Board Game,4,34.99,0.0,139.96,19.24,76.96,63.0
2024-10-03,EMEA,In-store,Home & Kitchen,Air Fryer,4,89.99,0.0,359.96,62.99,251.96,108.0
2024-10-03,EMEA,Online,Beauty & Wellness,Electric Toothbrush,3,59.99,0.1,161.97,32.99,98.97,63.0
2024-10-03,EMEA,Online,Electronics,Wireless Earbuds,4,79.99,0.15,271.97,51.99,207.96,64.01
2024-10-03,LATAM,In-store,Beauty & Wellness,Electric Toothbrush,6,59.99,0.0,359.94,32.99,197.94,162.0
2024-10-03,LATAM,In-store,Electronics,Wireless Earbuds,8,79.99,0.1,575.93,51.99,415.92,160.01
2024-10-03,LATAM,In-store,Media & Entertainment,Vinyl Record,7,27.99,0.0,195.93,16.79,117.53,78.4
2024-10-03,LATAM,Online,Electronics,USB-C Charger,3,19.99,0.2,47.98,10.99,32.97,15.01
2024-10-03,LATAM,Online,Electronics,Wireless Earbuds,4,79.99,0.0,319.96,51.99,207.96,112.0
2024-10-03,LATAM,Online,Home & Kitchen,Coffee Grinder,1,39.99,0.2,31.99,23.99,23.99,8.0
2024-10-03,North America,In-store,Home & Kitchen,Air Fryer,7,89.99,0.15,535.44,62.99,440.93,94.51
2024-10-03,North America,Online,Media & Entertainment,Blu-ray Box Set,4,39.99,0.0,159.96,29.99,119.96,40.0
2024-10-03,UK & Ireland,In-store,Beauty & Wellness,Vitamin C Serum,4,29.99,0.2,95.97,10.5,42.0,53.97
2024-10-03,UK & Ireland,In-store,Media & Entertainment,Board Game,9,34.99,0.1,283.42,19.24,173.16,110.26
2024-10-03,UK & Ireland,Online,Home & Kitchen,Coffee Grinder,3,39.99,0.0,119.97,23.99,71.97,48.0
2024-10-04,APAC,In-store,Electronics,Smart Speaker,8,49.99,0.25,299.94,34.99,279.92,20.02
2024-10-04,EMEA,In-store,Beauty & Wellness,Collagen Powder,3,34.99,0.0,104.97,14.0,42.0,62.97
2024-10-04,EMEA,In-store,Beauty & Wellness,Electric Toothbrush,6,59.99,0.0,359.94,32.99,197.94,162.0
2024-10-04,EMEA,In-store,Electronics,USB-C Charger,11,19.99,0.0,219.89,10.99,120.89,99.0
2024-10-04,EMEA,In-store,Electronics,Wireless Earbuds,8,79.99,0.0,639.92,51.99,415.92,224.0
2024-10-04,LATAM,In-store,Beauty & Wellness,Electric Toothbrush,5,59.99,0.0,299.95,32.99,164.95,135.0
2024-10-04,LATAM,In-store,Electronics,Smart Speaker,5,49.99,0.15,212.46,34.99,174.95,37.51
2024-10-04,LATAM,Online,Apparel,Wool Socks 3-pack,3,14.99,0.0,44.97,6.0,18.0,26.97
2024-10-04,North America,In-store,Beauty & Wellness,Collagen Powder,5,34.99,0.1,157.46,14.0,70.0,87.46
2024-10-04,North America,Online,Home & Kitchen,Coffee Grinder,1,39.99,0.0,39.99,23.99,23.99,16.0
2024-10-04,North America,Online,Home & Kitchen,Cookware Set,1,129.99,0.0,129.99,84.49,84.49,45.5
2024-10-04,UK & Ireland,Online,Apparel,Running Tee,2,24.99,0.25,37.48,11.25,22.5,14.98
2024-10-04,UK & Ireland,Online,Home & Kitchen,Air Fryer,1,89.99,0.0,89.99,62.99,62.99,27.0
2024-10-05,APAC,In-store,Apparel,Denim Jacket,1,69.99,0.0,69.99,34.99,34.99,35.0
2024-10-05,APAC,In-store,Home & Kitchen,Air Fryer,10,89.99,0.0,899.9,62.99,629.9,270.0
2024-10-05,APAC,Online,Home & Kitchen,Coffee Grinder,2,39.99,0.0,79.98,23.99,47.98,32.0
2024-10-05,APAC,Online,Media & Entertainment,Board Game,3,34.99,0.1,94.47,19.24,57.72,36.75
2024-10-05,EMEA,In-store,Apparel,Denim Jacket,8,69.99,0.1,503.93,34.99,279.92,224.01
2024-10-05,EMEA,In-store,Apparel,Wool Socks 3-pack,13,14.99,0.15,165.64,6.0,78.0,87.64
2024-10-05,LATAM,Online,Beauty & Wellness,Electric Toothbrush,2,59.99,0.0,119.98,32.99,65.98,54.0
2024-10-05,North America,In-store,Beauty & Wellness,Collagen Powder,7,34.99,0.1,220.44,14.0,98.0,122.44
2024-10-05,UK & Ireland,In-store,Beauty & Wellness,Vitamin C Serum,9,29.99,0.0,269.91,10.5,94.5,175.41
2024-10-05,UK & Ireland,Online,Beauty & Wellness,Collagen Powder,5,34.99,0.0,174.95,14.0,70.0,104.95
2024-10-05,UK & Ireland,Online,Media & Entertainment,Board Game,3,34.99,0.2,83.98,19.24,57.72,26.26
2024-10-06,APAC,In-store,Home & Kitchen,Air Fryer,10,89.99,0.0,899.9,62.99,629.9,270.0
2024-10-06,APAC,In-store,Media & Entertainment,Board Game,8,34.99,0.0,279.92,19.24,153.92,126.0
2024-10-06,APAC,Online,Apparel,Running Tee,3,24.99,0.0,74.97,11.25,33.75,41.22
2024-10-06,APAC,Online,Apparel,Wool Socks 3-pack,2,14.99,0.0,29.98,6.0,12.0,17.98
2024-10-06,APAC,Online,Beauty & Wellness,Collagen Powder,1,34.99,0.15,29.74,14.0,14.0,15.74
2024-10-06,APAC,Online,Beauty & Wellness,Vitamin C Serum,3,29.99,0.2,71.98,10.5,31.5,40.48
2024-10-06,EMEA,In-store,Electronics,USB-C Charger,10,19.99,0.1,179.91,10.99,109.9,70.01
2024-10-06,LATAM,In-store,Media & Entertainment,Board Game,9,34.99,0.25,236.18,19.24,173.16,63.02
2024-10-06,LATAM,In-store,Media & Entertainment,Vinyl Record,3,27.99,0.0,83.97,16.79,50.37,33.6
2024-10-06,LATAM,Online,Electronics,Wireless Earbuds,4,79.99,0.25,239.97,51.99,207.96,32.01
2024-10-06,North America,In-store,Electronics,Wireless Earbuds,17,79.99,0.0,1359.83,51.99,883.83,476.0
2024-10-06,North America,Online,Electronics,Smart Speaker,1,49.99,0.0,49.99,34.99,34.99,15.0
2024-10-06,UK & Ireland,Online,Home & Kitchen,Air Fryer,3,89.99,0.15,229.47,62.99,188.97,40.5
2024-10-07,APAC,In-store,Apparel,Running Tee,8,24.99,0.0,199.92,11.25,90.0,109.92
2024-10-07,APAC,In-store,Home & Kitchen,Cookware Set,5,129.99,0.0,649.95,84.49,422.45,227.5
2024-10-07,EMEA,In-store,Apparel,Denim Jacket,4,69.99,0.0,279.96,34.99,139.96,140.0
2024-10-07,EMEA,In-store,Media & Entertainment,Blu-ray Box Set,4,39.99,0.0,159.96,29.99,119.96,40.0
2024-10-07,EMEA,Online,Apparel,Running Tee,2,24.99,0.0,49.98,11.25,22.5,27.48
2024-10-07,EMEA,Online,Electronics,USB-C Charger,1,19.99,0.15,16.99,10.99,10.99,6.0
2024-10-07,EMEA,Online,Electronics,Wireless Earbuds,3,79.99,0.25,179.98,51.99,155.97,24.01
2024-10-07,EMEA,Online,Home & Kitchen,Coffee Grinder,2,39.99,0.25,59.98,23.99,47.98,12.0
2024-10-07,LATAM,In-store,Beauty & Wellness,Vitamin C Serum,6,29.99,0.25,134.95,10.5,63.0,71.95
2024-10-07,LATAM,In-store,Home & Kitchen,Air Fryer,4,89.99,0.2,287.97,62.99,251.96,36.01
2024-10-07,LATAM,Online,Beauty & Wellness,Collagen Powder,3,34.99,0.1,94.47,14.0,42.0,52.47
2024-10-07,North America,Online,Beauty & Wellness,Electric Toothbrush,1,59.99,0.0,59.99,32.99,32.99,27.0
2024-10-07,North America,Online,Electronics,USB-C Charger,5,19.99,0.0,99.95,10.99,54.95,45.0
2024-10-07,UK & Ireland,In-store,Apparel,Wool Socks 3-pack,6,14.99,0.0,89.94,6.0,36.0,53.94
2024-10-07,UK & Ireland,In-store,Beauty & Wellness,Vitamin C Serum,4,29.99,0.0,119.96,10.5,42.0,77.96
2024-10-07,UK & Ireland,In-store,Media & Entertainment,Blu-ray Box Set,10,39.99,0.0,399.9,29.99,299.9,100.0
2024-10-07,UK & Ireland,Online,Apparel,Running Tee,1,24.99,0.0,24.99,11.25,11.25,13.74
2024-10-08,APAC,In-store,Electronics,Smart Speaker,2,49.99,0.2,79.98,34.99,69.98,10.0
2024-10-08,APAC,In-store,Media & Entertainment,Board Game,10,34.99,0.0,349.9,19.24,192.4,157.5
2024-10-08,EMEA,In-store,Apparel,Running Tee,13,24.99,0.15,276.14,11.25,146.25,129.89
2024-10-08,EMEA,In-store,Beauty & Wellness,Collagen Powder,1,34.99,0.0,34.99,14.0,14.0,20.99
2024-10-08,EMEA,In-store,Beauty & Wellness,Electric Toothbrush,2,59.99,0.2,95.98,32.99,65.98,30.0
2024-10-08,EMEA,In-store,Electronics,USB-C Charger,15,19.99,0.0,299.85,10.99,164.85,135.0
2024-10-08,EMEA,Online,Media & Entertainment,Vinyl Record,2,27.99,0.25,41.98,16.79,33.58,8.4
2024-10-08,LATAM,In-store,Media & Entertainment,Vinyl Record,1,27.99,0.0,27.99,16.79,16.79,11.2
2024-10-08,LATAM,Online,Electronics,Smart Speaker,2,49.99,0.0,99.98,34.99,69.98,30.0
2024-10-08,LATAM,Online,Electronics,Wireless Earbuds,4,79.99,0.0,319.96,51.99,207.96,112.0
2024-10-08,LATAM,Online,Home & Kitchen,Coffee Grinder,2,39.99,0.0,79.98,23.99,47.98,32.0
2024-10-08,North America,In-store,Apparel,Running Tee,16,24.99,0.0,399.84,11.25,180.0,219.84
2024-10-08,North America,Online,Beauty & Wellness,Collagen Powder,1,34.99,0.0,34.99,14.0,14.0,20.99
2024-10-08,UK & Ireland,In-store,Electronics,Wireless Earbuds,5,79.99,0.2,319.96,51.99,259.95,60.01
2024-10-08,UK & Ireland,In-store,Media & Entertainment,Blu-ray Box Set,6,39.99,0.0,239.94,29.99,179.94,60.0
2024-10-08,UK & Ireland,Online,Beauty & Wellness,Vitamin C Serum,1,29.99,0.0,29.99,10.5,10.5,19.49
2024-10-09,APAC,In-store,Apparel,Denim Jacket,3,69.99,0.15,178.47,34.99,104.97,73.5
2024-10-09,APAC,In-store,Electronics,Smart Speaker,8,49.99,0.15,339.93,34.99,279.92,60.01
2024-10-09,APAC,In-store,Electronics,Wireless Earbuds,15,79.99,0.0,1199.85,51.99,779.85,420.0
2024-10-09,APAC,In-store,Home & Kitchen,Air Fryer,6,89.99,0.1,485.95,62.99,377.94,108.01
2024-10-09,APAC,Online,Electronics,USB-C Charger,5,19.99,0.0,99.95,10.99,54.95,45.0
2024-10-09,APAC,Online,Media & Entertainment,Vinyl Record,4,27.99,0.15,95.17,16.79,67.16,28.01
2024-10-09,EMEA,In-store,Electronics,USB-C Charger,10,19.99,0.25,149.92,10.99,109.9,40.02
2024-10-09,EMEA,Online,Beauty & Wellness,Electric Toothbrush,4,59.99,0.0,239.96,32.99,131.96,108.0
2024-10-09,EMEA,Online,Beauty & Wellness,Vitamin C Serum,4,29.99,0.2,95.97,10.5,42.0,53.97
2024-10-09,EMEA,Online,Electronics,Wireless Earbuds,4,79.99,0.0,319.96,51.99,207.96,112.0
2024-10-09,LATAM,Online,Apparel,Denim Jacket,2,69.99,0.0,139.98,34.99,69.98,70.0
2024-10-09,LATAM,Online,Apparel,Running Tee,7,24.99,0.0,174.93,11.25,78.75,96.18
2024-10-09,North America,In-store,Apparel,Denim Jacket,2,69.99,0.0,139.98,34.99,69.98,70.0
2024-10-09,North America,In-store,Home & Kitchen,Coffee Grinder,3,39.99,0.15,101.97,23.99,71.97,30.0
2024-10-09,North America,Online,Apparel,Wool Socks 3-pack,4,14.99,0.0,59.96,6.0,24.0,35.96
2024-10-09,North America,Online,Media & Entertainment,Vinyl Record,3,27.99,0.0,83.97,16.79,50.37,33.6
2024-10-09,UK & Ireland,Online,Electronics,Wireless Earbuds,9,79.99,0.0,719.91,51.99,467.91,252.0
2024-10-10,APAC,In-store,Home & Kitchen,Air Fryer,3,89.99,0.0,269.97,62.99,188.97,81.0
2024-10-10,APAC,Online,Beauty & Wellness,Electric Toothbrush,3,59.99,0.2,143.98,32.99,98.97,45.01
2024-10-10,APAC,Online,Beauty & Wellness,Vitamin C Serum,1,29.99,0.0,29.99,10.5,10.5,19.49
2024-10-10,APAC,Online,Media & Entertainment,Blu-ray Box Set,5,39.99,0.0,199.95,29.99,149.95,50.0
2024-10-10,EMEA,Online,Beauty & Wellness,Electric Toothbrush,2,59.99,0.0,119.98,32.99,65.98,54.0
2024-10-10,LATAM,Online,Home & Kitchen,Air Fryer,3,89.99,0.0,269.97,62.99,188.97,81.0
2024-10-10,LATAM,Online,Home & Kitchen,Coffee Grinder,1,39.99,0.0,39.99,23.99,23.99,16.0
2024-10-10,UK & Ireland,In-store,Beauty & Wellness,Electric Toothbrush,6,59.99,0.0,359.94,32.99,197.94,162.0
2024-10-11,APAC,Online,Electronics,Smart Speaker,6,49.99,0.0,299.94,34.99,209.94,90.0
2024-10-11,EMEA,In-store,Electronics,Smart Speaker,13,49.99,0.0,649.87,34.99,454.87,195.0
2024-10-11,EMEA,In-store,Electronics,Wireless Earbuds,16,79.99,0.0,1279.84,51.99,831.84,448.0
2024-10-11,EMEA,Online,Apparel,Running Tee,7,24.99,0.1,157.44,11.25,78.75,78.69
2024-10-11,EMEA,Online,Electronics,USB-C Charger,7,19.99,0.0,139.93,10.99,76.93,63.0
2024-10-11,EMEA,Online,Home & Kitchen,Coffee Grinder,3,39.99,0.0,119.97,23.99,71.97,48.0
2024-10-11,LATAM,In-store,Beauty & Wellness,Electric Toothbrush,6,59.99,0.15,305.95,32.99,197.94,108.01
2024-10-11,LATAM,In-store,Electronics,Wireless Earbuds,10,79.99,0.15,679.91,51.99,519.9,160.01
2024-10-11,LATAM,Online,Beauty & Wellness,Collagen Powder,2,34.99,0.0,69.98,14.0,28.0,41.98
2024-10-11,LATAM,Online,Electronics,Wireless Earbuds,2,79.99,0.1,143.98,51.99,103.98,40.0
2024-10-11,LATAM,Online,Media & Entertainment,Blu-ray Box Set,1,39.99,0.0,39.99,29.99,29.99,10.0
2024-10-11,North America,In-store,Beauty & Wellness,Vitamin C Serum,15,29.99,0.0,449.85,10.5,157.5,292.35
2024-10-11,UK & Ireland,In-store,Apparel,Running Tee,9,24.99,0.0,224.91,11.25,101.25,123.66
2024-10-11,UK & Ireland,In-store,Apparel,Wool Socks 3-pack,10,14.99,0.0,149.9,6.0,60.0,89.9
2024-10-12,APAC,In-store,Apparel,Running Tee,10,24.99,0.2,199.92,11.25,112.5,87.42
2024-10-12,APAC,Online,Electronics,USB-C Charger,3,19.99,0.15,50.97,10.99,32.97,18.0
2024-10-12,APAC,Online,Home & Kitchen,Coffee Grinder,3,39.99,0.0,119.97,23.99,71.97,48.0
2024-10-12,EMEA,In-store,Electronics,Smart Speaker,10,49.99,0.0,499.9,34.99,349.9,150.0
2024-10-12,EMEA,In-store,Media & Entertainment,Blu-ray Box Set,13,39.99,0.0,519.87,29.99,389.87,130.0
2024-10-12,EMEA,Online,Electronics,Smart Speaker,1,49.99,0.0,49.99,34.99,34.99,15.0
2024-10-12,LATAM,In-store,Beauty & Wellness,Electric Toothbrush,1,59.99,0.0,59.99,32.99,32.99,27.0
2024-10-12,LATAM,In-store,Electronics,USB-C Charger,18,19.99,0.0,359.82,10.99,197.82,162.0
2024-10-12,North America,In-store,Electronics,USB-C Charger,15,19.99,0.0,299.85,10.99,164.85,135.0
2024-10-12,North America,In-store,Home & Kitchen,Cookware Set,7,129.99,0.25,682.45,84.49,591.43,91.02
2024-10-12,North America,In-store,Media & Entertainment,Vinyl Record,9,27.99,0.1,226.72,16.79,151.11,75.61
2024-10-12,North America,Online,Electronics,Smart Speaker,2,49.99,0.0,99.98,34.99,69.98,30.0
2024-10-12,North America,Online,Media & Entertainment,Board Game,5,34.99,0.0,174.95,19.24,96.2,78.75
2024-10-12,UK & Ireland,In-store,Electronics,USB-C Charger,18,19.99,0.1,323.84,10.99,197.82,126.02
2024-10-12,UK & Ireland,In-store,Home & Kitchen,Coffee Grinder,5,39.99,0.15,169.96,23.99,119.95,50.01
2024-10-12,UK & Ireland,Online,Electronics,Smart Speaker,1,49.99,0.0,49.99,34.99,34.99,15.0
2024-10-13,APAC,In-store,Home & Kitchen,Coffee Grinder,6,39.99,0.15,203.95,23.99,143.94,60.01
2024-10-13,APAC,In-store,Home & Kitchen,Cookware Set,2,129.99,0.0,259.98,84.49,168.98,91.0
2024-10-13,EMEA,Online,Beauty & Wellness,Collagen Powder,3,34.99,0.0,104.97,14.0,42.0,62.97
2024-10-13,EMEA,Online,Electronics,Wireless Earbuds,6,79.99,0.0,479.94,51.99,311.94,168.0
2024-10-13,EMEA,Online,Media & Entertainment,Board Game,6,34.99,0.0,209.94,19.24,115.44,94.5
2024-10-13,LATAM,In-store,Home & Kitchen,Coffee Grinder,3,39.99,0.0,119.97,23.99,71.97,48.0
2024-10-13,LATAM,Online,Electronics,USB-C Charger,9,19.99,0.25,134.93,10.99,98.91,36.02
2024-10-13,North America,In-store,Apparel,Wool Socks 3-pack,11,14.99,0.0,164.89,6.0,66.0,98.89
2024-10-13,North America,In-store,Beauty & Wellness,Collagen Powder,9,34.99,0.0,314.91,14.0,126.0,188.91
2024-10-13,North America,In-store,Media & Entertainment,Vinyl Record,10,27.99,0.1,251.91,16.79,167.9,84.01
2024-10-13,North America,Online,Apparel,Denim Jacket,2,69.99,0.0,139.98,34.99,69.98,70.0
2024-10-13,North America,Online,Apparel,Wool Socks 3-pack,2,14.99,0.25,22.48,6.0,12.0,10.48
2024-10-13,North America,Online,Beauty & Wellness,Electric Toothbrush,1,59.99,0.25,44.99,32.99,32.99,12.0
2024-10-13,UK & Ireland,In-store,Beauty & Wellness,Vitamin C Serum,5,29.99,0.0,149.95,10.5,52.5,97.45
2024-10-13,UK & Ireland,Online,Media & Entertainment,Blu-ray Box Set,2,39.99,0.25,59.98,29.99,59.98,0.0
2024-10-14,APAC,In-store,Beauty & Wellness,Vitamin C Serum,3,29.99,0.0,89.97,10.5,31.5,58.47
2024-10-14,APAC,In-store,Electronics,Wireless Earbuds,7,79.99,0.0,559.93,51.99,363.93,196.0
2024-10-14,APAC,In-store,Home & Kitchen,Coffee Grinder,7,39.99,0.2,223.94,23.99,167.93,56.01
2024-10-14,APAC,In-store,Home & Kitchen,Cookware Set,4,129.99,0.0,519.96,84.49,337.96,182.0
2024-10-14,APAC,Online,Electronics,USB-C Charger,1,19.99,0.0,19.99,10.99,10.99,9.0
2024-10-14,APAC,Online,Media & Entertainment,Blu-ray Box Set,5,39.99,0.15,169.96,29.99,149.95,20.01
2024-10-14,EMEA,In-store,Beauty & Wellness,Vitamin C Serum,10,29.99,0.0,299.9,10.5,105.0,194.9
2024-10-14,EMEA,Online,Media & Entertainment,Blu-ray Box Set,3,39.99,0.15,101.97,29.99,89.97,12.0
2024-10-14,North America,In-store,Apparel,Denim Jacket,9,69.99,0.0,629.91,34.99,314.91,315.0
2024-10-14,North America,In-store,Beauty & Wellness,Collagen Powder,8,34.99,0.15,237.93,14.0,112.0,125.93
2024-10-14,North America,In-store,Media & Entertainment,Board Game,11,34.99,0.15,327.16,19.24,211.64,115.52
2024-10-14,North America,Online,Electronics,Wireless Earbuds,4,79.99,0.0,319.96,51.99,207.96,112.0
2024-10-14,UK & Ireland,In-store,Apparel,Denim Jacket,7,69.99,0.0,489.93,34.99,244.93,245.0
2024-10-14,UK & Ireland,In-store,Home & Kitchen,Coffee Grinder,3,39.99,0.15,101.97,23.99,71.97,30.0
2024-10-14,UK & Ireland,In-store,Media & Entertainment,Vinyl Record,7,27.99,0.1,176.34,16.79,117.53,58.81
2024-10-14,UK & Ireland,Online,Media & Entertainment,Blu-ray Box Set,6,39.99,0.0,239.94,29.99,179.94,60.0
2024-10-15,APAC,In-store,Media & Entertainment,Blu-ray Box Set,1,39.99,0.15,33.99,29.99,29.99,4.0
2024-10-15,APAC,Online,Electronics,USB-C Charger,5,19.99,0.0,99.95,10.99,54.95,45.0
2024-10-15,APAC,Online,Home & Kitchen,Coffee Grinder,1,39.99,0.0,39.99,23.99,23.99,16.0
2024-10-15,EMEA,In-store,Apparel,Wool Socks 3-pack,9,14.99,0.2,107.93,6.0,54.0,53.93
2024-10-15,EMEA,Online,Electronics,Smart Speaker,5,49.99,0.0,249.95,34.99,174.95,75.0
2024-10-15,LATAM,In-store,Apparel,Denim Jacket,3,69.99,0.0,209.97,34.99,104.97,105.0
2024-10-15,LATAM,In-store,Apparel,Running Tee,7,24.99,0.0,174.93,11.25,78.75,96.18
2024-10-15,LATAM,In-store,Electronics,Wireless Earbuds,7,79.99,0.1,503.94,51.99,363.93,140.01
2024-10-15,LATAM,In-store,Home & Kitchen,Air Fryer,2,89.99,0.0,179.98,62.99,125.98,54.0
2024-10-15,LATAM,Online,Home & Kitchen,Air Fryer,4,89.99,0.15,305.97,62.99,251.96,54.01
2024-10-15,UK & Ireland,In-store,Apparel,Denim Jacket,3,69.99,0.0,209.97,34.99,104.97,105.0
2024-10-15,UK & Ireland,In-store,Electronics,USB-C Charger,5,19.99,0.25,74.96,10.99,54.95,20.01
2024-10-15,UK & Ireland,In-store,Home & Kitchen,Coffee Grinder,6,39.99,0.0,239.94,23.99,143.94,96.0
2024-10-15,UK & Ireland,In-store,Media & Entertainment,Vinyl Record,8,27.99,0.0,223.92,16.79,134.32,89.6
2024-10-16,APAC,In-store,Apparel,Running Tee,6,24.99,0.0,149.94,11.25,67.5,82.44
2024-10-16,APAC,Online,Beauty & Wellness,Collagen Powder,2,34.99,0.0,69.98,14.0,28.0,41.98
2024-10-16,APAC,Online,Electronics,Smart Speaker,1,49.99,0.0,49.99,34.99,34.99,15.0
2024-10-16,EMEA,Online,Apparel,Running Tee,7,24.99,0.1,157.44,11.25,78.75,78.69
2024-10-16,EMEA,Online,Beauty & Wellness,Electric Toothbrush,2,59.99,0.0,119.98,32.99,65.98,54.0
2024-10-16,EMEA,Online,Home & Kitchen,Air Fryer,2,89.99,0.2,143.98,62.99,125.98,18.0
2024-10-16,EMEA,Online,Home & Kitchen,Coffee Grinder,1,39.99,0.0,39.99,23.99,23.99,16.0
2024-10-16,LATAM,In-store,Apparel,Running Tee,6,24.99,0.15,127.45,11.25,67.5,59.95
2024-10-16,LATAM,In-store,Beauty & Wellness,Collagen Powder,6,34.99,0.0,209.94,14.0,84.0,125.94
2024-10-16,LATAM,In-store,Beauty & Wellness,Electric Toothbrush,3,59.99,0.15,152.97,32.99,98.97,54.0
2024-10-16,North America,Online,Beauty & Wellness,Collagen Powder,2,34.99,0.0,69.98,14.0,28.0,41.98
2024-10-16,North America,Online,Beauty & Wellness,Electric Toothbrush,5,59.99,0.15,254.96,32.99,164.95,90.01
2024-10-16,North America,Online,Home & Kitchen,Air Fryer,5,89.99,0.0,449.95,62.99,314.95,135.0
2024-10-16,UK & Ireland,In-store,Apparel,Denim Jacket,5,69.99,0.0,349.95,34.99,174.95,175.0
2024-10-16,UK & Ireland,Online,Beauty & Wellness,Collagen Powder,1,34.99,0.0,34.99,14.0,14.0,20.99
2024-10-16,UK & Ireland,Online,Electronics,USB-C Charger,5,19.99,0.2,79.96,10.99,54.95,25.01
2024-10-17,APAC,In-store,Apparel,Wool Socks 3-pack,13,14.99,0.0,194.87,6.0,78.0,116.87
2024-10-17,APAC,In-store,Beauty & Wellness,Collagen Powder,11,34.99,0.0,384.89,14.0,154.0,230.89
2024-10-17,APAC,Online,Apparel,Running Tee,1,24.99,0.15,21.24,11.25,11.25,9.99
2024-10-17,APAC,Online,Electronics,Smart Speaker,4,49.99,0.0,199.96,34.99,139.96,60.0
2024-10-17,EMEA,In-store,Electronics,Smart Speaker,7,49.99,0.0,349.93,34.99,244.93,105.0
2024-10-17,EMEA,In-store,Home & Kitchen,Cookware Set,4,129.99,0.0,519.96,84.49,337.96,182.0
2024-10-17,EMEA,In-store,Media & Entertainment,Blu-ray Box Set,6,39.99,0.0,239.94,29.99,179.94,60.0
2024-10-17,EMEA,Online,Home & Kitchen,Air Fryer,1,89.99,0.15,76.49,62.99,62.99,13.5
2024-10-17,LATAM,In-store,Apparel,Wool Socks 3-pack,14,14.99,0.2,167.89,6.0,84.0,83.89
2024-10-17,LATAM,Online,Apparel,Running Tee,2,24.99,0.2,39.98,11.25,22.5,17.48
2024-10-17,LATAM,Online,Electronics,USB-C Charger,6,19.99,0.0,119.94,10.99,65.94,54.0
2024-10-17,North America,Online,Electronics,USB-C Charger,3,19.99,0.25,44.98,10.99,32.97,12.01
2024-10-17,UK & Ireland,In-store,Media & Entertainment,Vinyl Record,4,27.99,0.0,111.96,16.79,67.16,44.8
2024-10-18,APAC,In-store,Electronics,Wireless Earbuds,5,79.99,0.0,399.95,51.99,259.95,140.0
2024-10-18,APAC,In-store,Media & Entertainment,Vinyl Record,5,27.99,0.0,139.95,16.79,83.95,56.0
2024-10-18,APAC,Online,Beauty & Wellness,Collagen Powder,4,34.99,0.0,139.96,14.0,56.0,83.96
2024-10-18,APAC,Online,Electronics,Wireless Earbuds,4,79.99,0.0,319.96,51.99,207.96,112.0
2024-10-18,APAC,Online,Media & Entertainment,Board Game,3,34.99,0.0,104.97,19.24,57.72,47.25
2024-10-18,EMEA,In-store,Media & Entertainment,Blu-ray Box Set,6,39.99,0.15,203.95,29.99,179.94,24.01
2024-10-18,EMEA,Online,Electronics,Smart Speaker,5,49.99,0.0,249.95,34.99,174.95,75.0
2024-10-18,LATAM,In-store,Beauty & Wellness,Electric Toothbrush,4,59.99,0.2,191.97,32.99,131.96,60.01
2024-10-18,North America,In-store,Beauty & Wellness,Electric Toothbrush,7,59.99,0.0,419.93,32.99,230.93,189.0
2024-10-18,North America,In-store,Home & Kitchen,Air Fryer,16,89.99,0.1,1295.86,62.99,1007.84,288.02
2024-10-18,UK & Ireland,Online,Beauty & Wellness,Electric Toothbrush,4,59.99,0.15,203.97,32.99,131.96,72.01
2024-10-18,UK & Ireland,Online,Electronics,Smart Speaker,2,49.99,0.15,84.98,34.99,69.98,15.0
2024-10-18,UK & Ireland,Online,Home & Kitchen,Coffee Grinder,3,39.99,0.0,119.97,23.99,71.97,48.0
2024-10-19,APAC,In-store,Beauty & Wellness,Electric Toothbrush,5,59.99,0.0,299.95,32.99,164.95,135.0
2024-10-19,APAC,In-store,Electronics,Smart Speaker,7,49.99,0.0,349.93,34.99,244.93,105.0
2024-10-19,APAC,In-store,Home & Kitchen,Coffee Grinder,3,39.99,0.0,119.97,23.99,71.97,48.0
2024-10-19,APAC,In-store,Media & Entertainment,Blu-ray Box Set,7,39.99,0.0,279.93,29.99,209.93,70.0
2024-10-19,APAC,Online,Home & Kitchen,Air Fryer,5,89.99,0.0,449.95,62.99,314.95,135.0
2024-10-19,EMEA,Online,Electronics,USB-C Charger,7,19.99,0.15,118.94,10.99,76.93,42.01
2024-10-19,EMEA,Online,Media & Entertainment,Board Game,1,34.99,0.15,29.74,19.24,19.24,10.5
2024-10-19,LATAM,In-store,Media & Entertainment,Blu-ray Box Set,6,39.99,0.0,239.94,29.99,179.94,60.0
2024-10-19,LATAM,In-store,Media & Entertainment,Vinyl Record,7,27.99,0.0,195.93,16.79,117.53,78.4
2024-10-19,LATAM,Online,Home & Kitchen,Air Fryer,3,89.99,0.0,269.97,62.99,188.97,81.0
2024-10-19,North America,In-store,Apparel,Wool Socks 3-pack,10,14.99,0.25,112.43,6.0,60.0,52.43
2024-10-19,North America,In-store,Electronics,Wireless Earbuds,10,79.99,0.15,679.91,51.99,519.9,160.01
2024-10-19,North America,Online,Media & Entertainment,Board Game,4,34.99,0.15,118.97,19.24,76.96,42.01
2024-10-19,North America,Online,Media & Entertainment,Vinyl Record,3,27.99,0.1,75.57,16.79,50.37,25.2
2024-10-19,UK & Ireland,In-store,Apparel,Denim Jacket,5,69.99,0.0,349.95,34.99,174.95,175.0
2024-10-19,UK & Ireland,Online,Beauty & Wellness,Vitamin C Serum,4,29.99,0.0,119.96,10.5,42.0,77.96
2024-10-19,UK & Ireland,Online,Home & Kitchen,Coffee Grinder,1,39.99,0.15,33.99,23.99,23.99,10.0
2024-10-20,APAC,In-store,Apparel,Running Tee,11,24.99,0.0,274.89,11.25,123.75,151.14
2024-10-20,APAC,Online,Apparel,Wool Socks 3-pack,2,14.99,0.0,29.98,6.0,12.0,17.98
2024-10-20,APAC,Online,Media & Entertainment,Blu-ray Box Set,6,39.99,0.25,179.95,29.99,179.94,0.01
2024-10-20,APAC,Online,Media & Entertainment,Board Game,5,34.99,0.0,174.95,19.24,96.2,78.75
2024-10-20,EMEA,In-store,Electronics,Wireless Earbuds,10,79.99,0.0,799.9,51.99,519.9,280.0
2024-10-20,EMEA,In-store,Media & Entertainment,Vinyl Record,7,27.99,0.0,195.93,16.79,117.53,78.4
2024-10-20,EMEA,Online,Home & Kitchen,Air Fryer,4,89.99,0.0,359.96,62.99,251.96,108.0
2024-10-20,EMEA,Online,Media & Entertainment,Board Game,6,34.99,0.0,209.94,19.24,115.44,94.5
2024-10-20,LATAM,In-store,Beauty & Wellness,Electric Toothbrush,5,59.99,0.0,299.95,32.99,164.95,135.0
2024-10-20,LATAM,In-store,Media & Entertainment,Vinyl Record,1,27.99,0.0,27.99,16.79,16.79,11.2
2024-10-20,LATAM,Online,Beauty & Wellness,Vitamin C Serum,3,29.99,0.2,71.98,10.5,31.5,40.48
2024-10-20,North America,In-store,Media & Entertainment,Blu-ray Box Set,7,39.99,0.0,279.93,29.99,209.93,70.0
2024-10-20,North America,In-store,Media & Entertainment,Board Game,18,34.99,0.0,629.82,19.24,346.32,283.5
2024-10-20,North America,Online,Electronics,Wireless Earbuds,2,79.99,0.2,127.98,51.99,103.98,24.0
2024-10-20,North America,Online,Home & Kitchen,Coffee Grinder,2,39.99,0.0,79.98,23.99,47.98,32.0
2024-10-20,UK & Ireland,In-store,Beauty & Wellness,Vitamin C Serum,8,29.99,0.0,239.92,10.5,84.0,155.92
2024-10-20,UK & Ireland,Online,Apparel,Running Tee,6,24.99,0.1,134.95,11.25,67.5,67.45
2024-10-21,APAC,In-store,Media & Entertainment,Vinyl Record,2,27.99,0.0,55.98,16.79,33.58,22.4
2024-10-21,APAC,Online,Beauty & Wellness,Vitamin C Serum,2,29.99,0.25,44.98,10.5,21.0,23.98
2024-10-21,EMEA,Online,Beauty & Wellness,Vitamin C Serum,2,29.99,0.15,50.98,10.5,21.0,29.98
2024-10-21,EMEA,Online,Media & Entertainment,Vinyl Record,5,27.99,0.0,139.95,16.79,83.95,56.0
2024-10-21,LATAM,In-store,Apparel,Running Tee,7,24.99,0.15,148.69,11.25,78.75,69.94
2024-10-21,LATAM,In-store,Beauty & Wellness,Collagen Powder,3,34.99,0.0,104.97,14.0,42.0,62.97
2024-10-21,LATAM,In-store,Media & Entertainment,Blu-ray Box Set,4,39.99,0.0,159.96,29.99,119.96,40.0
2024-10-21,LATAM,Online,Beauty & Wellness,Vitamin C Serum,2,29.99,0.0,59.98,10.5,21.0,38.98
2024-10-21,North America,In-store,Media & Entertainment,Vinyl Record,7,27.99,0.0,195.93,16.79,117.53,78.4
2024-10-21,North America,Online,Electronics,Wireless Earbuds,8,79.99,0.0,639.92,51.99,415.92,224.0
2024-10-21,UK & Ireland,In-store,Apparel,Wool Socks 3-pack,3,14.99,0.0,44.97,6.0,18.0,26.97
2024-10-21,UK & Ireland,In-store,Home & Kitchen,Air Fryer,6,89.99,0.0,539.94,62.99,377.94,162.0
2024-10-21,UK & Ireland,Online,Apparel,Denim Jacket,7,69.99,0.25,367.45,34.99,244.93,122.52
2024-10-21,UK & Ireland,Online,Home & Kitchen,Cookware Set,1,129.99,0.0,129.99,84.49,84.49,45.5
2024-10-22,APAC,In-store,Electronics,Smart Speaker,5,49.99,0.0,249.95,34.99,174.95,75.0
2024-10-22,APAC,Online,Apparel,Denim Jacket,1,69.99,0.25,52.49,34.99,34.99,17.5
2024-10-22,APAC,Online,Electronics,Smart Speaker,5,49.99,0.1,224.96,34.99,174.95,50.01
2024-10-22,EMEA,In-store,Media & Entertainment,Blu-ray Box Set,2,39.99,0.0,79.98,29.99,59.98,20.0
2024-10-22,LATAM,Online,Beauty & Wellness,Vitamin C Serum,5,29.99,0.0,149.95,10.5,52.5,97.45
2024-10-22,LATAM,Online,Electronics,USB-C Charger,3,19.99,0.0,59.97,10.99,32.97,27.0
2024-10-22,North America,Online,Apparel,Running Tee,5,24.99,0.0,124.95,11.25,56.25,68.7
2024-10-22,UK & Ireland,In-store,Apparel,Running Tee,15,24.99,0.25,281.14,11.25,168.75,112.39
2024-10-22,UK & Ireland,In-store,Media & Entertainment,Board Game,7,34.99,0.1,220.44,19.24,134.68,85.76
2024-10-22,UK & Ireland,Online,Electronics,USB-C Charger,6,19.99,0.1,107.95,10.99,65.94,42.01
2024-10-23,APAC,In-store,Beauty & Wellness,Collagen Powder,5,34.99,0.15,148.71,14.0,70.0,78.71
2024-10-23,APAC,Online,Apparel,Running Tee,6,24.99,0.0,149.94,11.25,67.5,82.44
2024-10-23,LATAM,In-store,Electronics,Wireless Earbuds,10,79.99,0.25,599.92,51.99,519.9,80.02
2024-10-23,LATAM,In-store,Media & Entertainment,Vinyl Record,5,27.99,0.15,118.96,16.79,83.95,35.01
2024-10-23,LATAM,Online,Home & Kitchen,Air Fryer,2,89.99,0.0,179.98,62.99,125.98,54.0
2024-10-23,North America,In-store,Apparel,Running Tee,7,24.99,0.0,174.93,11.25,78.75,96.18
2024-10-23,North America,In-store,Electronics,USB-C Charger,8,19.99,0.0,159.92,10.99,87.92,72.0
2024-10-23,North America,Online,Apparel,Denim Jacket,7,69.99,0.0,489.93,34.99,244.93,245.0
2024-10-23,UK & Ireland,In-store,Apparel,Wool Socks 3-pack,5,14.99,0.15,63.71,6.0,30.0,33.71
2024-10-23,UK & Ireland,Online,Apparel,Denim Jacket,3,69.99,0.0,209.97,34.99,104.97,105.0
2024-10-23,UK & Ireland,Online,Home & Kitchen,Air Fryer,3,89.99,0.0,269.97,62.99,188.97,81.0
2024-10-24,APAC,Online,Home & Kitchen,Air Fryer,5,89.99,0.0,449.95,62.99,314.95,135.0
2024-10-24,EMEA,Online,Electronics,Smart Speaker,2,49.99,0.25,74.98,34.99,69.98,5.0
2024-10-24,LATAM,In-store,Apparel,Denim Jacket,6,69.99,0.15,356.95,34.99,209.94,147.01
2024-10-24,LATAM,Online,Media & Entertainment,Vinyl Record,3,27.99,0.1,75.57,16.79,50.37,25.2
2024-10-24,North America,In-store,Electronics,Wireless Earbuds,12,79.99,0.1,863.89,51.99,623.88,240.01
2024-10-24,North America,In-store,Home & Kitchen,Coffee Grinder,9,39.99,0.0,359.91,23.99,215.91,144.0
2024-10-24,North America,Online,Home & Kitchen,Coffee Grinder,1,39.99,0.2,31.99,23.99,23.99,8.0
2024-10-24,UK & Ireland,In-store,Apparel,Running Tee,6,24.99,0.1,134.95,11.25,67.5,67.45
2024-10-24,UK & Ireland,In-store,Home & Kitchen,Cookware Set,2,129.99,0.0,259.98,84.49,168.98,91.0
2024-10-24,UK & Ireland,Online,Apparel,Denim Jacket,2,69.99,0.15,118.98,34.99,69.98,49.0
2024-10-24,UK & Ireland,Online,Electronics,USB-C Charger,4,19.99,0.1,71.96,10.99,43.96,28.0
2024-10-25,APAC,In-store,Apparel,Running Tee,6,24.99,0.0,149.94,11.25,67.5,82.44
2024-10-25,APAC,In-store,Electronics,Smart Speaker,5,49.99,0.0,249.95,34.99,174.95,75.0
2024-10-25,APAC,In-store,Home & Kitchen,Coffee Grinder,9,39.99,0.0,359.91,23.99,215.91,144.0
2024-10-25,APAC,Online,Apparel,Running Tee,2,24.99,0.2,39.98,11.25,22.5,17.48
2024-10-25,EMEA,Online,Media & Entertainment,Board Game,7,34.99,0.15,208.19,19.24,134.68,73.51
2024-10-25,LATAM,In-store,Apparel,Wool Socks 3-pack,6,14.99,0.0,89.94,6.0,36.0,53.94
2024-10-25,LATAM,In-store,Electronics,Wireless Earbuds,8,79.99,0.2,511.94,51.99,415.92,96.02
2024-10-25,LATAM,Online,Electronics,Smart Speaker,5,49.99,0.0,249.95,34.99,174.95,75.0
2024-10-25,North America,In-store,Home & Kitchen,Cookware Set,3,129.99,0.0,389.97,84.49,253.47,136.5
2024-10-25,North America,In-store,Media & Entertainment,Board Game,21,34.99,0.0,734.79,19.24,404.04,330.75
2024-10-25,North America,Online,Apparel,Running Tee,8,24.99,0.0,199.92,11.25,90.0,109.92
2024-10-25,North America,Online,Beauty & Wellness,Collagen Powder,3,34.99,0.0,104.97,14.0,42.0,62.97
2024-10-25,North America,Online,Home & Kitchen,Coffee Grinder,3,39.99,0.0,119.97,23.99,71.97,48.0
2024-10-25,UK & Ireland,In-store,Apparel,Running Tee,9,24.99,0.0,224.91,11.25,101.25,123.66
2024-10-25,UK & Ireland,In-store,Electronics,Wireless Earbuds,12,79.99,0.15,815.9,51.99,623.88,192.02
2024-10-25,UK & Ireland,In-store,Home & Kitchen,Air Fryer,4,89.99,0.0,359.96,62.99,251.96,108.0
2024-10-25,UK & Ireland,Online,Beauty & Wellness,Vitamin C Serum,10,29.99,0.0,299.9,10.5,105.0,194.9
2024-10-25,UK & Ireland,Online,Electronics,Smart Speaker,2,49.99,0.0,99.98,34.99,69.98,30.0
2024-10-25,UK & Ireland,Online,Electronics,USB-C Charger,4,19.99,0.0,79.96,10.99,43.96,36.0
2024-10-25,UK & Ireland,Online,Media & Entertainment,Blu-ray Box Set,5,39.99,0.0,199.95,29.99,149.95,50.0
2024-10-26,APAC,In-store,Home & Kitchen,Cookware Set,3,129.99,0.0,389.97,84.49,253.47,136.5
2024-10-26,APAC,In-store,Media & Entertainment,Vinyl Record,4,27.99,0.0,111.96,16.79,67.16,44.8
2024-10-26,APAC,Online,Media & Entertainment,Board Game,1,34.99,0.0,34.99,19.24,19.24,15.75
2024-10-26,EMEA,In-store,Electronics,USB-C Charger,22,19.99,0.0,439.78,10.99,241.78,198.0
2024-10-26,EMEA,In-store,Home & Kitchen,Cookware Set,3,129.99,0.15,331.47,84.49,253.47,78.0
2024-10-26,EMEA,Online,Electronics,USB-C Charger,7,19.99,0.25,104.95,10.99,76.93,28.02
2024-10-26,EMEA,Online,Media & Entertainment,Blu-ray Box Set,3,39.99,0.15,101.97,29.99,89.97,12.0
2024-10-26,EMEA,Online,Media & Entertainment,Board Game,1,34.99,0.0,34.99,19.24,19.24,15.75
2024-10-26,LATAM,In-store,Beauty & Wellness,Electric Toothbrush,6,59.99,0.0,359.94,32.99,197.94,162.0
2024-10-26,LATAM,Online,Media & Entertainment,Vinyl Record,2,27.99,0.0,55.98,16.79,33.58,22.4
2024-10-26,North America,In-store,Apparel,Denim Jacket,7,69.99,0.0,489.93,34.99,244.93,245.0
2024-10-26,North America,In-store,Apparel,Wool Socks 3-pack,15,14.99,0.0,224.85,6.0,90.0,134.85
2024-10-26,North America,Online,Home & Kitchen,Coffee Grinder,3,39.99,0.0,119.97,23.99,71.97,48.0
2024-10-26,North America,Online,Media & Entertainment,Vinyl Record,3,27.99,0.2,67.18,16.79,50.37,16.81
2024-10-26,UK & Ireland,In-store,Apparel,Wool Socks 3-pack,8,14.99,0.0,119.92,6.0,48.0,71.92
2024-10-26,UK & Ireland,In-store,Beauty & Wellness,Collagen Powder,1,34.99,0.0,34.99,14.0,14.0,20.99
2024-10-26,UK & Ireland,In-store,Electronics,Wireless Earbuds,14,79.99,0.0,1119.86,51.99,727.86,392.0
2024-10-26,UK & Ireland,In-store,Home & Kitchen,Cookware Set,3,129.99,0.1,350.97,84.49,253.47,97.5
2024-10-26,UK & Ireland,Online,Electronics,Smart Speaker,1,49.99,0.0,49.99,34.99,34.99,15.0
2024-10-26,UK & Ireland,Online,Electronics,USB-C Charger,8,19.99,0.0,159.92,10.99,87.92,72.0
2024-10-26,UK & Ireland,Online,Home & Kitchen,Air Fryer,2,89.99,0.0,179.98,62.99,125.98,54.0
2024-10-26,UK & Ireland,Online,Media & Entertainment,Board Game,8,34.99,0.25,209.94,19.24,153.92,56.02
2024-10-27,APAC,In-store,Beauty & Wellness,Vitamin C Serum,3,29.99,0.1,80.97,10.5,31.5,49.47
2024-10-27,APAC,In-store,Home & Kitchen,Air Fryer,14,89.99,0.25,944.89,62.99,881.86,63.03
2024-10-27,APAC,Online,Electronics,USB-C Charger,7,19.99,0.0,139.93,10.99,76.93,63.0
2024-10-27,EMEA,In-store,Electronics,Wireless Earbuds,10,79.99,0.0,799.9,51.99,519.9,280.0
2024-10-27,EMEA,In-store,Home & Kitchen,Coffee Grinder,4,39.99,0.0,159.96,23.99,95.96,64.0
2024-10-27,EMEA,Online,Electronics,Wireless Earbuds,2,79.99,0.0,159.98,51.99,103.98,56.0
2024-10-27,LATAM,In-store,Electronics,Wireless Earbuds,12,79.99,0.0,959.88,51.99,623.88,336.0
2024-10-27,LATAM,Online,Apparel,Running Tee,4,24.99,0.0,99.96,11.25,45.0,54.96
2024-10-27,LATAM,Online,Home & Kitchen,Coffee Grinder,2,39.99,0.0,79.98,23.99,47.98,32.0
2024-10-27,North America,In-store,Electronics,USB-C Charger,10,19.99,0.0,199.9,10.99,109.9,90.0
2024-10-27,North America,In-store,Electronics,Wireless Earbuds,19,79.99,0.0,1519.81,51.99,987.81,532.0
2024-10-27,North America,Online,Beauty & Wellness,Collagen Powder,1,34.99,0.2,27.99,14.0,14.0,13.99
2024-10-27,North America,Online,Beauty & Wellness,Vitamin C Serum,9,29.99,0.0,269.91,10.5,94.5,175.41
2024-10-27,North America,Online,Electronics,Smart Speaker,2,49.99,0.0,99.98,34.99,69.98,30.0
2024-10-27,UK & Ireland,In-store,Apparel,Running Tee,8,24.99,0.25,149.94,11.25,90.0,59.94
2024-10-27,UK & Ireland,In-store,Beauty & Wellness,Electric Toothbrush,4,59.99,0.2,191.97,32.99,131.96,60.01
2024-10-27,UK & Ireland,In-store,Electronics,USB-C Charger,28,19.99,0.25,419.79,10.99,307.72,112.07
2024-10-27,UK & Ireland,In-store,Home & Kitchen,Air Fryer,8,89.99,0.0,719.92,62.99,503.92,216.0
2024-10-27,UK & Ireland,In-store,Media & Entertainment,Vinyl Record,8,27.99,0.0,223.92,16.79,134.32,89.6
2024-10-28,APAC,In-store,Apparel,Running Tee,8,24.99,0.0,199.92,11.25,90.0,109.92
2024-10-28,APAC,In-store,Electronics,Smart Speaker,5,49.99,0.0,249.95,34.99,174.95,75.0
2024-10-28,LATAM,In-store,Apparel,Denim Jacket,2,69.99,0.0,139.98,34.99,69.98,70.0
2024-10-28,LATAM,In-store,Home & Kitchen,Air Fryer,5,89.99,0.0,449.95,62.99,314.95,135.0
2024-10-28,LATAM,Online,Beauty & Wellness,Electric Toothbrush,3,59.99,0.0,179.97,32.99,98.97,81.0
2024-10-28,North America,In-store,Electronics,Wireless Earbuds,8,79.99,0.25,479.94,51.99,415.92,64.02
2024-10-28,North America,Online,Beauty & Wellness,Collagen Powder,1,34.99,0.0,34.99,14.0,14.0,20.99
2024-10-28,UK & Ireland,Online,Apparel,Wool Socks 3-pack,5,14.99,0.15,63.71,6.0,30.0,33.71
2024-10-29,APAC,In-store,Apparel,Denim Jacket,5,69.99,0.0,349.95,34.99,174.95,175.0
2024-10-29,APAC,Online,Apparel,Denim Jacket,1,69.99,0.0,69.99,34.99,34.99,35.0
2024-10-29,APAC,Online,Beauty & Wellness,Vitamin C Serum,2,29.99,0.2,47.98,10.5,21.0,26.98
2024-10-29,APAC,Online,Electronics,USB-C Charger,2,19.99,0.0,39.98,10.99,21.98,18.0
2024-10-29,APAC,Online,Media & Entertainment,Board Game,6,34.99,0.0,209.94,19.24,115.44,94.5
2024-10-29,EMEA,In-store,Apparel,Running Tee,3,24.99,0.1,67.47,11.25,33.75,33.72
2024-10-29,EMEA,Online,Home & Kitchen,Air Fryer,3,89.99,0.0,269.97,62.99,188.97,81.0
2024-10-29,LATAM,In-store,Beauty & Wellness,Collagen Powder,1,34.99,0.1,31.49,14.0,14.0,17.49
2024-10-29,LATAM,In-store,Home & Kitchen,Coffee Grinder,4,39.99,0.1,143.96,23.99,95.96,48.0
2024-10-29,LATAM,Online,Apparel,Wool Socks 3-pack,5,14.99,0.15,63.71,6.0,30.0,33.71
2024-10-29,LATAM,Online,Beauty & Wellness,Vitamin C Serum,1,29.99,0.0,29.99,10.5,10.5,19.49
2024-10-29,LATAM,Online,Media & Entertainment,Vinyl Record,2,27.99,0.0,55.98,16.79,33.58,22.4
2024-10-29,UK & Ireland,In-store,Home & Kitchen,Cookware Set,6,129.99,0.0,779.94,84.49,506.94,273.0
2024-10-30,APAC,In-store,Home & Kitchen,Air Fryer,7,89.99,0.0,629.93,62.99,440.93,189.0
2024-10-30,APAC,In-store,Home & Kitchen,Coffee Grinder,7,39.99,0.0,279.93,23.99,167.93,112.0
2024-10-30,APAC,Online,Beauty & Wellness,Collagen Powder,4,34.99,0.0,139.96,14.0,56.0,83.96
2024-10-30,EMEA,In-store,Electronics,Wireless Earbuds,7,79.99,0.25,419.95,51.99,363.93,56.02
2024-10-30,EMEA,In-store,Home & Kitchen,Coffee Grinder,4,39.99,0.0,159.96,23.99,95.96,64.0
2024-10-30,EMEA,Online,Apparel,Wool Socks 3-pack,2,14.99,0.0,29.98,6.0,12.0,17.98
2024-10-30,EMEA,Online,Home & Kitchen,Cookware Set,4,129.99,0.1,467.96,84.49,337.96,130.0
2024-10-30,LATAM,In-store,Electronics,Smart Speaker,7,49.99,0.0,349.93,34.99,244.93,105.0
2024-10-30,LATAM,Online,Apparel,Wool Socks 3-pack,7,14.99,0.1,94.44,6.0,42.0,52.44
2024-10-30,LATAM,Online,Beauty & Wellness,Collagen Powder,3,34.99,0.25,78.73,14.0,42.0,36.73
2024-10-30,North America,In-store,Media & Entertainment,Vinyl Record,8,27.99,0.2,179.14,16.79,134.32,44.82
2024-10-30,North America,Online,Beauty & Wellness,Electric Toothbrush,2,59.99,0.0,119.98,32.99,65.98,54.0
2024-10-30,UK & Ireland,Online,Electronics,Smart Speaker,2,49.99,0.0,99.98,34.99,69.98,30.0
2024-10-30,UK & Ireland,Online,Media & Entertainment,Board Game,7,34.99,0.0,244.93,19.24,134.68,110.25
2024-10-31,APAC,In-store,Media & Entertainment,Vinyl Record,7,27.99,0.0,195.93,16.79,117.53,78.4
2024-10-31,APAC,Online,Beauty & Wellness,Collagen Powder,4,34.99,0.25,104.97,14.0,56.0,48.97
2024-10-31,EMEA,In-store,Electronics,Wireless Earbuds,8,79.99,0.1,575.93,51.99,415.92,160.01
2024-10-31,EMEA,In-store,Home & Kitchen,Cookware Set,5,129.99,0.0,649.95,84.49,422.45,227.5
2024-10-31,LATAM,In-store,Electronics,Wireless Earbuds,5,79.99,0.0,399.95,51.99,259.95,140.0
2024-10-31,LATAM,In-store,Media & Entertainment,Board Game,9,34.99,0.0,314.91,19.24,173.16,141.75
2024-10-31,LATAM,Online,Media & Entertainment,Vinyl Record,3,27.99,0.0,83.97,16.79,50.37,33.6
2024-10-31,North America,In-store,Media & Entertainment,Blu-ray Box Set,12,39.99,0.0,479.88,29.99,359.88,120.0
2024-10-31,UK & Ireland,In-store,Home & Kitchen,Air Fryer,4,89.99,0.0,359.96,62.99,251.96,108.0
2024-10-31,UK & Ireland,In-store,Media & Entertainment,Board Game,7,34.99,0.25,183.7,19.24,134.68,49.02
2024-10-31,UK & Ireland,Online,Beauty & Wellness,Electric Toothbrush,2,59.99,0.25,89.98,32.99,65.98,24.0
2024-10-31,UK & Ireland,Online,Beauty & Wellness,Vitamin C Serum,3,29.99,0.0,89.97,10.5,31.5,58.47
2024-10-31,UK & Ireland,Online,Media & Entertainment,Blu-ray Box Set,1,39.99,0.0,39.99,29.99,29.99,10.0
2024-11-01,APAC,In-store,Beauty & Wellness,Electric Toothbrush,10,59.99,0.0,599.9,32.99,329.9,270.0
2024-11-01,APAC,In-store,Electronics,USB-C Charger,8,19.99,0.1,143.93,10.99,87.92,56.01
2024-11-01,APAC,In-store,Media & Entertainment,Blu-ray Box Set,15,39.99,0.15,509.87,29.99,449.85,60.02
2024-11-01,EMEA,In-store,Beauty & Wellness,Electric Toothbrush,5,59.99,0.0,299.95,32.99,164.95,135.0
2024-11-01,EMEA,In-store,Electronics,Wireless Earbuds,9,79.99,0.2,575.93,51.99,467.91,108.02
2024-11-01,LATAM,In-store,Media & Entertainment,Blu-ray Box Set,6,39.99,0.25,179.95,29.99,179.94,0.01
2024-11-01,North America,In-store,Media & Entertainment,Blu-ray Box Set,8,39.99,0.15,271.93,29.99,239.92,32.01
2024-11-01,North America,In-store,Media & Entertainment,Board Game,15,34.99,0.15,446.12,19.24,288.6,157.52
2024-11-01,UK & Ireland,In-store,Media & Entertainment,Blu-ray Box Set,9,39.99,0.0,359.91,29.99,269.91,90.0
2024-11-01,UK & Ireland,Online,Home & Kitchen,Coffee Grinder,4,39.99,0.0,159.96,23.99,95.96,64.0
2024-11-01,UK & Ireland,Online,Home & Kitchen,Cookware Set,3,129.99,0.0,389.97,84.49,253.47,136.5
2024-11-02,APAC,In-store,Beauty & Wellness,Vitamin C Serum,9,29.99,0.0,269.91,10.5,94.5,175.41
2024-11-02,APAC,Online,Apparel,Running Tee,5,24.99,0.0,124.95,11.25,56.25,68.7
2024-11-02,EMEA,In-store,Home & Kitchen,Cookware Set,6,129.99,0.2,623.95,84.49,506.94,117.01
2024-11-02,EMEA,Online,Apparel,Wool Socks 3-pack,5,14.99,0.0,74.95,6.0,30.0,44.95
2024-11-02,EMEA,Online,Beauty & Wellness,Collagen Powder,7,34.99,0.0,244.93,14.0,98.0,146.93
2024-11-02,EMEA,Online,Electronics,Wireless Earbuds,4,79.99,0.15,271.97,51.99,207.96,64.01
2024-11-02,EMEA,Online,Media & Entertainment,Vinyl Record,7,27.99,0.15,166.54,16.79,117.53,49.01
2024-11-02,LATAM,In-store,Beauty & Wellness,Collagen Powder,5,34.99,0.0,174.95,14.0,70.0,104.95
2024-11-02,North America,In-store,Media & Entertainment,Board Game,16,34.99,0.0,559.84,19.24,307.84,252.0
2024-11-02,UK & Ireland,In-store,Media & Entertainment,Board Game,10,34.99,0.1,314.91,19.24,192.4,122.51
2024-11-02,UK & Ireland,In-store,Media & Entertainment,Vinyl Record,10,27.99,0.2,223.92,16.79,167.9,56.02
2024-11-02,UK & Ireland,Online,Media & Entertainment,Board Game,6,34.99,0.0,209.94,19.24,115.44,94.5
2024-11-03,APAC,In-store,Electronics,USB-C Charger,13,19.99,0.0,259.87,10.99,142.87,117.0
2024-11-03,APAC,Online,Beauty & Wellness,Collagen Powder,2,34.99,0.0,69.98,14.0,28.0,41.98
2024-11-03,EMEA,In-store,Apparel,Denim Jacket,10,69.99,0.25,524.92,34.99,349.9,175.02
2024-11-03,EMEA,In-store,Electronics,Wireless Earbuds,18,79.99,0.0,1439.82,51.99,935.82,504.0
2024-11-03,EMEA,In-store,Media & Entertainment,Board Game,9,34.99,0.15,267.67,19.24,173.16,94.51
2024-11-03,LATAM,Online,Beauty & Wellness,Electric Toothbrush,2,59.99,0.15,101.98,32.99,65.98,36.0
2024-11-03,North America,In-store,Media & Entertainment,Board Game,21,34.99,0.0,734.79,19.24,404.04,330.75
2024-11-03,North America,Online,Home & Kitchen,Air Fryer,2,89.99,0.0,179.98,62.99,125.98,54.0
2024-11-03,UK & Ireland,In-store,Beauty & Wellness,Electric Toothbrush,3,59.99,0.0,179.97,32.99,98.97,81.0
2024-11-04,APAC,In-store,Apparel,Denim Jacket,6,69.99,0.0,419.94,34.99,209.94,210.0
2024-11-04,APAC,Online,Apparel,Wool Socks 3-pack,3,14.99,0.0,44.97,6.0,18.0,26.97
2024-11-04,APAC,Online,Beauty & Wellness,Vitamin C Serum,1,29.99,0.2,23.99,10.5,10.5,13.49
2024-11-04,APAC,Online,Electronics,Smart Speaker,6,49.99,0.1,269.95,34.99,209.94,60.01
2024-11-04,APAC,Online,Home & Kitchen,Cookware Set,5,129.99,0.25,487.46,84.49,422.45,65.01
2024-11-04,EMEA,In-store,Home & Kitchen,Air Fryer,12,89.99,0.15,917.9,62.99,755.88,162.02
2024-11-04,EMEA,Online,Electronics,Smart Speaker,4,49.99,0.0,199.96,34.99,139.96,60.0
2024-11-04,LATAM,In-store,Home & Kitchen,Air Fryer,10,89.99,0.25,674.92,62.99,629.9,45.02
2024-11-04,LATAM,In-store,Media & Entertainment,Board Game,9,34.99,0.0,314.91,19.24,173.16,141.75
2024-11-04,LATAM,Online,Home & Kitchen,Coffee Grinder,5,39.99,0.1,179.96,23.99,119.95,60.01
2024-11-04,North America,In-store,Apparel,Running Tee,19,24.99,0.0,474.81,11.25,213.75,261.06
2024-11-04,North America,In-store,Home & Kitchen,Cookware Set,1,129.99,0.1,116.99,84.49,84.49,32.5
2024-11-04,North America,Online,Beauty & Wellness,Collagen Powder,3,34.99,0.0,104.97,14.0,42.0,62.97
2024-11-04,UK & Ireland,In-store,Electronics,USB-C Charger,10,19.99,0.0,199.9,10.99,109.9,90.0
2024-11-04,UK & Ireland,Online,Media & Entertainment,Board Game,5,34.99,0.0,174.95,19.24,96.2,78.75
2024-11-05,APAC,In-store,Electronics,Smart Speaker,4,49.99,0.2,159.97,34.99,139.96,20.01
2024-11-05,APAC,In-store,Electronics,USB-C Charger,8,19.99,0.25,119.94,10.99,87.92,32.02
2024-11-05,EMEA,In-store,Home & Kitchen,Air Fryer,7,89.99,0.0,629.93,62.99,440.93,189.0
2024-11-05,EMEA,Online,Beauty & Wellness,Collagen Powder,4,34.99,0.0,139.96,14.0,56.0,83.96
2024-11-05,EMEA,Online,Media & Entertainment,Vinyl Record,1,27.99,0.0,27.99,16.79,16.79,11.2
2024-11-05,LATAM,In-store,Beauty & Wellness,Electric Toothbrush,4,59.99,0.0,239.96,32.99,131.96,108.0
2024-11-05,LATAM,In-store,Media & Entertainment,Vinyl Record,5,27.99,0.15,118.96,16.79,83.95,35.01
2024-11-05,LATAM,Online,Beauty & Wellness,Electric Toothbrush,3,59.99,0.0,179.97,32.99,98.97,81.0
2024-11-05,LATAM,Online,Beauty & Wellness,Vitamin C Serum,1,29.99,0.0,29.99,10.5,10.5,19.49
2024-11-05,LATAM,Online,Electronics,USB-C Charger,7,19.99,0.0,139.93,10.99,76.93,63.0
2024-11-05,LATAM,Online,Media & Entertainment,Blu-ray Box Set,4,39.99,0.0,159.96,29.99,119.96,40.0
2024-11-05,North America,In-store,Apparel,Wool Socks 3-pack,8,14.99,0.1,107.93,6.0,48.0,59.93
2024-11-05,North America,Online,Electronics,USB-C Charger,7,19.99,0.0,139.93,10.99,76.93,63.0
2024-11-05,North America,Online,Media & Entertainment,Board Game,6,34.99,0.15,178.45,19.24,115.44,63.01
2024-11-05,UK & Ireland,In-store,Apparel,Denim Jacket,6,69.99,0.0,419.94,34.99,209.94,210.0
2024-11-06,APAC,In-store,Electronics,Smart Speaker,12,49.99,0.0,599.88,34.99,419.88,180.0
2024-11-06,APAC,In-store,Home & Kitchen,Cookware Set,4,129.99,0.0,519.96,84.49,337.96,182.0
2024-11-06,APAC,Online,Media & Entertainment,Board Game,7,34.99,0.25,183.7,19.24,134.68,49.02
2024-11-06,EMEA,Online,Home & Kitchen,Coffee Grinder,2,39.99,0.25,59.98,23.99,47.98,12.0
2024-11-06,LATAM,In-store,Electronics,Wireless Earbuds,8,79.99,0.0,639.92,51.99,415.92,224.0
2024-11-06,LATAM,Online,Apparel,Wool Socks 3-pack,5,14.99,0.0,74.95,6.0,30.0,44.95
2024-11-06,North America,In-store,Apparel,Wool Socks 3-pack,15,14.99,0.15,191.12,6.0,90.0,101.12
2024-11-06,North America,Online,Home & Kitchen,Coffee Grinder,4,39.99,0.2,127.97,23.99,95.96,32.01
2024-11-06,North America,Online,Media & Entertainment,Board Game,3,34.99,0.0,104.97,19.24,57.72,47.25
2024-11-06,UK & Ireland,In-store,Apparel,Running Tee,15,24.99,0.0,374.85,11.25,168.75,206.1
2024-11-06,UK & Ireland,In-store,Beauty & Wellness,Vitamin C Serum,7,29.99,0.1,188.94,10.5,73.5,115.44
2024-11-06,UK & Ireland,In-store,Media & Entertainment,Board Game,9,34.99,0.0,314.91,19.24,173.16,141.75
2024-11-06,UK & Ireland,Online,Beauty & Wellness,Collagen Powder,2,34.99,0.2,55.98,14.0,28.0,27.98
2024-11-06,UK & Ireland,Online,Media & Entertainment,Vinyl Record,4,27.99,0.0,111.96,16.79,67.16,44.8
2024-11-07,APAC,In-store,Electronics,USB-C Charger,14,19.99,0.2,223.89,10.99,153.86,70.03
2024-11-07,APAC,Online,Apparel,Wool Socks 3-pack,2,14.99,0.0,29.98,6.0,12.0,17.98
2024-11-07,EMEA,In-store,Apparel,Denim Jacket,8,69.99,0.15,475.93,34.99,279.92,196.01
2024-11-07,EMEA,Online,Beauty & Wellness,Collagen Powder,5,34.99,0.25,131.21,14.0,70.0,61.21
2024-11-07,EMEA,Online,Beauty & Wellness,Electric Toothbrush,7,59.99,0.0,419.93,32.99,230.93,189.0
2024-11-07,EMEA,Online,Beauty & Wellness,Vitamin C Serum,4,29.99,0.25,89.97,10.5,42.0,47.97
2024-11-07,LATAM,In-store,Home & Kitchen,Air Fryer,4,89.99,0.0,359.96,62.99,251.96,108.0
2024-11-07,LATAM,In-store,Home & Kitchen,Cookware Set,3,129.99,0.1,350.97,84.49,253.47,97.5
2024-11-07,LATAM,Online,Electronics,Smart Speaker,3,49.99,0.0,149.97,34.99,104.97,45.0
2024-11-07,LATAM,Online,Media & Entertainment,Vinyl Record,4,27.99,0.15,95.17,16.79,67.16,28.01
2024-11-07,North America,In-store,Home & Kitchen,Cookware Set,7,129.99,0.0,909.93,84.49,591.43,318.5
2024-11-07,North America,In-store,Media & Entertainment,Vinyl Record,9,27.99,0.1,226.72,16.79,151.11,75.61
2024-11-07,North America,Online,Electronics,Smart Speaker,6,49.99,0.0,299.94,34.99,209.94,90.0
2024-11-07,North America,Online,Home & Kitchen,Air Fryer,9,89.99,0.0,809.91,62.99,566.91,243.0
2024-11-07,UK & Ireland,In-store,Beauty & Wellness,Collagen Powder,4,34.99,0.0,139.96,14.0,56.0,83.96
2024-11-07,UK & Ireland,In-store,Beauty & Wellness,Electric Toothbrush,2,59.99,0.0,119.98,32.99,65.98,54.0
2024-11-07,UK & Ireland,In-store,Beauty & Wellness,Vitamin C Serum,10,29.99,0.0,299.9,10.5,105.0,194.9
2024-11-07,UK & Ireland,In-store,Electronics,Smart Speaker,6,49.99,0.0,299.94,34.99,209.94,90.0
2024-11-07,UK & Ireland,In-store,Media & Entertainment,Vinyl Record,5,27.99,0.15,118.96,16.79,83.95,35.01
2024-11-07,UK & Ireland,Online,Apparel,Denim Jacket,2,69.99,0.0,139.98,34.99,69.98,70.0
2024-11-07,UK & Ireland,Online,Electronics,USB-C Charger,11,19.99,0.15,186.91,10.99,120.89,66.02
2024-11-08,EMEA,In-store,Beauty & Wellness,Collagen Powder,3,34.99,0.1,94.47,14.0,42.0,52.47
2024-11-08,EMEA,In-store,Electronics,Wireless Earbuds,19,79.99,0.15,1291.84,51.99,987.81,304.03
2024-11-08,EMEA,In-store,Home & Kitchen,Air Fryer,7,89.99,0.2,503.94,62.99,440.93,63.01
2024-11-08,EMEA,In-store,Media & Entertainment,Blu-ray Box Set,18,39.99,0.15,611.85,29.99,539.82,72.03
2024-11-08,EMEA,Online,Beauty & Wellness,Collagen Powder,1,34.99,0.0,34.99,14.0,14.0,20.99
2024-11-08,LATAM,In-store,Apparel,Denim Jacket,6,69.99,0.2,335.95,34.99,209.94,126.01
2024-11-08,LATAM,In-store,Electronics,Smart Speaker,11,49.99,0.15,467.41,34.99,384.89,82.52
2024-11-08,LATAM,Online,Beauty & Wellness,Electric Toothbrush,2,59.99,0.0,119.98,32.99,65.98,54.0
2024-11-08,LATAM,Online,Beauty & Wellness,Vitamin C Serum,2,29.99,0.2,47.98,10.5,21.0,26.98
2024-11-08,North America,In-store,Beauty & Wellness,Vitamin C Serum,9,29.99,0.0,269.91,10.5,94.5,175.41
2024-11-08,North America,In-store,Home & Kitchen,Cookware Set,3,129.99,0.0,389.97,84.49,253.47,136.5
2024-11-08,North America,Online,Apparel,Running Tee,7,24.99,0.2,139.94,11.25,78.75,61.19
2024-11-08,North America,Online,Beauty & Wellness,Vitamin C Serum,2,29.99,0.0,59.98,10.5,21.0,38.98
2024-11-08,UK & Ireland,In-store,Electronics,Wireless Earbuds,11,79.99,0.0,879.89,51.99,571.89,308.0
2024-11-08,UK & Ireland,In-store,Media & Entertainment,Vinyl Record,9,27.99,0.1,226.72,16.79,151.11,75.61
2024-11-08,UK & Ireland,Online,Beauty & Wellness,Vitamin C Serum,1,29.99,0.0,29.99,10.5,10.5,19.49
2024-11-08,UK & Ireland,Online,Electronics,Smart Speaker,4,49.99,0.25,149.97,34.99,139.96,10.01
2024-11-08,UK & Ireland,Online,Media & Entertainment,Board Game,3,34.99,0.0,104.97,19.24,57.72,47.25
2024-11-09,EMEA,In-store,Media & Entertainment,Vinyl Record,18,27.99,0.0,503.82,16.79,302.22,201.6
2024-11-09,LATAM,Online,Media & Entertainment,Board Game,3,34.99,0.0,104.97,19.24,57.72,47.25
2024-11-09,LATAM,Online,Media & Entertainment,Vinyl Record,2,27.99,0.0,55.98,16.79,33.58,22.4
2024-11-09,North America,Online,Beauty & Wellness,Vitamin C Serum,1,29.99,0.0,29.99,10.5,10.5,19.49
2024-11-09,North America,Online,Home & Kitchen,Air Fryer,5,89.99,0.0,449.95,62.99,314.95,135.0
2024-11-09,North America,Online,Media & Entertainment,Board Game,7,34.99,0.0,244.93,19.24,134.68,110.25
2024-11-10,APAC,In-store,Beauty & Wellness,Vitamin C Serum,3,29.99,0.0,89.97,10.5,31.5,58.47
2024-11-10,EMEA,In-store,Apparel,Running Tee,16,24.99,0.0,399.84,11.25,180.0,219.84
2024-11-10,EMEA,In-store,Home & Kitchen,Cookware Set,8,129.99,0.0,1039.92,84.49,675.92,364.0
2024-11-10,EMEA,In-store,Media & Entertainment,Board Game,5,34.99,0.1,157.46,19.24,96.2,61.26
2024-11-10,EMEA,Online,Apparel,Running Tee,6,24.99,0.0,149.94,11.25,67.5,82.44
2024-11-10,EMEA,Online,Electronics,USB-C Charger,11,19.99,0.0,219.89,10.99,120.89,99.0
2024-11-10,LATAM,In-store,Apparel,Running Tee,6,24.99,0.0,149.94,11.25,67.5,82.44
2024-11-10,LATAM,Online,Apparel,Denim Jacket,8,69.99,0.0,559.92,34.99,279.92,280.0
2024-11-10,LATAM,Online,Beauty & Wellness,Collagen Powder,2,34.99,0.0,69.98,14.0,28.0,41.98
2024-11-10,North America,In-store,Apparel,Wool Socks 3-pack,10,14.99,0.2,119.92,6.0,60.0,59.92
2024-11-10,North America,In-store,Media & Entertainment,Board Game,15,34.99,0.0,524.85,19.24,288.6,236.25
2024-11-10,North America,Online,Apparel,Wool Socks 3-pack,16,14.99,0.0,239.84,6.0,96.0,143.84
2024-11-10,North America,Online,Electronics,Smart Speaker,2,49.99,0.0,99.98,34.99,69.98,30.0
2024-11-10,North America,Online,Media & Entertainment,Vinyl Record,6,27.99,0.0,167.94,16.79,100.74,67.2
2024-11-10,UK & Ireland,Online,Apparel,Running Tee,7,24.99,0.15,148.69,11.25,78.75,69.94
2024-11-10,UK & Ireland,Online,Beauty & Wellness,Collagen Powder,4,34.99,0.1,125.96,14.0,56.0,69.96
2024-11-10,UK & Ireland,Online,Home & Kitchen,Air Fryer,8,89.99,0.0,719.92,62.99,503.92,216.0
2024-11-10,UK & Ireland,Online,Home & Kitchen,Coffee Grinder,5,39.99,0.15,169.96,23.99,119.95,50.01
2024-11-10,UK & Ireland,Online,Media & Entertainment,Blu-ray Box Set,6,39.99,0.0,239.94,29.99,179.94,60.0
2024-11-11,APAC,In-store,Electronics,Smart Speaker,8,49.99,0.2,319.94,34.99,279.92,40.02
2024-11-11,APAC,Online,Home & Kitchen,Coffee Grinder,5,39.99,0.0,199.95,23.99,119.95,80.0
2024-11-11,EMEA,In-store,Apparel,Running Tee,18,24.99,0.0,449.82,11.25,202.5,247.32
2024-11-11,EMEA,In-store,Beauty & Wellness,Vitamin C Serum,9,29.99,0.0,269.91,10.5,94.5,175.41
2024-11-11,EMEA,In-store,Home & Kitchen,Coffee Grinder,6,39.99,0.0,239.94,23.99,143.94,96.0
2024-11-11,EMEA,In-store,Media & Entertainment,Blu-ray Box Set,9,39.99,0.25,269.93,29.99,269.91,0.02
2024-11-11,EMEA,Online,Electronics,Wireless Earbuds,7,79.99,0.0,559.93,51.99,363.93,196.0
2024-11-11,LATAM,Online,Home & Kitchen,Coffee Grinder,2,39.99,0.0,79.98,23.99,47.98,32.0
2024-11-11,North America,In-store,Beauty & Wellness,Collagen Powder,6,34.99,0.0,209.94,14.0,84.0,125.94
2024-11-11,North America,Online,Electronics,Wireless Earbuds,6,79.99,0.1,431.95,51.99,311.94,120.01
2024-11-11,UK & Ireland,In-store,Home & Kitchen,Air Fryer,6,89.99,0.25,404.95,62.99,377.94,27.01
2024-11-11,UK & Ireland,Online,Beauty & Wellness,Electric Toothbrush,1,59.99,0.25,44.99,32.99,32.99,12.0
2024-11-12,APAC,In-store,Electronics,Wireless Earbuds,10,79.99,0.0,799.9,51.99,519.9,280.0
2024-11-12,APAC,In-store,Media & Entertainment,Vinyl Record,8,27.99,0.0,223.92,16.79,134.32,89.6
2024-11-12,EMEA,In-store,Home & Kitchen,Air Fryer,5,89.99,0.0,449.95,62.99,314.95,135.0
2024-11-12,EMEA,Online,Electronics,USB-C Charger,7,19.99,0.0,139.93,10.99,76.93,63.0
2024-11-12,EMEA,Online,Media & Entertainment,Board Game,2,34.99,0.15,59.48,19.24,38.48,21.0
2024-11-12,LATAM,In-store,Electronics,Smart Speaker,6,49.99,0.2,239.95,34.99,209.94,30.01
2024-11-12,LATAM,Online,Apparel,Denim Jacket,3,69.99,0.0,209.97,34.99,104.97,105.0
2024-11-12,LATAM,Online,Apparel,Wool Socks 3-pack,5,14.99,0.0,74.95,6.0,30.0,44.95
2024-11-12,North America,In-store,Apparel,Running Tee,18,24.99,0.1,404.84,11.25,202.5,202.34
2024-11-12,North America,Online,Electronics,Wireless Earbuds,4,79.99,0.0,319.96,51.99,207.96,112.0
2024-11-12,UK & Ireland,In-store,Electronics,USB-C Charger,14,19.99,0.0,279.86,10.99,153.86,126.0
2024-11-12,UK & Ireland,In-store,Home & Kitchen,Coffee Grinder,6,39.99,0.0,239.94,23.99,143.94,96.0
2024-11-12,UK & Ireland,In-store,Media & Entertainment,Vinyl Record,6,27.99,0.15,142.75,16.79,100.74,42.01
2024-11-13,APAC,In-store,Apparel,Running Tee,17,24.99,0.2,339.86,11.25,191.25,148.61
2024-11-13,APAC,Online,Home & Kitchen,Coffee Grinder,1,39.99,0.0,39.99,23.99,23.99,16.0
2024-11-13,APAC,Online,Media & Entertainment,Board Game,6,34.99,0.0,209.94,19.24,115.44,94.5
2024-11-13,LATAM,In-store,Beauty & Wellness,Vitamin C Serum,3,29.99,0.0,89.97,10.5,31.5,58.47
2024-11-13,LATAM,Online,Beauty & Wellness,Electric Toothbrush,2,59.99,0.1,107.98,32.99,65.98,42.0
2024-11-13,LATAM,Online,Home & Kitchen,Air Fryer,3,89.99,0.1,242.97,62.99,188.97,54.0
2024-11-13,LATAM,Online,Media & Entertainment,Board Game,2,34.99,0.15,59.48,19.24,38.48,21.0
2024-11-13,North America,In-store,Electronics,Smart Speaker,11,49.99,0.25,412.42,34.99,384.89,27.53
2024-11-13,North America,Online,Apparel,Running Tee,5,24.99,0.0,124.95,11.25,56.25,68.7
2024-11-13,North America,Online,Electronics,Smart Speaker,4,49.99,0.0,199.96,34.99,139.96,60.0
2024-11-13,North America,Online,Home & Kitchen,Cookware Set,1,129.99,0.0,129.99,84.49,84.49,45.5
2024-11-13,UK & Ireland,In-store,Beauty & Wellness,Vitamin C Serum,10,29.99,0.15,254.91,10.5,105.0,149.91
2024-11-13,UK & Ireland,In-store,Media & Entertainment,Blu-ray Box Set,6,39.99,0.1,215.95,29.99,179.94,36.01
2024-11-13,UK & Ireland,Online,Media & Entertainment,Blu-ray Box Set,5,39.99,0.0,199.95,29.99,149.95,50.0
2024-11-14,APAC,In-store,Media & Entertainment,Blu-ray Box Set,7,39.99,0.0,279.93,29.99,209.93,70.0
2024-11-14,APAC,Online,Apparel,Denim Jacket,1,69.99,0.0,69.99,34.99,34.99,35.0
2024-11-14,APAC,Online,Apparel,Wool Socks 3-pack,8,14.99,0.0,119.92,6.0,48.0,71.92
2024-11-14,EMEA,In-store,Beauty & Wellness,Electric Toothbrush,9,59.99,0.1,485.92,32.99,296.91,189.01
2024-11-14,EMEA,Online,Beauty & Wellness,Electric Toothbrush,4,59.99,0.0,239.96,32.99,131.96,108.0
2024-11-14,LATAM,Online,Electronics,Smart Speaker,5,49.99,0.0,249.95,34.99,174.95,75.0
2024-11-14,LATAM,Online,Media & Entertainment,Vinyl Record,2,27.99,0.1,50.38,16.79,33.58,16.8
2024-11-14,North America,In-store,Beauty & Wellness,Collagen Powder,9,34.99,0.0,314.91,14.0,126.0,188.91
2024-11-14,North America,Online,Media & Entertainment,Blu-ray Box Set,10,39.99,0.0,399.9,29.99,299.9,100.0
2024-11-14,UK & Ireland,In-store,Apparel,Denim Jacket,3,69.99,0.0,209.97,34.99,104.97,105.0
2024-11-14,UK & Ireland,Online,Electronics,USB-C Charger,6,19.99,0.2,95.95,10.99,65.94,30.01
2024-11-15,APAC,In-store,Media & Entertainment,Blu-ray Box Set,6,39.99,0.15,203.95,29.99,179.94,24.01
2024-11-15,APAC,Online,Beauty & Wellness,Electric Toothbrush,1,59.99,0.0,59.99,32.99,32.99,27.0
2024-11-15,APAC,Online,Electronics,USB-C Charger,4,19.99,0.2,63.97,10.99,43.96,20.01
2024-11-15,APAC,Online,Electronics,Wireless Earbuds,5,79.99,0.0,399.95,51.99,259.95,140.0
2024-11-15,APAC,Online,Media & Entertainment,Vinyl Record,4,27.99,0.0,111.96,16.79,67.16,44.8
2024-11-15,EMEA,In-store,Home & Kitchen,Cookware Set,5,129.99,0.1,584.96,84.49,422.45,162.51
2024-11-15,EMEA,In-store,Media & Entertainment,Board Game,2,34.99,0.1,62.98,19.24,38.48,24.5
2024-11-15,EMEA,Online,Beauty & Wellness,Collagen Powder,8,34.99,0.0,279.92,14.0,112.0,167.92
2024-11-15,LATAM,In-store,Beauty & Wellness,Vitamin C Serum,8,29.99,0.0,239.92,10.5,84.0,155.92
2024-11-15,LATAM,Online,Electronics,USB-C Charger,9,19.99,0.2,143.93,10.99,98.91,45.02
2024-11-15,North America,In-store,Home & Kitchen,Cookware Set,2,129.99,0.0,259.98,84.49,168.98,91.0
2024-11-15,North America,Online,Home & Kitchen,Coffee Grinder,4,39.99,0.25,119.97,23.99,95.96,24.01
2024-11-15,North America,Online,Media & Entertainment,Board Game,6,34.99,0.0,209.94,19.24,115.44,94.5
2024-11-15,UK & Ireland,In-store,Media & Entertainment,Vinyl Record,6,27.99,0.0,167.94,16.79,100.74,67.2
2024-11-15,UK & Ireland,Online,Electronics,Wireless Earbuds,8,79.99,0.0,639.92,51.99,415.92,224.0
2024-11-16,APAC,In-store,Home & Kitchen,Air Fryer,11,89.99,0.0,989.89,62.99,692.89,297.0
2024-11-16,APAC,In-store,Media & Entertainment,Vinyl Record,9,27.99,0.0,251.91,16.79,151.11,100.8
2024-11-16,APAC,Online,Apparel,Running Tee,2,24.99,0.15,42.48,11.25,22.5,19.98
2024-11-16,LATAM,In-store,Electronics,Smart Speaker,12,49.99,0.0,599.88,34.99,419.88,180.0
2024-11-16,LATAM,In-store,Media & Entertainment,Blu-ray Box Set,9,39.99,0.0,359.91,29.99,269.91,90.0
2024-11-16,LATAM,Online,Beauty & Wellness,Electric Toothbrush,4,59.99,0.0,239.96,32.99,131.96,108.0
2024-11-16,LATAM,Online,Media & Entertainment,Board Game,2,34.99,0.0,69.98,19.24,38.48,31.5
2024-11-16,North America,Online,Electronics,USB-C Charger,12,19.99,0.1,215.89,10.99,131.88,84.01
2024-11-16,UK & Ireland,Online,Apparel,Wool Socks 3-pack,6,14.99,0.0,89.94,6.0,36.0,53.94
2024-11-17,APAC,Online,Electronics,Smart Speaker,5,49.99,0.1,224.96,34.99,174.95,50.01
2024-11-17,APAC,Online,Electronics,USB-C Charger,5,19.99,0.0,99.95,10.99,54.95,45.0
2024-11-17,EMEA,In-store,Electronics,USB-C Charger,18,19.99,0.1,323.84,10.99,197.82,126.02
2024-11-17,EMEA,Online,Home & Kitchen,Air Fryer,3,89.99,0.0,269.97,62.99,188.97,81.0
2024-11-17,LATAM,In-store,Beauty & Wellness,Electric Toothbrush,6,59.99,0.1,323.95,32.99,197.94,126.01
2024-11-17,LATAM,In-store,Media & Entertainment,Blu-ray Box Set,5,39.99,0.0,199.95,29.99,149.95,50.0
2024-11-17,LATAM,In-store,Media & Entertainment,Vinyl Record,12,27.99,0.1,302.29,16.79,201.48,100.81
2024-11-17,LATAM,Online,Media & Entertainment,Board Game,1,34.99,0.0,34.99,19.24,19.24,15.75
2024-11-17,LATAM,Online,Media & Entertainment,Vinyl Record,5,27.99,0.25,104.96,16.79,83.95,21.01
2024-11-17,North America,In-store,Apparel,Denim Jacket,6,69.99,0.0,419.94,34.99,209.94,210.0
2024-11-17,North America,In-store,Beauty & Wellness,Electric Toothbrush,5,59.99,0.0,299.95,32.99,164.95,135.0
2024-11-17,North America,In-store,Home & Kitchen,Cookware Set,4,129.99,0.0,519.96,84.49,337.96,182.0
2024-11-17,UK & Ireland,In-store,Electronics,Smart Speaker,7,49.99,0.0,349.93,34.99,244.93,105.0
2024-11-18,APAC,In-store,Electronics,Smart Speaker,3,49.99,0.15,127.47,34.99,104.97,22.5
2024-11-18,APAC,Online,Apparel,Wool Socks 3-pack,6,14.99,0.0,89.94,6.0,36.0,53.94
2024-11-18,APAC,Online,Home & Kitchen,Air Fryer,6,89.99,0.0,539.94,62.99,377.94,162.0
2024-11-18,APAC,Online,Home & Kitchen,Cookware Set,3,129.99,0.0,389.97,84.49,253.47,136.5
2024-11-18,EMEA,In-store,Electronics,Smart Speaker,8,49.99,0.0,399.92,34.99,279.92,120.0
2024-11-18,EMEA,In-store,Home & Kitchen,Air Fryer,5,89.99,0.0,449.95,62.99,314.95,135.0
2024-11-18,EMEA,Online,Apparel,Wool Socks 3-pack,7,14.99,0.0,104.93,6.0,42.0,62.93
2024-11-18,EMEA,Online,Beauty & Wellness,Electric Toothbrush,1,59.99,0.0,59.99,32.99,32.99,27.0
2024-11-18,LATAM,In-store,Apparel,Wool Socks 3-pack,4,14.99,0.0,59.96,6.0,24.0,35.96
2024-11-18,LATAM,In-store,Media & Entertainment,Board Game,5,34.99,0.0,174.95,19.24,96.2,78.75
2024-11-18,LATAM,Online,Apparel,Running Tee,4,24.99,0.0,99.96,11.25,45.0,54.96
2024-11-18,LATAM,Online,Media & Entertainment,Blu-ray Box Set,2,39.99,0.25,59.98,29.99,59.98,0.0
2024-11-18,North America,In-store,Media & Entertainment,Vinyl Record,8,27.99,0.0,223.92,16.79,134.32,89.6
2024-11-18,North America,Online,Beauty & Wellness,Collagen Powder,8,34.99,0.0,279.92,14.0,112.0,167.92
2024-11-18,North America,Online,Media & Entertainment,Board Game,5,34.99,0.0,174.95,19.24,96.2,78.75
2024-11-18,North America,Online,Media & Entertainment,Vinyl Record,4,27.99,0.0,111.96,16.79,67.16,44.8
2024-11-18,UK & Ireland,In-store,Electronics,USB-C Charger,17,19.99,0.0,339.83,10.99,186.83,153.0
2024-11-18,UK & Ireland,In-store,Media & Entertainment,Blu-ray Box Set,15,39.99,0.2,479.88,29.99,449.85,30.03
2024-11-19,APAC,In-store,Beauty & Wellness,Collagen Powder,11,34.99,0.1,346.4,14.0,154.0,192.4
2024-11-19,APAC,In-store,Electronics,USB-C Charger,11,19.99,0.0,219.89,10.99,120.89,99.0
2024-11-19,APAC,Online,Media & Entertainment,Vinyl Record,3,27.99,0.0,83.97,16.79,50.37,33.6
2024-11-19,EMEA,In-store,Apparel,Running Tee,10,24.99,0.2,199.92,11.25,112.5,87.42
2024-11-19,EMEA,In-store,Media & Entertainment,Board Game,5,34.99,0.15,148.71,19.24,96.2,52.51
2024-11-19,EMEA,In-store,Media & Entertainment,Vinyl Record,7,27.99,0.0,195.93,16.79,117.53,78.4
2024-11-19,EMEA,Online,Apparel,Wool Socks 3-pack,5,14.99,0.0,74.95,6.0,30.0,44.95
2024-11-19,LATAM,Online,Electronics,USB-C Charger,4,19.99,0.2,63.97,10.99,43.96,20.01
2024-11-19,LATAM,Online,Home & Kitchen,Air Fryer,3,89.99,0.1,242.97,62.99,188.97,54.0
2024-11-19,North America,Online,Beauty & Wellness,Vitamin C Serum,5,29.99,0.0,149.95,10.5,52.5,97.45
2024-11-19,North America,Online,Home & Kitchen,Cookware Set,3,129.99,0.0,389.97,84.49,253.47,136.5
2024-11-19,UK & Ireland,In-store,Apparel,Running Tee,10,24.99,0.1,224.91,11.25,112.5,112.41
2024-11-19,UK & Ireland,Online,Beauty & Wellness,Vitamin C Serum,2,29.99,0.0,59.98,10.5,21.0,38.98
2024-11-19,UK & Ireland,Online,Electronics,Wireless Earbuds,3,79.99,0.0,239.97,51.99,155.97,84.0
2024-11-20,APAC,In-store,Beauty & Wellness,Collagen Powder,4,34.99,0.0,139.96,14.0,56.0,83.96
2024-11-20,APAC,In-store,Beauty & Wellness,Electric Toothbrush,5,59.99,0.0,299.95,32.99,164.95,135.0
2024-11-20,APAC,In-store,Electronics,Smart Speaker,5,49.99,0.0,249.95,34.99,174.95,75.0
2024-11-20,APAC,Online,Home & Kitchen,Cookware Set,1,129.99,0.0,129.99,84.49,84.49,45.5
2024-11-20,EMEA,In-store,Apparel,Denim Jacket,5,69.99,0.0,349.95,34.99,174.95,175.0
2024-11-20,EMEA,In-store,Apparel,Running Tee,12,24.99,0.0,299.88,11.25,135.0,164.88
2024-11-20,EMEA,In-store,Home & Kitchen,Coffee Grinder,14,39.99,0.25,419.89,23.99,335.86,84.03
2024-11-20,EMEA,In-store,Media & Entertainment,Board Game,14,34.99,0.0,489.86,19.24,269.36,220.5
2024-11-20,EMEA,Online,Home & Kitchen,Cookware Set,1,129.99,0.0,129.99,84.49,84.49,45.5
2024-11-20,LATAM,In-store,Apparel,Wool Socks 3-pack,4,14.99,0.15,50.97,6.0,24.0,26.97
2024-11-20,LATAM,Online,Media & Entertainment,Board Game,4,34.99,0.0,139.96,19.24,76.96,63.0
2024-11-20,North America,In-store,Electronics,USB-C Charger,13,19.99,0.1,233.88,10.99,142.87,91.01
2024-11-20,North America,Online,Home & Kitchen,Air Fryer,6,89.99,0.1,485.95,62.99,377.94,108.01
2024-11-20,North America,Online,Media & Entertainment,Board Game,6,34.99,0.0,209.94,19.24,115.44,94.5
2024-11-21,EMEA,In-store,Electronics,USB-C Charger,13,19.99,0.0,259.87,10.99,142.87,117.0
2024-11-21,EMEA,Online,Home & Kitchen,Coffee Grinder,5,39.99,0.0,199.95,23.99,119.95,80.0
2024-11-21,EMEA,Online,Media & Entertainment,Board Game,4,34.99,0.0,139.96,19.24,76.96,63.0
2024-11-21,LATAM,In-store,Home & Kitchen,Air Fryer,5,89.99,0.0,449.95,62.99,314.95,135.0
2024-11-21,LATAM,In-store,Media & Entertainment,Board Game,10,34.99,0.1,314.91,19.24,192.4,122.51
2024-11-21,LATAM,In-store,Media & Entertainment,Vinyl Record,4,27.99,0.0,111.96,16.79,67.16,44.8
2024-11-21,LATAM,Online,Beauty & Wellness,Vitamin C Serum,6,29.99,0.1,161.95,10.5,63.0,98.95
2024-11-21,LATAM,Online,Home & Kitchen,Coffee Grinder,5,39.99,0.1,179.96,23.99,119.95,60.01
2024-11-21,North America,In-store,Media & Entertainment,Vinyl Record,10,27.99,0.0,279.9,16.79,167.9,112.0
2024-11-21,UK & Ireland,In-store,Beauty & Wellness,Collagen Powder,7,34.99,0.0,244.93,14.0,98.0,146.93
2024-11-21,UK & Ireland,In-store,Electronics,Smart Speaker,8,49.99,0.0,399.92,34.99,279.92,120.0
2024-11-21,UK & Ireland,In-store,Home & Kitchen,Air Fryer,4,89.99,0.0,359.96,62.99,251.96,108.0
2024-11-21,UK & Ireland,Online,Electronics,Smart Speaker,4,49.99,0.0,199.96,34.99,139.96,60.0
2024-11-22,EMEA,In-store,Apparel,Running Tee,9,24.99,0.2,179.93,11.25,101.25,78.68
2024-11-22,EMEA,In-store,Media & Entertainment,Vinyl Record,6,27.99,0.0,167.94,16.79,100.74,67.2
2024-11-22,EMEA,Online,Home & Kitchen,Coffee Grinder,1,39.99,0.0,39.99,23.99,23.99,16.0
2024-11-22,EMEA,Online,Media & Entertainment,Blu-ray Box Set,5,39.99,0.2,159.96,29.99,149.95,10.01
2024-11-22,LATAM,In-store,Electronics,Smart Speaker,5,49.99,0.0,249.95,34.99,174.95,75.0
2024-11-22,LATAM,Online,Home & Kitchen,Cookware Set,1,129.99,0.0,129.99,84.49,84.49,45.5
2024-11-22,North America,In-store,Electronics,USB-C Charger,19,19.99,0.15,322.84,10.99,208.81,114.03
2024-11-22,North America,In-store,Home & Kitchen,Coffee Grinder,7,39.99,0.0,279.93,23.99,167.93,112.0
2024-11-22,North America,In-store,Media & Entertainment,Board Game,7,34.99,0.0,244.93,19.24,134.68,110.25
2024-11-22,North America,Online,Apparel,Denim Jacket,5,69.99,0.0,349.95,34.99,174.95,175.0
2024-11-22,North America,Online,Electronics,Smart Speaker,4,49.99,0.0,199.96,34.99,139.96,60.0
2024-11-22,North America,Online,Electronics,Wireless Earbuds,15,79.99,0.0,1199.85,51.99,779.85,420.0
2024-11-22,North America,Online,Home & Kitchen,Cookware Set,1,129.99,0.0,129.99,84.49,84.49,45.5
2024-11-23,APAC,In-store,Apparel,Denim Jacket,11,69.99,0.0,769.89,34.99,384.89,385.0
2024-11-23,APAC,In-store,Media & Entertainment,Board Game,12,34.99,0.0,419.88,19.24,230.88,189.0
2024-11-23,LATAM,In-store,Apparel,Wool Socks 3-pack,20,14.99,0.0,299.8,6.0,120.0,179.8
2024-11-23,LATAM,In-store,Home & Kitchen,Coffee Grinder,5,39.99,0.0,199.95,23.99,119.95,80.0
2024-11-23,LATAM,In-store,Home & Kitchen,Cookware Set,7,129.99,0.0,909.93,84.49,591.43,318.5
2024-11-23,LATAM,Online,Beauty & Wellness,Vitamin C Serum,1,29.99,0.0,29.99,10.5,10.5,19.49
2024-11-23,North America,In-store,Apparel,Running Tee,22,24.99,0.0,549.78,11.25,247.5,302.28
2024-11-23,North America,Online,Apparel,Denim Jacket,4,69.99,0.25,209.97,34.99,139.96,70.01
2024-11-23,North America,Online,Media & Entertainment,Board Game,6,34.99,0.2,167.95,19.24,115.44,52.51
2024-11-23,UK & Ireland,In-store,Apparel,Denim Jacket,8,69.99,0.0,559.92,34.99,279.92,280.0
2024-11-23,UK & Ireland,In-store,Apparel,Wool Socks 3-pack,12,14.99,0.0,179.88,6.0,72.0,107.88
2024-11-23,UK & Ireland,In-store,Beauty & Wellness,Collagen Powder,5,34.99,0.0,174.95,14.0,70.0,104.95
2024-11-23,UK & Ireland,Online,Apparel,Denim Jacket,3,69.99,0.0,209.97,34.99,104.97,105.0
2024-11-23,UK & Ireland,Online,Media & Entertainment,Vinyl Record,3,27.99,0.0,83.97,16.79,50.37,33.6
2024-11-24,APAC,Online,Apparel,Denim Jacket,9,69.99,0.0,629.91,34.99,314.91,315.0
2024-11-24,APAC,Online,Media & Entertainment,Board Game,4,34.99,0.0,139.96,19.24,76.96,63.0
2024-11-24,EMEA,In-store,Beauty & Wellness,Collagen Powder,10,34.99,0.1,314.91,14.0,140.0,174.91
2024-11-24,EMEA,Online,Media & Entertainment,Blu-ray Box Set,3,39.99,0.1,107.97,29.99,89.97,18.0
2024-11-24,LATAM,In-store,Beauty & Wellness,Collagen Powder,5,34.99,0.0,174.95,14.0,70.0,104.95
2024-11-24,LATAM,In-store,Media & Entertainment,Blu-ray Box Set,8,39.99,0.0,319.92,29.99,239.92,80.0
2024-11-24,LATAM,Online,Apparel,Denim Jacket,3,69.99,0.0,209.97,34.99,104.97,105.0
2024-11-24,North America,In-store,Home & Kitchen,Air Fryer,10,89.99,0.25,674.92,62.99,629.9,45.02
2024-11-24,North America,Online,Apparel,Running Tee,5,24.99,0.0,124.95,11.25,56.25,68.7
2024-11-24,North America,Online,Home & Kitchen,Coffee Grinder,3,39.99,0.0,119.97,23.99,71.97,48.0
2024-11-24,UK & Ireland,Online,Apparel,Denim Jacket,2,69.99,0.1,125.98,34.99,69.98,56.0
2024-11-24,UK & Ireland,Online,Media & Entertainment,Board Game,8,34.99,0.0,279.92,19.24,153.92,126.0
2024-11-25,APAC,In-store,Beauty & Wellness,Electric Toothbrush,3,59.99,0.0,179.97,32.99,98.97,81.0
2024-11-25,APAC,In-store,Home & Kitchen,Air Fryer,5,89.99,0.2,359.96,62.99,314.95,45.01
2024-11-25,EMEA,In-store,Media & Entertainment,Board Game,12,34.99,0.0,419.88,19.24,230.88,189.0
2024-11-25,EMEA,Online,Electronics,Smart Speaker,6,49.99,0.0,299.94,34.99,209.94,90.0
2024-11-25,LATAM,In-store,Electronics,USB-C Charger,4,19.99,0.2,63.97,10.99,43.96,20.01
2024-11-25,LATAM,In-store,Media & Entertainment,Blu-ray Box Set,4,39.99,0.15,135.97,29.99,119.96,16.01
2024-11-25,LATAM,Online,Electronics,Smart Speaker,3,49.99,0.0,149.97,34.99,104.97,45.0
2024-11-25,LATAM,Online,Electronics,Wireless Earbuds,10,79.99,0.0,799.9,51.99,519.9,280.0
2024-11-25,North America,In-store,Media & Entertainment,Blu-ray Box Set,14,39.99,0.25,419.89,29.99,419.86,0.03
2024-11-25,North America,Online,Beauty & Wellness,Vitamin C Serum,5,29.99,0.2,119.96,10.5,52.5,67.46
2024-11-25,North America,Online,Home & Kitchen,Cookware Set,3,129.99,0.1,350.97,84.49,253.47,97.5
2024-11-25,North America,Online,Media & Entertainment,Board Game,5,34.99,0.0,174.95,19.24,96.2,78.75
2024-11-25,UK & Ireland,In-store,Apparel,Running Tee,4,24.99,0.0,99.96,11.25,45.0,54.96
2024-11-25,UK & Ireland,Online,Media & Entertainment,Board Game,3,34.99,0.1,94.47,19.24,57.72,36.75
2024-11-26,APAC,In-store,Home & Kitchen,Air Fryer,8,89.99,0.1,647.93,62.99,503.92,144.01
2024-11-26,EMEA,In-store,Beauty & Wellness,Vitamin C Serum,6,29.99,0.2,143.95,10.5,63.0,80.95
2024-11-26,EMEA,In-store,Electronics,USB-C Charger,16,19.99,0.25,239.88,10.99,175.84,64.04
2024-11-26,EMEA,In-store,Home & Kitchen,Air Fryer,7,89.99,0.0,629.93,62.99,440.93,189.0
2024-11-26,EMEA,In-store,Media & Entertainment,Blu-ray Box Set,8,39.99,0.0,319.92,29.99,239.92,80.0
2024-11-26,EMEA,Online,Apparel,Wool Socks 3-pack,5,14.99,0.25,56.21,6.0,30.0,26.21
2024-11-26,LATAM,In-store,Electronics,Smart Speaker,1,49.99,0.2,39.99,34.99,34.99,5.0
2024-11-26,LATAM,Online,Apparel,Wool Socks 3-pack,2,14.99,0.0,29.98,6.0,12.0,17.98
2024-11-26,North America,Online,Electronics,Wireless Earbuds,6,79.99,0.0,479.94,51.99,311.94,168.0
2024-11-26,UK & Ireland,In-store,Apparel,Running Tee,21,24.99,0.0,524.79,11.25,236.25,288.54
2024-11-26,UK & Ireland,In-store,Beauty & Wellness,Collagen Powder,6,34.99,0.0,209.94,14.0,84.0,125.94
2024-11-26,UK & Ireland,Online,Beauty & Wellness,Collagen Powder,1,34.99,0.0,34.99,14.0,14.0,20.99
2024-11-27,APAC,In-store,Beauty & Wellness,Electric Toothbrush,4,59.99,0.0,239.96,32.99,131.96,108.0
2024-11-27,APAC,In-store,Beauty & Wellness,Vitamin C Serum,7,29.99,0.25,157.45,10.5,73.5,83.95
2024-11-27,EMEA,In-store,Home & Kitchen,Air Fryer,10,89.99,0.0,899.9,62.99,629.9,270.0
2024-11-27,EMEA,In-store,Home & Kitchen,Cookware Set,4,129.99,0.0,519.96,84.49,337.96,182.0
2024-11-27,EMEA,Online,Apparel,Running Tee,10,24.99,0.0,249.9,11.25,112.5,137.4
2024-11-27,EMEA,Online,Electronics,Wireless Earbuds,2,79.99,0.0,159.98,51.99,103.98,56.0
2024-11-27,EMEA,Online,Media & Entertainment,Blu-ray Box Set,3,39.99,0.0,119.97,29.99,89.97,30.0
2024-11-27,LATAM,Online,Media & Entertainment,Blu-ray Box Set,2,39.99,0.2,63.98,29.99,59.98,4.0
2024-11-27,North America,In-store,Beauty & Wellness,Electric Toothbrush,6,59.99,0.0,359.94,32.99,197.94,162.0
2024-11-27,North America,In-store,Media & Entertainment,Vinyl Record,6,27.99,0.2,134.35,16.79,100.74,33.61
2024-11-27,North America,Online,Electronics,Wireless Earbuds,7,79.99,0.0,559.93,51.99,363.93,196.0
2024-11-27,UK & Ireland,In-store,Media & Entertainment,Blu-ray Box Set,4,39.99,0.0,159.96,29.99,119.96,40.0
2024-11-27,UK & Ireland,Online,Beauty & Wellness,Vitamin C Serum,3,29.99,0.0,89.97,10.5,31.5,58.47
2024-11-27,UK & Ireland,Online,Media & Entertainment,Board Game,4,34.99,0.0,139.96,19.24,76.96,63.0
2024-11-28,APAC,In-store,Beauty & Wellness,Electric Toothbrush,4,59.99,0.15,203.97,32.99,131.96,72.01
2024-11-28,APAC,Online,Beauty & Wellness,Electric Toothbrush,3,59.99,0.0,179.97,32.99,98.97,81.0
2024-11-28,APAC,Online,Electronics,Smart Speaker,5,49.99,0.25,187.46,34.99,174.95,12.51
2024-11-28,APAC,Online,Electronics,USB-C Charger,6,19.99,0.0,119.94,10.99,65.94,54.0
2024-11-28,EMEA,In-store,Beauty & Wellness,Collagen Powder,8,34.99,0.0,279.92,14.0,112.0,167.92
2024-11-28,LATAM,Online,Apparel,Running Tee,3,24.99,0.1,67.47,11.25,33.75,33.72
2024-11-28,North America,In-store,Media & Entertainment,Blu-ray Box Set,11,39.99,0.15,373.91,29.99,329.89,44.02
2024-11-28,North America,Online,Electronics,Smart Speaker,7,49.99,0.0,349.93,34.99,244.93,105.0
2024-11-28,North America,Online,Home & Kitchen,Air Fryer,8,89.99,0.0,719.92,62.99,503.92,216.0
2024-11-28,UK & Ireland,In-store,Apparel,Wool Socks 3-pack,10,14.99,0.2,119.92,6.0,60.0,59.92
2024-11-29,APAC,In-store,Apparel,Running Tee,20,24.99,0.0,499.8,11.25,225.0,274.8
2024-11-29,APAC,Online,Electronics,Wireless Earbuds,3,79.99,0.1,215.97,51.99,155.97,60.0
2024-11-29,EMEA,Online,Beauty & Wellness,Collagen Powder,3,34.99,0.25,78.73,14.0,42.0,36.73
2024-11-29,EMEA,Online,Electronics,Wireless Earbuds,6,79.99,0.0,479.94,51.99,311.94,168.0
2024-11-29,LATAM,Online,Media & Entertainment,Vinyl Record,3,27.99,0.0,83.97,16.79,50.37,33.6
2024-11-29,North America,In-store,Apparel,Running Tee,25,24.99,0.0,624.75,11.25,281.25,343.5
2024-11-29,North America,In-store,Apparel,Wool Socks 3-pack,13,14.99,0.0,194.87,6.0,78.0,116.87
2024-11-29,North America,Online,Apparel,Wool Socks 3-pack,3,14.99,0.25,33.73,6.0,18.0,15.73
2024-11-29,North America,Online,Media & Entertainment,Board Game,3,34.99,0.0,104.97,19.24,57.72,47.25
2024-11-29,UK & Ireland,In-store,Beauty & Wellness,Electric Toothbrush,6,59.99,0.1,323.95,32.99,197.94,126.01
2024-11-30,APAC,In-store,Electronics,Wireless Earbuds,12,79.99,0.1,863.89,51.99,623.88,240.01
2024-11-30,APAC,In-store,Media & Entertainment,Vinyl Record,6,27.99,0.0,167.94,16.79,100.74,67.2
2024-11-30,APAC,Online,Electronics,Smart Speaker,9,49.99,0.2,359.93,34.99,314.91,45.02
2024-11-30,EMEA,In-store,Beauty & Wellness,Electric Toothbrush,7,59.99,0.1,377.94,32.99,230.93,147.01
2024-11-30,EMEA,Online,Apparel,Wool Socks 3-pack,5,14.99,0.15,63.71,6.0,30.0,33.71
2024-11-30,EMEA,Online,Electronics,Smart Speaker,1,49.99,0.2,39.99,34.99,34.99,5.0
2024-11-30,LATAM,In-store,Electronics,Wireless Earbuds,8,79.99,0.0,639.92,51.99,415.92,224.0
2024-11-30,North America,In-store,Apparel,Denim Jacket,11,69.99,0.0,769.89,34.99,384.89,385.0
2024-11-30,North America,In-store,Electronics,Smart Speaker,6,49.99,0.0,299.94,34.99,209.94,90.0
2024-11-30,North America,Online,Home & Kitchen,Coffee Grinder,3,39.99,0.15,101.97,23.99,71.97,30.0
2024-11-30,UK & Ireland,In-store,Media & Entertainment,Vinyl Record,10,27.99,0.0,279.9,16.79,167.9,112.0
2024-11-30,UK & Ireland,Online,Apparel,Wool Socks 3-pack,9,14.99,0.25,101.18,6.0,54.0,47.18
2024-12-01,APAC,In-store,Beauty & Wellness,Vitamin C Serum,12,29.99,0.0,359.88,10.5,126.0,233.88
2024-12-01,APAC,In-store,Electronics,Wireless Earbuds,13,79.99,0.0,1039.87,51.99,675.87,364.0
2024-12-01,APAC,Online,Media & Entertainment,Blu-ray Box Set,6,39.99,0.15,203.95,29.99,179.94,24.01
2024-12-01,EMEA,In-store,Beauty & Wellness,Electric Toothbrush,10,59.99,0.0,599.9,32.99,329.9,270.0
2024-12-01,EMEA,In-store,Media & Entertainment,Blu-ray Box Set,9,39.99,0.0,359.91,29.99,269.91,90.0
2024-12-01,EMEA,Online,Beauty & Wellness,Vitamin C Serum,5,29.99,0.0,149.95,10.5,52.5,97.45
2024-12-01,EMEA,Online,Electronics,Smart Speaker,3,49.99,0.2,119.98,34.99,104.97,15.01
2024-12-01,EMEA,Online,Home & Kitchen,Air Fryer,3,89.99,0.0,269.97,62.99,188.97,81.0
2024-12-01,LATAM,Online,Beauty & Wellness,Collagen Powder,6,34.99,0.0,209.94,14.0,84.0,125.94
2024-12-01,LATAM,Online,Electronics,Smart Speaker,4,49.99,0.2,159.97,34.99,139.96,20.01
2024-12-01,North America,Online,Apparel,Wool Socks 3-pack,4,14.99,0.0,59.96,6.0,24.0,35.96
2024-12-01,UK & Ireland,In-store,Electronics,USB-C Charger,13,19.99,0.2,207.9,10.99,142.87,65.03
2024-12-01,UK & Ireland,In-store,Electronics,Wireless Earbuds,11,79.99,0.1,791.9,51.99,571.89,220.01
2024-12-01,UK & Ireland,In-store,Home & Kitchen,Air Fryer,5,89.99,0.25,337.46,62.99,314.95,22.51
2024-12-02,APAC,In-store,Electronics,Wireless Earbuds,11,79.99,0.0,879.89,51.99,571.89,308.0
2024-12-02,APAC,In-store,Home & Kitchen,Air Fryer,9,89.99,0.0,809.91,62.99,566.91,243.0
2024-12-02,APAC,In-store,Home & Kitchen,Cookware Set,4,129.99,0.0,519.96,84.49,337.96,182.0
2024-12-02,APAC,In-store,Media & Entertainment,Board Game,6,34.99,0.0,209.94,19.24,115.44,94.5
2024-12-02,APAC,Online,Beauty & Wellness,Collagen Powder,5,34.99,0.0,174.95,14.0,70.0,104.95
2024-12-02,APAC,Online,Media & Entertainment,Blu-ray Box Set,2,39.99,0.1,71.98,29.99,59.98,12.0
2024-12-02,EMEA,In-store,Apparel,Wool Socks 3-pack,11,14.99,0.0,164.89,6.0,66.0,98.89
2024-12-02,EMEA,Online,Beauty & Wellness,Electric Toothbrush,4,59.99,0.2,191.97,32.99,131.96,60.01
2024-12-02,EMEA,Online,Electronics,USB-C Charger,4,19.99,0.0,79.96,10.99,43.96,36.0
2024-12-02,LATAM,In-store,Apparel,Running Tee,7,24.99,0.0,174.93,11.25,78.75,96.18
2024-12-02,North America,In-store,Apparel,Wool Socks 3-pack,25,14.99,0.0,374.75,6.0,150.0,224.75
2024-12-02,UK & Ireland,In-store,Beauty & Wellness,Collagen Powder,11,34.99,0.2,307.91,14.0,154.0,153.91
2024-12-02,UK & Ireland,In-store,Media & Entertainment,Blu-ray Box Set,6,39.99,0.25,179.95,29.99,179.94,0.01
2024-12-03,APAC,In-store,Beauty & Wellness,Vitamin C Serum,5,29.99,0.0,149.95,10.5,52.5,97.45
2024-12-03,APAC,In-store,Media & Entertainment,Board Game,18,34.99,0.0,629.82,19.24,346.32,283.5
2024-12-03,APAC,Online,Media & Entertainment,Board Game,7,34.99,0.0,244.93,19.24,134.68,110.25
2024-12-03,APAC,Online,Media & Entertainment,Vinyl Record,9,27.99,0.0,251.91,16.79,151.11,100.8
2024-12-03,EMEA,In-store,Beauty & Wellness,Vitamin C Serum,11,29.99,0.0,329.89,10.5,115.5,214.39
2024-12-03,EMEA,In-store,Electronics,Wireless Earbuds,15,79.99,0.0,1199.85,51.99,779.85,420.0
2024-12-03,EMEA,Online,Apparel,Denim Jacket,6,69.99,0.1,377.95,34.99,209.94,168.01
2024-12-03,EMEA,Online,Apparel,Running Tee,17,24.99,0.25,318.62,11.25,191.25,127.37
2024-12-03,EMEA,Online,Electronics,USB-C Charger,8,19.99,0.0,159.92,10.99,87.92,72.0
2024-12-03,LATAM,In-store,Beauty & Wellness,Electric Toothbrush,5,59.99,0.0,299.95,32.99,164.95,135.0
2024-12-03,LATAM,In-store,Electronics,Smart Speaker,8,49.99,0.2,319.94,34.99,279.92,40.02
2024-12-03,LATAM,In-store,Home & Kitchen,Cookware Set,6,129.99,0.0,779.94,84.49,506.94,273.0
2024-12-03,LATAM,Online,Electronics,Wireless Earbuds,2,79.99,0.0,159.98,51.99,103.98,56.0
2024-12-03,LATAM,Online,Media & Entertainment,Board Game,5,34.99,0.0,174.95,19.24,96.2,78.75
2024-12-03,North America,In-store,Apparel,Running Tee,8,24.99,0.0,199.92,11.25,90.0,109.92
2024-12-03,North America,In-store,Media & Entertainment,Board Game,27,34.99,0.0,944.73,19.24,519.48,425.25
2024-12-03,North America,Online,Apparel,Denim Jacket,3,69.99,0.0,209.97,34.99,104.97,105.0
2024-12-03,UK & Ireland,In-store,Beauty & Wellness,Vitamin C Serum,5,29.99,0.15,127.46,10.5,52.5,74.96
2024-12-03,UK & Ireland,Online,Media & Entertainment,Board Game,6,34.99,0.1,188.95,19.24,115.44,73.51
2024-12-04,APAC,In-store,Media & Entertainment,Board Game,5,34.99,0.0,174.95,19.24,96.2,78.75
2024-12-04,APAC,Online,Electronics,Smart Speaker,2,49.99,0.0,99.98,34.99,69.98,30.0
2024-12-04,EMEA,Online,Electronics,Smart Speaker,8,49.99,0.1,359.93,34.99,279.92,80.01
2024-12-04,EMEA,Online,Home & Kitchen,Cookware Set,1,129.99,0.0,129.99,84.49,84.49,45.5
2024-12-04,EMEA,Online,Media & Entertainment,Board Game,6,34.99,0.2,167.95,19.24,115.44,52.51
2024-12-04,North America,In-store,Electronics,USB-C Charger,16,19.99,0.0,319.84,10.99,175.84,144.0
2024-12-04,North America,In-store,Media & Entertainment,Board Game,11,34.99,0.0,384.89,19.24,211.64,173.25
2024-12-04,North America,In-store,Media & Entertainment,Vinyl Record,9,27.99,0.0,251.91,16.79,151.11,100.8
2024-12-04,UK & Ireland,In-store,Electronics,Wireless Earbuds,9,79.99,0.1,647.92,51.99,467.91,180.01
2024-12-04,UK & Ireland,In-store,Media & Entertainment,Board Game,10,34.99,0.0,349.9,19.24,192.4,157.5
2024-12-04,UK & Ireland,Online,Beauty & Wellness,Vitamin C Serum,2,29.99,0.0,59.98,10.5,21.0,38.98
2024-12-04,UK & Ireland,Online,Home & Kitchen,Air Fryer,1,89.99,0.0,89.99,62.99,62.99,27.0
2024-12-04,UK & Ireland,Online,Home & Kitchen,Coffee Grinder,2,39.99,0.0,79.98,23.99,47.98,32.0
2024-12-05,APAC,Online,Beauty & Wellness,Vitamin C Serum,2,29.99,0.1,53.98,10.5,21.0,32.98
2024-12-05,EMEA,In-store,Home & Kitchen,Coffee Grinder,13,39.99,0.15,441.89,23.99,311.87,130.02
2024-12-05,EMEA,In-store,Media & Entertainment,Vinyl Record,7,27.99,0.1,176.34,16.79,117.53,58.81
2024-12-05,EMEA,Online,Electronics,Smart Speaker,4,49.99,0.0,199.96,34.99,139.96,60.0
2024-12-05,EMEA,Online,Home & Kitchen,Air Fryer,5,89.99,0.1,404.95,62.99,314.95,90.0
2024-12-05,EMEA,Online,Media & Entertainment,Blu-ray Box Set,4,39.99,0.0,159.96,29.99,119.96,40.0
2024-12-05,LATAM,In-store,Media & Entertainment,Blu-ray Box Set,7,39.99,0.0,279.93,29.99,209.93,70.0
2024-12-05,LATAM,In-store,Media & Entertainment,Board Game,4,34.99,0.0,139.96,19.24,76.96,63.0
2024-12-05,LATAM,Online,Apparel,Denim Jacket,2,69.99,0.0,139.98,34.99,69.98,70.0
2024-12-05,North America,In-store,Apparel,Running Tee,12,24.99,0.0,299.88,11.25,135.0,164.88
2024-12-05,North America,In-store,Beauty & Wellness,Collagen Powder,7,34.99,0.0,244.93,14.0,98.0,146.93
2024-12-05,UK & Ireland,Online,Media & Entertainment,Blu-ray Box Set,3,39.99,0.25,89.98,29.99,89.97,0.01
2024-12-05,UK & Ireland,Online,Media & Entertainment,Vinyl Record,1,27.99,0.15,23.79,16.79,16.79,7.0
2024-12-06,APAC,Online,Apparel,Wool Socks 3-pack,9,14.99,0.0,134.91,6.0,54.0,80.91
2024-12-06,APAC,Online,Electronics,Smart Speaker,3,49.99,0.2,119.98,34.99,104.97,15.01
2024-12-06,APAC,Online,Home & Kitchen,Air Fryer,4,89.99,0.0,359.96,62.99,251.96,108.0
2024-12-06,APAC,Online,Media & Entertainment,Blu-ray Box Set,12,39.99,0.0,479.88,29.99,359.88,120.0
2024-12-06,EMEA,In-store,Beauty & Wellness,Collagen Powder,12,34.99,0.15,356.9,14.0,168.0,188.9
2024-12-06,EMEA,In-store,Home & Kitchen,Cookware Set,7,129.99,0.1,818.94,84.49,591.43,227.51
2024-12-06,EMEA,Online,Apparel,Denim Jacket,6,69.99,0.1,377.95,34.99,209.94,168.01
2024-12-06,LATAM,In-store,Electronics,Smart Speaker,8,49.99,0.2,319.94,34.99,279.92,40.02
2024-12-06,LATAM,In-store,Electronics,USB-C Charger,15,19.99,0.0,299.85,10.99,164.85,135.0
2024-12-06,LATAM,In-store,Electronics,Wireless Earbuds,4,79.99,0.15,271.97,51.99,207.96,64.01
2024-12-06,LATAM,Online,Apparel,Wool Socks 3-pack,2,14.99,0.15,25.48,6.0,12.0,13.48
2024-12-06,LATAM,Online,Media & Entertainment,Board Game,4,34.99,0.0,139.96,19.24,76.96,63.0
2024-12-06,North America,In-store,Media & Entertainment,Board Game,15,34.99,0.0,524.85,19.24,288.6,236.25
2024-12-06,North America,Online,Beauty & Wellness,Electric Toothbrush,8,59.99,0.0,479.92,32.99,263.92,216.0
2024-12-06,North America,Online,Home & Kitchen,Coffee Grinder,6,39.99,0.0,239.94,23.99,143.94,96.0
2024-12-06,North America,Online,Media & Entertainment,Vinyl Record,4,27.99,0.15,95.17,16.79,67.16,28.01
2024-12-06,UK & Ireland,In-store,Apparel,Wool Socks 3-pack,10,14.99,0.1,134.91,6.0,60.0,74.91
2024-12-06,UK & Ireland,In-store,Electronics,USB-C Charger,10,19.99,0.15,169.91,10.99,109.9,60.01
2024-12-06,UK & Ireland,In-store,Media & Entertainment,Board Game,24,34.99,0.25,629.82,19.24,461.76,168.06
2024-12-07,APAC,Online,Apparel,Wool Socks 3-pack,2,14.99,0.0,29.98,6.0,12.0,17.98
2024-12-07,APAC,Online,Home & Kitchen,Air Fryer,3,89.99,0.0,269.97,62.99,188.97,81.0
2024-12-07,EMEA,In-store,Apparel,Denim Jacket,10,69.99,0.0,699.9,34.99,349.9,350.0
2024-12-07,EMEA,In-store,Electronics,Wireless Earbuds,20,79.99,0.1,1439.82,51.99,1039.8,400.02
2024-12-07,EMEA,Online,Beauty & Wellness,Collagen Powder,5,34.99,0.0,174.95,14.0,70.0,104.95
2024-12-07,EMEA,Online,Electronics,Wireless Earbuds,7,79.99,0.15,475.94,51.99,363.93,112.01
2024-12-07,LATAM,In-store,Beauty & Wellness,Vitamin C Serum,11,29.99,0.0,329.89,10.5,115.5,214.39
2024-12-07,LATAM,In-store,Media & Entertainment,Blu-ray Box Set,7,39.99,0.0,279.93,29.99,209.93,70.0
2024-12-07,LATAM,In-store,Media & Entertainment,Vinyl Record,2,27.99,0.0,55.98,16.79,33.58,22.4
2024-12-07,LATAM,Online,Beauty & Wellness,Collagen Powder,2,34.99,0.0,69.98,14.0,28.0,41.98
2024-12-07,LATAM,Online,Media & Entertainment,Blu-ray Box Set,2,39.99,0.2,63.98,29.99,59.98,4.0
2024-12-07,LATAM,Online,Media & Entertainment,Vinyl Record,2,27.99,0.0,55.98,16.79,33.58,22.4
2024-12-07,North America,In-store,Media & Entertainment,Blu-ray Box Set,18,39.99,0.0,719.82,29.99,539.82,180.0
2024-12-07,North America,Online,Home & Kitchen,Coffee Grinder,4,39.99,0.0,159.96,23.99,95.96,64.0
2024-12-07,North America,Online,Home & Kitchen,Cookware Set,2,129.99,0.0,259.98,84.49,168.98,91.0
2024-12-07,UK & Ireland,In-store,Apparel,Running Tee,15,24.99,0.0,374.85,11.25,168.75,206.1
2024-12-07,UK & Ireland,In-store,Apparel,Wool Socks 3-pack,20,14.99,0.0,299.8,6.0,120.0,179.8
2024-12-07,UK & Ireland,In-store,Beauty & Wellness,Electric Toothbrush,12,59.99,0.0,719.88,32.99,395.88,324.0
2024-12-07,UK & Ireland,In-store,Home & Kitchen,Air Fryer,12,89.99,0.0,1079.88,62.99,755.88,324.0
2024-12-07,UK & Ireland,In-store,Home & Kitchen,Coffee Grinder,10,39.99,0.0,399.9,23.99,239.9,160.0
2024-12-07,UK & Ireland,Online,Electronics,USB-C Charger,5,19.99,0.0,99.95,10.99,54.95,45.0
2024-12-07,UK & Ireland,Online,Media & Entertainment,Vinyl Record,6,27.99,0.25,125.95,16.79,100.74,25.21
2024-12-08,APAC,In-store,Apparel,Wool Socks 3-pack,9,14.99,0.0,134.91,6.0,54.0,80.91
2024-12-08,APAC,In-store,Media & Entertainment,Vinyl Record,14,27.99,0.0,391.86,16.79,235.06,156.8
2024-12-08,APAC,Online,Beauty & Wellness,Collagen Powder,2,34.99,0.0,69.98,14.0,28.0,41.98
2024-12-08,APAC,Online,Media & Entertainment,Blu-ray Box Set,1,39.99,0.0,39.99,29.99,29.99,10.0
2024-12-08,APAC,Online,Media & Entertainment,Vinyl Record,2,27.99,0.15,47.58,16.79,33.58,14.0
2024-12-08,EMEA,In-store,Apparel,Denim Jacket,4,69.99,0.0,279.96,34.99,139.96,140.0
2024-12-08,EMEA,In-store,Home & Kitchen,Air Fryer,8,89.99,0.0,719.92,62.99,503.92,216.0
2024-12-08,EMEA,In-store,Home & Kitchen,Cookware Set,10,129.99,0.0,1299.9,84.49,844.9,455.0
2024-12-08,EMEA,Online,Apparel,Running Tee,5,24.99,0.15,106.21,11.25,56.25,49.96
2024-12-08,EMEA,Online,Electronics,Wireless Earbuds,5,79.99,0.0,399.95,51.99,259.95,140.0
2024-12-08,EMEA,Online,Home & Kitchen,Air Fryer,9,89.99,0.0,809.91,62.99,566.91,243.0
2024-12-08,LATAM,In-store,Beauty & Wellness,Vitamin C Serum,4,29.99,0.0,119.96,10.5,42.0,77.96
2024-12-08,LATAM,In-store,Electronics,Wireless Earbuds,7,79.99,0.0,559.93,51.99,363.93,196.0
2024-12-08,LATAM,Online,Apparel,Running Tee,4,24.99,0.0,99.96,11.25,45.0,54.96
2024-12-08,LATAM,Online,Beauty & Wellness,Collagen Powder,6,34.99,0.15,178.45,14.0,84.0,94.45
2024-12-08,North America,Online,Media & Entertainment,Board Game,7,34.99,0.0,244.93,19.24,134.68,110.25
2024-12-08,UK & Ireland,In-store,Beauty & Wellness,Electric Toothbrush,8,59.99,0.0,479.92,32.99,263.92,216.0
2024-12-08,UK & Ireland,In-store,Electronics,Wireless Earbuds,9,79.99,0.0,719.91,51.99,467.91,252.0
2024-12-08,UK & Ireland,Online,Apparel,Wool Socks 3-pack,6,14.99,0.0,89.94,6.0,36.0,53.94
2024-12-08,UK & Ireland,Online,Media & Entertainment,Board Game,4,34.99,0.0,139.96,19.24,76.96,63.0
2024-12-09,APAC,In-store,Media & Entertainment,Blu-ray Box Set,8,39.99,0.2,255.94,29.99,239.92,16.02
2024-12-09,APAC,Online,Home & Kitchen,Air Fryer,4,89.99,0.0,359.96,62.99,251.96,108.0
2024-12-09,APAC,Online,Home & Kitchen,Coffee Grinder,6,39.99,0.0,239.94,23.99,143.94,96.0
2024-12-09,EMEA,In-store,Beauty & Wellness,Electric Toothbrush,7,59.99,0.1,377.94,32.99,230.93,147.01
2024-12-09,North America,Online,Electronics,USB-C Charger,14,19.99,0.0,279.86,10.99,153.86,126.0
2024-12-09,UK & Ireland,In-store,Beauty & Wellness,Collagen Powder,6,34.99,0.0,209.94,14.0,84.0,125.94
2024-12-09,UK & Ireland,In-store,Beauty & Wellness,Electric Toothbrush,8,59.99,0.1,431.93,32.99,263.92,168.01
2024-12-09,UK & Ireland,In-store,Electronics,Wireless Earbuds,14,79.99,0.0,1119.86,51.99,727.86,392.0
2024-12-09,UK & Ireland,In-store,Media & Entertainment,Vinyl Record,3,27.99,0.15,71.37,16.79,50.37,21.0
2024-12-09,UK & Ireland,Online,Media & Entertainment,Board Game,6,34.99,0.0,209.94,19.24,115.44,94.5
2024-12-09,UK & Ireland,Online,Media & Entertainment,Vinyl Record,5,27.99,0.0,139.95,16.79,83.95,56.0
2024-12-10,APAC,Online,Apparel,Wool Socks 3-pack,4,14.99,0.0,59.96,6.0,24.0,35.96
2024-12-10,APAC,Online,Electronics,Smart Speaker,5,49.99,0.2,199.96,34.99,174.95,25.01
2024-12-10,EMEA,In-store,Apparel,Denim Jacket,4,69.99,0.0,279.96,34.99,139.96,140.0
2024-12-10,EMEA,In-store,Apparel,Running Tee,6,24.99,0.1,134.95,11.25,67.5,67.45
2024-12-10,EMEA,In-store,Home & Kitchen,Coffee Grinder,4,39.99,0.0,159.96,23.99,95.96,64.0
2024-12-10,EMEA,Online,Apparel,Denim Jacket,1,69.99,0.0,69.99,34.99,34.99,35.0
2024-12-10,EMEA,Online,Home & Kitchen,Cookware Set,1,129.99,0.0,129.99,84.49,84.49,45.5
2024-12-10,LATAM,In-store,Beauty & Wellness,Electric Toothbrush,5,59.99,0.0,299.95,32.99,164.95,135.0
2024-12-10,North America,In-store,Apparel,Running Tee,12,24.99,0.15,254.9,11.25,135.0,119.9
2024-12-10,North America,In-store,Electronics,Smart Speaker,12,49.99,0.0,599.88,34.99,419.88,180.0
2024-12-10,North America,Online,Apparel,Running Tee,9,24.99,0.0,224.91,11.25,101.25,123.66
2024-12-10,North America,Online,Apparel,Wool Socks 3-pack,6,14.99,0.0,89.94,6.0,36.0,53.94
2024-12-10,North America,Online,Electronics,Smart Speaker,10,49.99,0.0,499.9,34.99,349.9,150.0
2024-12-10,UK & Ireland,In-store,Media & Entertainment,Blu-ray Box Set,8,39.99,0.1,287.93,29.99,239.92,48.01
2024-12-11,APAC,In-store,Beauty & Wellness,Electric Toothbrush,8,59.99,0.0,479.92,32.99,263.92,216.0
2024-12-11,APAC,Online,Home & Kitchen,Coffee Grinder,1,39.99,0.0,39.99,23.99,23.99,16.0
2024-12-11,EMEA,In-store,Media & Entertainment,Board Game,6,34.99,0.0,209.94,19.24,115.44,94.5
2024-12-11,EMEA,Online,Home & Kitchen,Coffee Grinder,3,39.99,0.1,107.97,23.99,71.97,36.0
2024-12-11,EMEA,Online,Media & Entertainment,Blu-ray Box Set,3,39.99,0.0,119.97,29.99,89.97,30.0
2024-12-11,EMEA,Online,Media & Entertainment,Vinyl Record,6,27.99,0.0,167.94,16.79,100.74,67.2
2024-12-11,LATAM,Online,Media & Entertainment,Board Game,1,34.99,0.0,34.99,19.24,19.24,15.75
2024-12-11,North America,In-store,Apparel,Running Tee,30,24.99,0.1,674.73,11.25,337.5,337.23
2024-12-11,North America,In-store,Beauty & Wellness,Electric Toothbrush,9,59.99,0.0,539.91,32.99,296.91,243.0
2024-12-11,North America,In-store,Electronics,Smart Speaker,8,49.99,0.1,359.93,34.99,279.92,80.01
2024-12-11,North America,In-store,Media & Entertainment,Board Game,14,34.99,0.1,440.87,19.24,269.36,171.51
2024-12-11,North America,Online,Electronics,USB-C Charger,4,19.99,0.2,63.97,10.99,43.96,20.01
2024-12-11,UK & Ireland,Online,Beauty & Wellness,Electric Toothbrush,4,59.99,0.0,239.96,32.99,131.96,108.0
2024-12-12,APAC,Online,Apparel,Running Tee,8,24.99,0.25,149.94,11.25,90.0,59.94
2024-12-12,EMEA,Online,Electronics,Wireless Earbuds,6,79.99,0.0,479.94,51.99,311.94,168.0
2024-12-12,EMEA,Online,Media & Entertainment,Blu-ray Box Set,3,39.99,0.0,119.97,29.99,89.97,30.0
2024-12-12,LATAM,Online,Apparel,Wool Socks 3-pack,2,14.99,0.0,29.98,6.0,12.0,17.98
2024-12-12,LATAM,Online,Beauty & Wellness,Vitamin C Serum,5,29.99,0.0,149.95,10.5,52.5,97.45
2024-12-12,LATAM,Online,Home & Kitchen,Cookware Set,1,129.99,0.0,129.99,84.49,84.49,45.5
2024-12-12,North America,In-store,Home & Kitchen,Cookware Set,5,129.99,0.0,649.95,84.49,422.45,227.5
2024-12-12,North America,Online,Media & Entertainment,Board Game,10,34.99,0.0,349.9,19.24,192.4,157.5
2024-12-12,UK & Ireland,In-store,Electronics,USB-C Charger,16,19.99,0.0,319.84,10.99,175.84,144.0
2024-12-12,UK & Ireland,In-store,Home & Kitchen,Air Fryer,11,89.99,0.1,890.9,62.99,692.89,198.01
2024-12-12,UK & Ireland,Online,Electronics,USB-C Charger,6,19.99,0.25,89.95,10.99,65.94,24.01
2024-12-13,APAC,In-store,Beauty & Wellness,Vitamin C Serum,19,29.99,0.1,512.83,10.5,199.5,313.33
2024-12-13,EMEA,In-store,Home & Kitchen,Air Fryer,20,89.99,0.0,1799.8,62.99,1259.8,540.0
2024-12-13,EMEA,Online,Apparel,Wool Socks 3-pack,4,14.99,0.2,47.97,6.0,24.0,23.97
2024-12-13,EMEA,Online,Media & Entertainment,Blu-ray Box Set,3,39.99,0.0,119.97,29.99,89.97,30.0
2024-12-13,LATAM,In-store,Home & Kitchen,Coffee Grinder,5,39.99,0.0,199.95,23.99,119.95,80.0
2024-12-13,North America,In-store,Apparel,Denim Jacket,13,69.99,0.0,909.87,34.99,454.87,455.0
2024-12-13,North America,Online,Apparel,Wool Socks 3-pack,7,14.99,0.0,104.93,6.0,42.0,62.93
2024-12-13,North America,Online,Home & Kitchen,Cookware Set,3,129.99,0.0,389.97,84.49,253.47,136.5
2024-12-13,North America,Online,Media & Entertainment,Blu-ray Box Set,6,39.99,0.15,203.95,29.99,179.94,24.01
2024-12-13,UK & Ireland,In-store,Apparel,Running Tee,22,24.99,0.0,549.78,11.25,247.5,302.28
2024-12-13,UK & Ireland,In-store,Electronics,Wireless Earbuds,13,79.99,0.1,935.88,51.99,675.87,260.01
2024-12-14,EMEA,In-store,Media & Entertainment,Vinyl Record,5,27.99,0.25,104.96,16.79,83.95,21.01
2024-12-14,EMEA,Online,Media & Entertainment,Blu-ray Box Set,11,39.99,0.0,439.89,29.99,329.89,110.0
2024-12-14,EMEA,Online,Media & Entertainment,Vinyl Record,3,27.99,0.0,83.97,16.79,50.37,33.6
2024-12-14,LATAM,In-store,Electronics,USB-C Charger,8,19.99,0.15,135.93,10.99,87.92,48.01
2024-12-14,LATAM,Online,Apparel,Wool Socks 3-pack,6,14.99,0.1,80.95,6.0,36.0,44.95
2024-12-14,LATAM,Online,Beauty & Wellness,Collagen Powder,6,34.99,0.0,209.94,14.0,84.0,125.94
2024-12-14,LATAM,Online,Electronics,Smart Speaker,2,49.99,0.15,84.98,34.99,69.98,15.0
2024-12-14,LATAM,Online,Media & Entertainment,Vinyl Record,2,27.99,0.0,55.98,16.79,33.58,22.4
2024-12-14,North America,Online,Beauty & Wellness,Collagen Powder,6,34.99,0.0,209.94,14.0,84.0,125.94
2024-12-14,North America,Online,Home & Kitchen,Cookware Set,10,129.99,0.0,1299.9,84.49,844.9,455.0
2024-12-14,UK & Ireland,Online,Beauty & Wellness,Collagen Powder,4,34.99,0.0,139.96,14.0,56.0,83.96
2024-12-14,UK & Ireland,Online,Electronics,USB-C Charger,8,19.99,0.0,159.92,10.99,87.92,72.0
2024-12-15,APAC,Online,Electronics,Wireless Earbuds,6,79.99,0.1,431.95,51.99,311.94,120.01
2024-12-15,EMEA,In-store,Home & Kitchen,Air Fryer,11,89.99,0.0,989.89,62.99,692.89,297.0
2024-12-15,EMEA,Online,Media & Entertainment,Vinyl Record,5,27.99,0.2,111.96,16.79,83.95,28.01
2024-12-15,LATAM,In-store,Beauty & Wellness,Electric Toothbrush,7,59.99,0.0,419.93,32.99,230.93,189.0
2024-12-15,LATAM,In-store,Media & Entertainment,Vinyl Record,4,27.99,0.0,111.96,16.79,67.16,44.8
2024-12-15,North America,In-store,Apparel,Wool Socks 3-pack,23,14.99,0.0,344.77,6.0,138.0,206.77
2024-12-15,North America,Online,Beauty & Wellness,Collagen Powder,6,34.99,0.0,209.94,14.0,84.0,125.94
2024-12-15,North America,Online,Media & Entertainment,Vinyl Record,4,27.99,0.0,111.96,16.79,67.16,44.8
2024-12-15,UK & Ireland,In-store,Apparel,Denim Jacket,10,69.99,0.0,699.9,34.99,349.9,350.0
2024-12-15,UK & Ireland,In-store,Beauty & Wellness,Electric Toothbrush,2,59.99,0.0,119.98,32.99,65.98,54.0
2024-12-15,UK & Ireland,Online,Apparel,Running Tee,3,24.99,0.0,74.97,11.25,33.75,41.22
2024-12-15,UK & Ireland,Online,Beauty & Wellness,Electric Toothbrush,2,59.99,0.0,119.98,32.99,65.98,54.0
2024-12-15,UK & Ireland,Online,Electronics,Smart Speaker,3,49.99,0.0,149.97,34.99,104.97,45.0
2024-12-15,UK & Ireland,Online,Home & Kitchen,Coffee Grinder,2,39.99,0.0,79.98,23.99,47.98,32.0
2024-12-15,UK & Ireland,Online,Home & Kitchen,Cookware Set,3,129.99,0.1,350.97,84.49,253.47,97.5
2024-12-16,APAC,Online,Electronics,Wireless Earbuds,6,79.99,0.0,479.94,51.99,311.94,168.0
2024-12-16,EMEA,In-store,Home & Kitchen,Air Fryer,11,89.99,0.2,791.91,62.99,692.89,99.02
2024-12-16,EMEA,Online,Beauty & Wellness,Electric Toothbrush,4,59.99,0.0,239.96,32.99,131.96,108.0
2024-12-16,LATAM,In-store,Beauty & Wellness,Vitamin C Serum,7,29.99,0.25,157.45,10.5,73.5,83.95
2024-12-16,LATAM,In-store,Media & Entertainment,Board Game,8,34.99,0.0,279.92,19.24,153.92,126.0
2024-12-16,LATAM,Online,Beauty & Wellness,Electric Toothbrush,1,59.99,0.0,59.99,32.99,32.99,27.0
2024-12-16,LATAM,Online,Electronics,Smart Speaker,3,49.99,0.25,112.48,34.99,104.97,7.51
2024-12-16,North America,In-store,Electronics,Wireless Earbuds,12,79.99,0.2,767.9,51.99,623.88,144.02
2024-12-16,North America,In-store,Home & Kitchen,Air Fryer,5,89.99,0.2,359.96,62.99,314.95,45.01
2024-12-16,UK & Ireland,In-store,Apparel,Wool Socks 3-pack,6,14.99,0.0,89.94,6.0,36.0,53.94
2024-12-16,UK & Ireland,Online,Apparel,Wool Socks 3-pack,6,14.99,0.15,76.45,6.0,36.0,40.45
2024-12-16,UK & Ireland,Online,Electronics,Smart Speaker,1,49.99,0.25,37.49,34.99,34.99,2.5
2024-12-16,UK & Ireland,Online,Media & Entertainment,Blu-ray Box Set,3,39.99,0.0,119.97,29.99,89.97,30.0
2024-12-17,APAC,Online,Media & Entertainment,Blu-ray Box Set,3,39.99,0.0,119.97,29.99,89.97,30.0
2024-12-17,EMEA,Online,Apparel,Denim Jacket,3,69.99,0.2,167.98,34.99,104.97,63.01
2024-12-17,LATAM,In-store,Media & Entertainment,Board Game,6,34.99,0.0,209.94,19.24,115.44,94.5
2024-12-17,LATAM,Online,Home & Kitchen,Coffee Grinder,1,39.99,0.2,31.99,23.99,23.99,8.0
2024-12-17,North America,In-store,Beauty & Wellness,Electric Toothbrush,11,59.99,0.2,527.91,32.99,362.89,165.02
2024-12-17,North America,In-store,Electronics,Smart Speaker,6,49.99,0.0,299.94,34.99,209.94,90.0
2024-12-17,North America,Online,Media & Entertainment,Board Game,5,34.99,0.25,131.21,19.24,96.2,35.01
2024-12-17,UK & Ireland,Online,Media & Entertainment,Board Game,7,34.99,0.0,244.93,19.24,134.68,110.25
2024-12-18,APAC,In-store,Beauty & Wellness,Electric Toothbrush,7,59.99,0.15,356.94,32.99,230.93,126.01
2024-12-18,APAC,Online,Electronics,USB-C Charger,8,19.99,0.0,159.92,10.99,87.92,72.0
2024-12-18,EMEA,Online,Home & Kitchen,Air Fryer,8,89.99,0.0,719.92,62.99,503.92,216.0
2024-12-18,LATAM,In-store,Media & Entertainment,Blu-ray Box Set,5,39.99,0.0,199.95,29.99,149.95,50.0
2024-12-18,LATAM,Online,Electronics,Wireless Earbuds,3,79.99,0.0,239.97,51.99,155.97,84.0
2024-12-18,LATAM,Online,Home & Kitchen,Air Fryer,3,89.99,0.1,242.97,62.99,188.97,54.0
2024-12-18,North America,In-store,Apparel,Running Tee,12,24.99,0.0,299.88,11.25,135.0,164.88
2024-12-18,North America,Online,Apparel,Wool Socks 3-pack,7,14.99,0.1,94.44,6.0,42.0,52.44
2024-12-18,North America,Online,Electronics,USB-C Charger,13,19.99,0.0,259.87,10.99,142.87,117.0
2024-12-18,UK & Ireland,In-store,Home & Kitchen,Cookware Set,4,129.99,0.0,519.96,84.49,337.96,182.0
2024-12-18,UK & Ireland,Online,Electronics,Wireless Earbuds,3,79.99,0.2,191.98,51.99,155.97,36.01
2024-12-18,UK & Ireland,Online,Home & Kitchen,Air Fryer,3,89.99,0.0,269.97,62.99,188.97,81.0
2024-12-19,APAC,In-store,Home & Kitchen,Air Fryer,9,89.99,0.0,809.91,62.99,566.91,243.0
2024-12-19,EMEA,In-store,Beauty & Wellness,Electric Toothbrush,6,59.99,0.0,359.94,32.99,197.94,162.0
2024-12-19,EMEA,In-store,Media & Entertainment,Blu-ray Box Set,4,39.99,0.0,159.96,29.99,119.96,40.0
2024-12-19,EMEA,Online,Apparel,Running Tee,10,24.99,0.15,212.41,11.25,112.5,99.91
2024-12-19,EMEA,Online,Electronics,USB-C Charger,11,19.99,0.0,219.89,10.99,120.89,99.0
2024-12-19,LATAM,Online,Apparel,Denim Jacket,2,69.99,0.1,125.98,34.99,69.98,56.0
2024-12-19,LATAM,Online,Media & Entertainment,Blu-ray Box Set,3,39.99,0.0,119.97,29.99,89.97,30.0
2024-12-19,North America,In-store,Beauty & Wellness,Collagen Powder,4,34.99,0.0,139.96,14.0,56.0,83.96
2024-12-19,UK & Ireland,In-store,Media & Entertainment,Board Game,11,34.99,0.0,384.89,19.24,211.64,173.25
2024-12-20,APAC,In-store,Home & Kitchen,Cookware Set,3,129.99,0.0,389.97,84.49,253.47,136.5
2024-12-20,APAC,Online,Electronics,Smart Speaker,3,49.99,0.0,149.97,34.99,104.97,45.0
2024-12-20,APAC,Online,Electronics,Wireless Earbuds,12,79.99,0.2,767.9,51.99,623.88,144.02
2024-12-20,EMEA,In-store,Media & Entertainment,Blu-ray Box Set,10,39.99,0.0,399.9,29.99,299.9,100.0
2024-12-20,EMEA,Online,Electronics,USB-C Charger,9,19.99,0.0,179.91,10.99,98.91,81.0
2024-12-20,LATAM,Online,Apparel,Wool Socks 3-pack,7,14.99,0.2,83.94,6.0,42.0,41.94
2024-12-20,LATAM,Online,Home & Kitchen,Cookware Set,1,129.99,0.0,129.99,84.49,84.49,45.5
2024-12-20,North America,In-store,Electronics,Wireless Earbuds,9,79.99,0.0,719.91,51.99,467.91,252.0
2024-12-20,North America,Online,Electronics,Smart Speaker,2,49.99,0.0,99.98,34.99,69.98,30.0
2024-12-20,North America,Online,Home & Kitchen,Air Fryer,3,89.99,0.2,215.98,62.99,188.97,27.01
2024-12-20,North America,Online,Media & Entertainment,Board Game,7,34.99,0.15,208.19,19.24,134.68,73.51
2024-12-20,UK & Ireland,Online,Electronics,Smart Speaker,6,49.99,0.2,239.95,34.99,209.94,30.01
2024-12-21,APAC,In-store,Home & Kitchen,Air Fryer,7,89.99,0.0,629.93,62.99,440.93,189.0
2024-12-21,EMEA,In-store,Home & Kitchen,Air Fryer,13,89.99,0.0,1169.87,62.99,818.87,351.0
2024-12-21,EMEA,Online,Media & Entertainment,Blu-ray Box Set,2,39.99,0.0,79.98,29.99,59.98,20.0
2024-12-21,LATAM,In-store,Apparel,Wool Socks 3-pack,7,14.99,0.0,104.93,6.0,42.0,62.93
2024-12-21,LATAM,In-store,Electronics,Wireless Earbuds,14,79.99,0.15,951.88,51.99,727.86,224.02
2024-12-21,LATAM,Online,Apparel,Denim Jacket,4,69.99,0.0,279.96,34.99,139.96,140.0
2024-12-21,LATAM,Online,Electronics,Wireless Earbuds,6,79.99,0.0,479.94,51.99,311.94,168.0
2024-12-21,LATAM,Online,Home & Kitchen,Cookware Set,2,129.99,0.0,259.98,84.49,168.98,91.0
2024-12-21,North America,In-store,Beauty & Wellness,Vitamin C Serum,20,29.99,0.2,479.84,10.5,210.0,269.84
2024-12-21,North America,Online,Beauty & Wellness,Electric Toothbrush,4,59.99,0.0,239.96,32.99,131.96,108.0
2024-12-21,North America,Online,Media & Entertainment,Board Game,7,34.99,0.0,244.93,19.24,134.68,110.25
2024-12-21,UK & Ireland,Online,Beauty & Wellness,Electric Toothbrush,2,59.99,0.15,101.98,32.99,65.98,36.0
2024-12-22,APAC,Online,Apparel,Wool Socks 3-pack,5,14.99,0.0,74.95,6.0,30.0,44.95
2024-12-22,EMEA,In-store,Electronics,Smart Speaker,17,49.99,0.0,849.83,34.99,594.83,255.0
2024-12-22,EMEA,In-store,Electronics,Wireless Earbuds,8,79.99,0.0,639.92,51.99,415.92,224.0
2024-12-22,EMEA,In-store,Media & Entertainment,Board Game,12,34.99,0.0,419.88,19.24,230.88,189.0
2024-12-22,EMEA,Online,Beauty & Wellness,Electric Toothbrush,2,59.99,0.1,107.98,32.99,65.98,42.0
2024-12-22,LATAM,In-store,Apparel,Running Tee,14,24.99,0.0,349.86,11.25,157.5,192.36
2024-12-22,LATAM,In-store,Home & Kitchen,Air Fryer,6,89.99,0.15,458.95,62.99,377.94,81.01
2024-12-22,LATAM,Online,Apparel,Denim Jacket,2,69.99,0.0,139.98,34.99,69.98,70.0
2024-12-22,LATAM,Online,Beauty & Wellness,Vitamin C Serum,3,29.99,0.2,71.98,10.5,31.5,40.48
2024-12-22,North America,In-store,Apparel,Running Tee,12,24.99,0.15,254.9,11.25,135.0,119.9
2024-12-22,North America,In-store,Media & Entertainment,Blu-ray Box Set,11,39.99,0.0,439.89,29.99,329.89,110.0
2024-12-22,North America,Online,Beauty & Wellness,Vitamin C Serum,13,29.99,0.0,389.87,10.5,136.5,253.37
2024-12-22,UK & Ireland,In-store,Apparel,Running Tee,18,24.99,0.0,449.82,11.25,202.5,247.32
2024-12-22,UK & Ireland,In-store,Beauty & Wellness,Vitamin C Serum,8,29.99,0.0,239.92,10.5,84.0,155.92
2024-12-22,UK & Ireland,In-store,Electronics,Smart Speaker,7,49.99,0.0,349.93,34.99,244.93,105.0
2024-12-22,UK & Ireland,In-store,Home & Kitchen,Cookware Set,5,129.99,0.25,487.46,84.49,422.45,65.01
2024-12-22,UK & Ireland,Online,Beauty & Wellness,Electric Toothbrush,2,59.99,0.15,101.98,32.99,65.98,36.0
2024-12-22,UK & Ireland,Online,Beauty & Wellness,Vitamin C Serum,3,29.99,0.25,67.48,10.5,31.5,35.98
2024-12-22,UK & Ireland,Online,Home & Kitchen,Coffee Grinder,2,39.99,0.2,63.98,23.99,47.98,16.0
2024-12-22,UK & Ireland,Online,Media & Entertainment,Blu-ray Box Set,5,39.99,0.0,199.95,29.99,149.95,50.0
2024-12-23,APAC,In-store,Apparel,Denim Jacket,3,69.99,0.0,209.97,34.99,104.97,105.0
2024-12-23,APAC,In-store,Home & Kitchen,Cookware Set,6,129.99,0.0,779.94,84.49,506.94,273.0
2024-12-23,APAC,Online,Apparel,Wool Socks 3-pack,5,14.99,0.0,74.95,6.0,30.0,44.95
2024-12-23,APAC,Online,Beauty & Wellness,Collagen Powder,4,34.99,0.0,139.96,14.0,56.0,83.96
2024-12-23,EMEA,Online,Beauty & Wellness,Collagen Powder,6,34.99,0.0,209.94,14.0,84.0,125.94
2024-12-23,LATAM,In-store,Electronics,Smart Speaker,7,49.99,0.0,349.93,34.99,244.93,105.0
2024-12-23,LATAM,Online,Apparel,Running Tee,3,24.99,0.0,74.97,11.25,33.75,41.22
2024-12-23,LATAM,Online,Beauty & Wellness,Electric Toothbrush,1,59.99,0.0,59.99,32.99,32.99,27.0
2024-12-23,North America,In-store,Apparel,Denim Jacket,3,69.99,0.0,209.97,34.99,104.97,105.0
2024-12-23,North America,In-store,Electronics,Smart Speaker,9,49.99,0.15,382.42,34.99,314.91,67.51
2024-12-23,North America,In-store,Home & Kitchen,Cookware Set,7,129.99,0.0,909.93,84.49,591.43,318.5
2024-12-23,North America,Online,Apparel,Running Tee,6,24.99,0.25,112.45,11.25,67.5,44.95
2024-12-23,North America,Online,Beauty & Wellness,Electric Toothbrush,3,59.99,0.2,143.98,32.99,98.97,45.01
2024-12-23,North America,Online,Electronics,Wireless Earbuds,10,79.99,0.0,799.9,51.99,519.9,280.0
2024-12-23,North America,Online,Home & Kitchen,Air Fryer,6,89.99,0.0,539.94,62.99,377.94,162.0
2024-12-23,UK & Ireland,In-store,Apparel,Wool Socks 3-pack,9,14.99,0.15,114.67,6.0,54.0,60.67
2024-12-23,UK & Ireland,Online,Apparel,Wool Socks 3-pack,8,14.99,0.0,119.92,6.0,48.0,71.92
2024-12-23,UK & Ireland,Online,Beauty & Wellness,Collagen Powder,1,34.99,0.0,34.99,14.0,14.0,20.99
2024-12-23,UK & Ireland,Online,Electronics,Wireless Earbuds,5,79.99,0.0,399.95,51.99,259.95,140.0
2024-12-23,UK & Ireland,Online,Media & Entertainment,Vinyl Record,3,27.99,0.25,62.98,16.79,50.37,12.61
2024-12-24,APAC,In-store,Electronics,Smart Speaker,2,49.99,0.15,84.98,34.99,69.98,15.0
2024-12-24,APAC,Online,Beauty & Wellness,Vitamin C Serum,5,29.99,0.0,149.95,10.5,52.5,97.45
2024-12-24,APAC,Online,Home & Kitchen,Air Fryer,4,89.99,0.2,287.97,62.99,251.96,36.01
2024-12-24,EMEA,In-store,Beauty & Wellness,Electric Toothbrush,9,59.99,0.0,539.91,32.99,296.91,243.0
2024-12-24,EMEA,In-store,Media & Entertainment,Blu-ray Box Set,6,39.99,0.0,239.94,29.99,179.94,60.0
2024-12-24,EMEA,In-store,Media & Entertainment,Board Game,6,34.99,0.0,209.94,19.24,115.44,94.5
2024-12-24,EMEA,Online,Apparel,Running Tee,6,24.99,0.0,149.94,11.25,67.5,82.44
2024-12-24,EMEA,Online,Apparel,Wool Socks 3-pack,7,14.99,0.15,89.19,6.0,42.0,47.19
2024-12-24,LATAM,In-store,Electronics,USB-C Charger,8,19.99,0.0,159.92,10.99,87.92,72.0
2024-12-24,LATAM,In-store,Home & Kitchen,Coffee Grinder,7,39.99,0.0,279.93,23.99,167.93,112.0
2024-12-24,North America,In-store,Beauty & Wellness,Electric Toothbrush,6,59.99,0.15,305.95,32.99,197.94,108.01
2024-12-24,North America,Online,Home & Kitchen,Coffee Grinder,8,39.99,0.0,319.92,23.99,191.92,128.0
2024-12-24,North America,Online,Home & Kitchen,Cookware Set,5,129.99,0.2,519.96,84.49,422.45,97.51
2024-12-24,UK & Ireland,In-store,Electronics,Smart Speaker,12,49.99,0.0,599.88,34.99,419.88,180.0
2024-12-24,UK & Ireland,Online,Electronics,USB-C Charger,4,19.99,0.1,71.96,10.99,43.96,28.0
2024-12-25,APAC,In-store,Beauty & Wellness,Electric Toothbrush,8,59.99,0.1,431.93,32.99,263.92,168.01
2024-12-25,APAC,Online,Apparel,Wool Socks 3-pack,5,14.99,0.25,56.21,6.0,30.0,26.21
2024-12-25,LATAM,In-store,Apparel,Wool Socks 3-pack,7,14.99,0.25,78.7,6.0,42.0,36.7
2024-12-25,LATAM,In-store,Electronics,Smart Speaker,6,49.99,0.1,269.95,34.99,209.94,60.01
2024-12-25,LATAM,In-store,Electronics,USB-C Charger,12,19.99,0.15,203.9,10.99,131.88,72.02
2024-12-25,LATAM,Online,Beauty & Wellness,Vitamin C Serum,4,29.99,0.1,107.96,10.5,42.0,65.96
2024-12-25,LATAM,Online,Media & Entertainment,Blu-ray Box Set,3,39.99,0.0,119.97,29.99,89.97,30.0
2024-12-25,North America,In-store,Media & Entertainment,Board Game,12,34.99,0.2,335.9,19.24,230.88,105.02
2024-12-25,North America,Online,Apparel,Wool Socks 3-pack,5,14.99,0.15,63.71,6.0,30.0,33.71
2024-12-25,North America,Online,Electronics,Smart Speaker,4,49.99,0.0,199.96,34.99,139.96,60.0
2024-12-25,UK & Ireland,In-store,Beauty & Wellness,Vitamin C Serum,8,29.99,0.0,239.92,10.5,84.0,155.92
2024-12-25,UK & Ireland,In-store,Media & Entertainment,Blu-ray Box Set,5,39.99,0.0,199.95,29.99,149.95,50.0
2024-12-26,APAC,In-store,Beauty & Wellness,Vitamin C Serum,7,29.99,0.1,188.94,10.5,73.5,115.44
2024-12-26,APAC,In-store,Electronics,Wireless Earbuds,15,79.99,0.0,1199.85,51.99,779.85,420.0
2024-12-26,APAC,Online,Beauty & Wellness,Collagen Powder,7,34.99,0.2,195.94,14.0,98.0,97.94
2024-12-26,EMEA,In-store,Apparel,Running Tee,7,24.99,0.0,174.93,11.25,78.75,96.18
2024-12-26,EMEA,In-store,Home & Kitchen,Coffee Grinder,6,39.99,0.15,203.95,23.99,143.94,60.01
2024-12-26,EMEA,Online,Electronics,Wireless Earbuds,6,79.99,0.0,479.94,51.99,311.94,168.0
2024-12-26,EMEA,Online,Media & Entertainment,Board Game,1,34.99,0.0,34.99,19.24,19.24,15.75
2024-12-26,LATAM,In-store,Beauty & Wellness,Electric Toothbrush,1,59.99,0.25,44.99,32.99,32.99,12.0
2024-12-26,LATAM,In-store,Electronics,USB-C Charger,14,19.99,0.0,279.86,10.99,153.86,126.0
2024-12-26,North America,In-store,Apparel,Wool Socks 3-pack,13,14.99,0.0,194.87,6.0,78.0,116.87
2024-12-26,North America,In-store,Media & Entertainment,Blu-ray Box Set,12,39.99,0.0,479.88,29.99,359.88,120.0
2024-12-26,North America,Online,Apparel,Wool Socks 3-pack,5,14.99,0.0,74.95,6.0,30.0,44.95
2024-12-26,UK & Ireland,In-store,Apparel,Wool Socks 3-pack,10,14.99,0.25,112.43,6.0,60.0,52.43
2024-12-26,UK & Ireland,In-store,Beauty & Wellness,Collagen Powder,9,34.99,0.0,314.91,14.0,126.0,188.91
2024-12-26,UK & Ireland,In-store,Media & Entertainment,Board Game,12,34.99,0.15,356.9,19.24,230.88,126.02
2024-12-26,UK & Ireland,Online,Media & Entertainment,Vinyl Record,2,27.99,0.0,55.98,16.79,33.58,22.4
2024-12-27,APAC,In-store,Apparel,Denim Jacket,5,69.99,0.0,349.95,34.99,174.95,175.0
2024-12-27,APAC,In-store,Home & Kitchen,Cookware Set,9,129.99,0.15,994.42,84.49,760.41,234.01
2024-12-27,APAC,In-store,Media & Entertainment,Board Game,13,34.99,0.0,454.87,19.24,250.12,204.75
2024-12-27,APAC,Online,Apparel,Running Tee,7,24.99,0.25,131.2,11.25,78.75,52.45
2024-12-27,APAC,Online,Beauty & Wellness,Vitamin C Serum,5,29.99,0.1,134.95,10.5,52.5,82.45
2024-12-27,EMEA,In-store,Electronics,USB-C Charger,25,19.99,0.0,499.75,10.99,274.75,225.0
2024-12-27,EMEA,Online,Electronics,Wireless Earbuds,12,79.99,0.0,959.88,51.99,623.88,336.0
2024-12-27,EMEA,Online,Home & Kitchen,Coffee Grinder,3,39.99,0.0,119.97,23.99,71.97,48.0
2024-12-27,LATAM,In-store,Beauty & Wellness,Electric Toothbrush,3,59.99,0.2,143.98,32.99,98.97,45.01
2024-12-27,LATAM,Online,Beauty & Wellness,Vitamin C Serum,2,29.99,0.0,59.98,10.5,21.0,38.98
2024-12-27,North America,In-store,Beauty & Wellness,Vitamin C Serum,14,29.99,0.0,419.86,10.5,147.0,272.86
2024-12-27,North America,Online,Beauty & Wellness,Electric Toothbrush,6,59.99,0.0,359.94,32.99,197.94,162.0
2024-12-27,North America,Online,Beauty & Wellness,Vitamin C Serum,7,29.99,0.0,209.93,10.5,73.5,136.43
2024-12-27,UK & Ireland,In-store,Beauty & Wellness,Electric Toothbrush,4,59.99,0.0,239.96,32.99,131.96,108.0
2024-12-28,EMEA,In-store,Beauty & Wellness,Collagen Powder,10,34.99,0.0,349.9,14.0,140.0,209.9
2024-12-28,EMEA,Online,Apparel,Running Tee,7,24.99,0.0,174.93,11.25,78.75,96.18
2024-12-28,EMEA,Online,Media & Entertainment,Board Game,11,34.99,0.0,384.89,19.24,211.64,173.25
2024-12-28,LATAM,In-store,Media & Entertainment,Blu-ray Box Set,9,39.99,0.0,359.91,29.99,269.91,90.0
2024-12-28,LATAM,Online,Beauty & Wellness,Collagen Powder,4,34.99,0.25,104.97,14.0,56.0,48.97
2024-12-28,UK & Ireland,In-store,Home & Kitchen,Air Fryer,15,89.99,0.0,1349.85,62.99,944.85,405.0
2024-12-28,UK & Ireland,Online,Media & Entertainment,Blu-ray Box Set,5,39.99,0.1,179.96,29.99,149.95,30.01
2024-12-29,APAC,In-store,Apparel,Running Tee,14,24.99,0.15,297.38,11.25,157.5,139.88
2024-12-29,APAC,In-store,Home & Kitchen,Cookware Set,7,129.99,0.0,909.93,84.49,591.43,318.5
2024-12-29,APAC,Online,Apparel,Wool Socks 3-pack,3,14.99,0.0,44.97,6.0,18.0,26.97
2024-12-29,EMEA,In-store,Beauty & Wellness,Vitamin C Serum,5,29.99,0.15,127.46,10.5,52.5,74.96
2024-12-29,EMEA,Online,Media & Entertainment,Vinyl Record,2,27.99,0.15,47.58,16.79,33.58,14.0
2024-12-29,LATAM,Online,Media & Entertainment,Vinyl Record,4,27.99,0.15,95.17,16.79,67.16,28.01
2024-12-29,North America,In-store,Apparel,Wool Socks 3-pack,9,14.99,0.0,134.91,6.0,54.0,80.91
2024-12-29,North America,In-store,Media & Entertainment,Blu-ray Box Set,9,39.99,0.2,287.93,29.99,269.91,18.02
2024-12-29,North America,Online,Apparel,Running Tee,3,24.99,0.0,74.97,11.25,33.75,41.22
2024-12-29,North America,Online,Beauty & Wellness,Vitamin C Serum,12,29.99,0.0,359.88,10.5,126.0,233.88
2024-12-29,North America,Online,Electronics,Wireless Earbuds,9,79.99,0.0,719.91,51.99,467.91,252.0
2024-12-29,North America,Online,Media & Entertainment,Blu-ray Box Set,9,39.99,0.0,359.91,29.99,269.91,90.0
2024-12-29,UK & Ireland,In-store,Electronics,Smart Speaker,9,49.99,0.0,449.91,34.99,314.91,135.0
2024-12-29,UK & Ireland,In-store,Home & Kitchen,Coffee Grinder,3,39.99,0.0,119.97,23.99,71.97,48.0
2024-12-29,UK & Ireland,Online,Electronics,Smart Speaker,3,49.99,0.0,149.97,34.99,104.97,45.0
2024-12-29,UK & Ireland,Online,Electronics,USB-C Charger,5,19.99,0.0,99.95,10.99,54.95,45.0
2024-12-29,UK & Ireland,Online,Home & Kitchen,Air Fryer,4,89.99,0.25,269.97,62.99,251.96,18.01
2024-12-30,APAC,In-store,Electronics,Smart Speaker,17,49.99,0.0,849.83,34.99,594.83,255.0
2024-12-30,APAC,In-store,Electronics,USB-C Charger,11,19.99,0.0,219.89,10.99,120.89,99.0
2024-12-30,APAC,Online,Apparel,Denim Jacket,1,69.99,0.15,59.49,34.99,34.99,24.5
2024-12-30,APAC,Online,Home & Kitchen,Coffee Grinder,1,39.99,0.0,39.99,23.99,23.99,16.0
2024-12-30,EMEA,In-store,Apparel,Running Tee,9,24.99,0.0,224.91,11.25,101.25,123.66
2024-12-30,LATAM,In-store,Beauty & Wellness,Collagen Powder,5,34.99,0.0,174.95,14.0,70.0,104.95
2024-12-30,LATAM,In-store,Media & Entertainment,Blu-ray Box Set,8,39.99,0.15,271.93,29.99,239.92,32.01
2024-12-30,LATAM,In-store,Media & Entertainment,Vinyl Record,7,27.99,0.25,146.95,16.79,117.53,29.42
2024-12-30,LATAM,Online,Beauty & Wellness,Electric Toothbrush,11,59.99,0.0,659.89,32.99,362.89,297.0
2024-12-31,APAC,In-store,Apparel,Denim Jacket,6,69.99,0.0,419.94,34.99,209.94,210.0
2024-12-31,APAC,In-store,Apparel,Running Tee,10,24.99,0.0,249.9,11.25,112.5,137.4
2024-12-31,APAC,In-store,Beauty & Wellness,Collagen Powder,9,34.99,0.0,314.91,14.0,126.0,188.91
2024-12-31,APAC,In-store,Electronics,USB-C Charger,10,19.99,0.25,149.92,10.99,109.9,40.02
2024-12-31,APAC,Online,Apparel,Denim Jacket,5,69.99,0.0,349.95,34.99,174.95,175.0
2024-12-31,APAC,Online,Electronics,Smart Speaker,6,49.99,0.0,299.94,34.99,209.94,90.0
2024-12-31,EMEA,In-store,Apparel,Wool Socks 3-pack,14,14.99,0.0,209.86,6.0,84.0,125.86
2024-12-31,EMEA,In-store,Electronics,Wireless Earbuds,10,79.99,0.0,799.9,51.99,519.9,280.0
2024-12-31,EMEA,In-store,Media & Entertainment,Board Game,11,34.99,0.1,346.4,19.24,211.64,134.76
2024-12-31,LATAM,In-store,Beauty & Wellness,Electric Toothbrush,2,59.99,0.2,95.98,32.99,65.98,30.0
2024-12-31,LATAM,In-store,Beauty & Wellness,Vitamin C Serum,4,29.99,0.25,89.97,10.5,42.0,47.97
2024-12-31,LATAM,In-store,Home & Kitchen,Cookware Set,3,129.99,0.0,389.97,84.49,253.47,136.5
2024-12-31,LATAM,In-store,Media & Entertainment,Board Game,5,34.99,0.25,131.21,19.24,96.2,35.01
2024-12-31,LATAM,Online,Home & Kitchen,Air Fryer,4,89.99,0.0,359.96,62.99,251.96,108.0
2024-12-31,North America,In-store,Apparel,Denim Jacket,4,69.99,0.0,279.96,34.99,139.96,140.0
2024-12-31,North America,In-store,Beauty & Wellness,Vitamin C Serum,13,29.99,0.0,389.87,10.5,136.5,253.37
2024-12-31,North America,Online,Electronics,Smart Speaker,2,49.99,0.0,99.98,34.99,69.98,30.0
2024-12-31,North America,Online,Media & Entertainment,Board Game,4,34.99,0.0,139.96,19.24,76.96,63.0
2024-12-31,UK & Ireland,In-store,Beauty & Wellness,Electric Toothbrush,6,59.99,0.25,269.95,32.99,197.94,72.01
2024-12-31,UK & Ireland,In-store,Home & Kitchen,Coffee Grinder,4,39.99,0.0,159.96,23.99,95.96,64.0
2024-12-31,UK & Ireland,Online,Apparel,Denim Jacket,2,69.99,0.1,125.98,34.99,69.98,56.0
2025-01-01,APAC,In-store,Media & Entertainment,Blu-ray Box Set,7,39.99,0.0,279.93,29.99,209.93,70.0
2025-01-01,EMEA,In-store,Beauty & Wellness,Collagen Powder,9,34.99,0.0,314.91,14.0,126.0,188.91
2025-01-01,EMEA,In-store,Home & Kitchen,Air Fryer,6,89.99,0.0,539.94,62.99,377.94,162.0
2025-01-01,EMEA,Online,Apparel,Running Tee,2,24.99,0.0,49.98,11.25,22.5,27.48
2025-01-01,EMEA,Online,Media & Entertainment,Board Game,7,34.99,0.15,208.19,19.24,134.68,73.51
2025-01-01,North America,In-store,Electronics,Smart Speaker,7,49.99,0.0,349.93,34.99,244.93,105.0
2025-01-01,North America,Online,Electronics,Smart Speaker,3,49.99,0.15,127.47,34.99,104.97,22.5
2025-01-01,North America,Online,Media & Entertainment,Board Game,5,34.99,0.15,148.71,19.24,96.2,52.51
2025-01-01,UK & Ireland,In-store,Apparel,Denim Jacket,1,69.99,0.25,52.49,34.99,34.99,17.5
2025-01-02,APAC,In-store,Media & Entertainment,Board Game,8,34.99,0.0,279.92,19.24,153.92,126.0
2025-01-02,APAC,Online,Apparel,Running Tee,7,24.99,0.0,174.93,11.25,78.75,96.18
2025-01-02,APAC,Online,Home & Kitchen,Air Fryer,3,89.99,0.0,269.97,62.99,188.97,81.0
2025-01-02,APAC,Online,Media & Entertainment,Blu-ray Box Set,2,39.99,0.25,59.98,29.99,59.98,0.0
2025-01-02,EMEA,Online,Apparel,Running Tee,2,24.99,0.2,39.98,11.25,22.5,17.48
2025-01-02,EMEA,Online,Media & Entertainment,Board Game,1,34.99,0.25,26.24,19.24,19.24,7.0
2025-01-02,LATAM,In-store,Home & Kitchen,Coffee Grinder,1,39.99,0.2,31.99,23.99,23.99,8.0
2025-01-02,LATAM,Online,Home & Kitchen,Air Fryer,3,89.99,0.0,269.97,62.99,188.97,81.0
2025-01-02,LATAM,Online,Home & Kitchen,Cookware Set,4,129.99,0.0,519.96,84.49,337.96,182.0
2025-01-03,APAC,In-store,Apparel,Denim Jacket,4,69.99,0.15,237.97,34.99,139.96,98.01
2025-01-03,APAC,In-store,Beauty & Wellness,Collagen Powder,2,34.99,0.0,69.98,14.0,28.0,41.98
2025-01-03,LATAM,In-store,Electronics,Smart Speaker,4,49.99,0.15,169.97,34.99,139.96,30.01
2025-01-03,LATAM,In-store,Home & Kitchen,Coffee Grinder,3,39.99,0.25,89.98,23.99,71.97,18.01
2025-01-03,LATAM,In-store,Media & Entertainment,Vinyl Record,5,27.99,0.0,139.95,16.79,83.95,56.0
2025-01-03,LATAM,Online,Home & Kitchen,Coffee Grinder,3,39.99,0.0,119.97,23.99,71.97,48.0
2025-01-03,North America,In-store,Beauty & Wellness,Collagen Powder,16,34.99,0.15,475.86,14.0,224.0,251.86
2025-01-03,North America,In-store,Home & Kitchen,Coffee Grinder,7,39.99,0.15,237.94,23.99,167.93,70.01
2025-01-03,North America,Online,Home & Kitchen,Air Fryer,5,89.99,0.15,382.46,62.99,314.95,67.51
2025-01-03,UK & Ireland,In-store,Electronics,Wireless Earbuds,3,79.99,0.0,239.97,51.99,155.97,84.0
2025-01-03,UK & Ireland,Online,Electronics,Smart Speaker,2,49.99,0.0,99.98,34.99,69.98,30.0
2025-01-04,APAC,In-store,Apparel,Denim Jacket,6,69.99,0.0,419.94,34.99,209.94,210.0
2025-01-04,APAC,In-store,Electronics,Wireless Earbuds,8,79.99,0.2,511.94,51.99,415.92,96.02
2025-01-04,APAC,In-store,Media & Entertainment,Board Game,6,34.99,0.2,167.95,19.24,115.44,52.51
2025-01-04,APAC,Online,Electronics,Smart Speaker,4,49.99,0.0,199.96,34.99,139.96,60.0
2025-01-04,APAC,Online,Home & Kitchen,Coffee Grinder,2,39.99,0.0,79.98,23.99,47.98,32.0
2025-01-04,EMEA,In-store,Apparel,Denim Jacket,5,69.99,0.0,349.95,34.99,174.95,175.0
2025-01-04,LATAM,In-store,Apparel,Wool Socks 3-pack,11,14.99,0.2,131.91,6.0,66.0,65.91
2025-01-04,LATAM,In-store,Media & Entertainment,Blu-ray Box Set,5,39.99,0.0,199.95,29.99,149.95,50.0
2025-01-04,LATAM,In-store,Media & Entertainment,Board Game,4,34.99,0.0,139.96,19.24,76.96,63.0
2025-01-04,North America,In-store,Apparel,Wool Socks 3-pack,19,14.99,0.0,284.81,6.0,114.0,170.81
2025-01-04,North America,Online,Apparel,Wool Socks 3-pack,1,14.99,0.15,12.74,6.0,6.0,6.74
2025-01-04,North America,Online,Home & Kitchen,Cookware Set,2,129.99,0.0,259.98,84.49,168.98,91.0
2025-01-04,UK & Ireland,In-store,Apparel,Denim Jacket,6,69.99,0.0,419.94,34.99,209.94,210.0
2025-01-04,UK & Ireland,In-store,Home & Kitchen,Coffee Grinder,7,39.99,0.1,251.94,23.99,167.93,84.01
2025-01-04,UK & Ireland,In-store,Media & Entertainment,Blu-ray Box Set,6,39.99,0.25,179.95,29.99,179.94,0.01
2025-01-04,UK & Ireland,In-store,Media & Entertainment,Board Game,6,34.99,0.0,209.94,19.24,115.44,94.5
2025-01-04,UK & Ireland,Online,Apparel,Running Tee,4,24.99,0.0,99.96,11.25,45.0,54.96
2025-01-05,APAC,Online,Apparel,Running Tee,4,24.99,0.0,99.96,11.25,45.0,54.96
2025-01-05,APAC,Online,Electronics,Smart Speaker,5,49.99,0.0,249.95,34.99,174.95,75.0
2025-01-05,APAC,Online,Electronics,USB-C Charger,7,19.99,0.0,139.93,10.99,76.93,63.0
2025-01-05,EMEA,In-store,Beauty & Wellness,Vitamin C Serum,3,29.99,0.0,89.97,10.5,31.5,58.47
2025-01-05,EMEA,Online,Beauty & Wellness,Collagen Powder,2,34.99,0.1,62.98,14.0,28.0,34.98
2025-01-05,LATAM,In-store,Home & Kitchen,Cookware Set,2,129.99,0.25,194.99,84.49,168.98,26.01
2025-01-05,LATAM,In-store,Media & Entertainment,Vinyl Record,7,27.99,0.0,195.93,16.79,117.53,78.4
2025-01-05,LATAM,Online,Beauty & Wellness,Collagen Powder,1,34.99,0.0,34.99,14.0,14.0,20.99
2025-01-05,LATAM,Online,Media & Entertainment,Blu-ray Box Set,1,39.99,0.2,31.99,29.99,29.99,2.0
2025-01-05,North America,In-store,Electronics,Wireless Earbuds,10,79.99,0.15,679.91,51.99,519.9,160.01
2025-01-06,APAC,In-store,Beauty & Wellness,Electric Toothbrush,4,59.99,0.1,215.96,32.99,131.96,84.0
2025-01-06,APAC,Online,Media & Entertainment,Board Game,2,34.99,0.2,55.98,19.24,38.48,17.5
2025-01-06,APAC,Online,Media & Entertainment,Vinyl Record,2,27.99,0.2,44.78,16.79,33.58,11.2
2025-01-06,EMEA,In-store,Home & Kitchen,Cookware Set,4,129.99,0.0,519.96,84.49,337.96,182.0
2025-01-06,EMEA,Online,Beauty & Wellness,Vitamin C Serum,4,29.99,0.1,107.96,10.5,42.0,65.96
2025-01-06,LATAM,In-store,Apparel,Running Tee,5,24.99,0.15,106.21,11.25,56.25,49.96
2025-01-06,LATAM,In-store,Beauty & Wellness,Collagen Powder,3,34.99,0.25,78.73,14.0,42.0,36.73
2025-01-06,LATAM,In-store,Media & Entertainment,Board Game,3,34.99,0.0,104.97,19.24,57.72,47.25
2025-01-06,North America,In-store,Beauty & Wellness,Vitamin C Serum,5,29.99,0.0,149.95,10.5,52.5,97.45
2025-01-06,North America,In-store,Electronics,Smart Speaker,1,49.99,0.25,37.49,34.99,34.99,2.5
2025-01-06,North America,Online,Home & Kitchen,Air Fryer,2,89.99,0.1,161.98,62.99,125.98,36.0
2025-01-06,North America,Online,Media & Entertainment,Blu-ray Box Set,1,39.99,0.2,31.99,29.99,29.99,2.0
2025-01-06,North America,Online,Media & Entertainment,Board Game,1,34.99,0.0,34.99,19.24,19.24,15.75
2025-01-06,UK & Ireland,In-store,Apparel,Running Tee,6,24.99,0.0,149.94,11.25,67.5,82.44
2025-01-06,UK & Ireland,In-store,Home & Kitchen,Air Fryer,3,89.99,0.2,215.98,62.99,188.97,27.01
2025-01-06,UK & Ireland,In-store,Home & Kitchen,Coffee Grinder,4,39.99,0.0,159.96,23.99,95.96,64.0
2025-01-06,UK & Ireland,In-store,Media & Entertainment,Blu-ray Box Set,5,39.99,0.1,179.96,29.99,149.95,30.01
2025-01-06,UK & Ireland,Online,Apparel,Denim Jacket,1,69.99,0.0,69.99,34.99,34.99,35.0
2025-01-06,UK & Ireland,Online,Beauty & Wellness,Collagen Powder,1,34.99,0.1,31.49,14.0,14.0,17.49
2025-01-06,UK & Ireland,Online,Beauty & Wellness,Electric Toothbrush,3,59.99,0.0,179.97,32.99,98.97,81.0
2025-01-06,UK & Ireland,Online,Media & Entertainment,Blu-ray Box Set,1,39.99,0.0,39.99,29.99,29.99,10.0
2025-01-07,APAC,In-store,Electronics,Smart Speaker,12,49.99,0.0,599.88,34.99,419.88,180.0
2025-01-07,APAC,Online,Beauty & Wellness,Electric Toothbrush,3,59.99,0.25,134.98,32.99,98.97,36.01
2025-01-07,APAC,Online,Beauty & Wellness,Vitamin C Serum,3,29.99,0.1,80.97,10.5,31.5,49.47
2025-01-07,EMEA,In-store,Home & Kitchen,Air Fryer,4,89.99,0.1,323.96,62.99,251.96,72.0
2025-01-07,EMEA,Online,Beauty & Wellness,Vitamin C Serum,2,29.99,0.1,53.98,10.5,21.0,32.98
2025-01-07,LATAM,In-store,Apparel,Running Tee,4,24.99,0.25,74.97,11.25,45.0,29.97
2025-01-07,LATAM,In-store,Electronics,Smart Speaker,2,49.99,0.0,99.98,34.99,69.98,30.0
2025-01-07,LATAM,Online,Electronics,USB-C Charger,3,19.99,0.0,59.97,10.99,32.97,27.0
2025-01-07,North America,In-store,Beauty & Wellness,Vitamin C Serum,5,29.99,0.0,149.95,10.5,52.5,97.45
2025-01-07,North America,In-store,Media & Entertainment,Blu-ray Box Set,6,39.99,0.0,239.94,29.99,179.94,60.0
2025-01-07,North America,In-store,Media & Entertainment,Board Game,5,34.99,0.0,174.95,19.24,96.2,78.75
2025-01-07,North America,Online,Apparel,Wool Socks 3-pack,4,14.99,0.0,59.96,6.0,24.0,35.96
2025-01-07,North America,Online,Media & Entertainment,Board Game,1,34.99,0.0,34.99,19.24,19.24,15.75
2025-01-07,UK & Ireland,In-store,Apparel,Wool Socks 3-pack,3,14.99,0.0,44.97,6.0,18.0,26.97
2025-01-07,UK & Ireland,Online,Apparel,Wool Socks 3-pack,2,14.99,0.0,29.98,6.0,12.0,17.98
2025-01-07,UK & Ireland,Online,Media & Entertainment,Blu-ray Box Set,1,39.99,0.15,33.99,29.99,29.99,4.0
2025-01-08,APAC,In-store,Electronics,USB-C Charger,8,19.99,0.0,159.92,10.99,87.92,72.0
2025-01-08,APAC,In-store,Electronics,Wireless Earbuds,4,79.99,0.0,319.96,51.99,207.96,112.0
2025-01-08,APAC,Online,Apparel,Wool Socks 3-pack,2,14.99,0.0,29.98,6.0,12.0,17.98
2025-01-08,EMEA,In-store,Home & Kitchen,Coffee Grinder,4,39.99,0.1,143.96,23.99,95.96,48.0
2025-01-08,LATAM,In-store,Beauty & Wellness,Vitamin C Serum,5,29.99,0.2,119.96,10.5,52.5,67.46
2025-01-08,LATAM,Online,Media & Entertainment,Blu-ray Box Set,3,39.99,0.0,119.97,29.99,89.97,30.0
2025-01-08,North America,In-store,Electronics,Smart Speaker,7,49.99,0.2,279.94,34.99,244.93,35.01
2025-01-08,North America,In-store,Electronics,Wireless Earbuds,7,79.99,0.0,559.93,51.99,363.93,196.0
2025-01-08,North America,In-store,Home & Kitchen,Air Fryer,1,89.99,0.0,89.99,62.99,62.99,27.0
2025-01-08,North America,In-store,Home & Kitchen,Cookware Set,8,129.99,0.0,1039.92,84.49,675.92,364.0
2025-01-08,UK & Ireland,In-store,Electronics,USB-C Charger,15,19.99,0.0,299.85,10.99,164.85,135.0
2025-01-08,UK & Ireland,In-store,Media & Entertainment,Blu-ray Box Set,3,39.99,0.0,119.97,29.99,89.97,30.0
2025-01-09,APAC,In-store,Electronics,USB-C Charger,13,19.99,0.1,233.88,10.99,142.87,91.01
2025-01-09,APAC,In-store,Home & Kitchen,Coffee Grinder,3,39.99,0.0,119.97,23.99,71.97,48.0
2025-01-09,APAC,Online,Apparel,Wool Socks 3-pack,3,14.99,0.0,44.97,6.0,18.0,26.97
2025-01-09,APAC,Online,Media & Entertainment,Vinyl Record,2,27.99,0.0,55.98,16.79,33.58,22.4
2025-01-09,EMEA,In-store,Home & Kitchen,Air Fryer,5,89.99,0.0,449.95,62.99,314.95,135.0
2025-01-09,EMEA,In-store,Media & Entertainment,Blu-ray Box Set,10,39.99,0.15,339.92,29.99,299.9,40.02
2025-01-09,EMEA,Online,Beauty & Wellness,Collagen Powder,1,34.99,0.0,34.99,14.0,14.0,20.99
2025-01-09,EMEA,Online,Media & Entertainment,Vinyl Record,1,27.99,0.2,22.39,16.79,16.79,5.6
2025-01-09,LATAM,In-store,Home & Kitchen,Coffee Grinder,3,39.99,0.0,119.97,23.99,71.97,48.0
2025-01-09,LATAM,In-store,Media & Entertainment,Board Game,5,34.99,0.0,174.95,19.24,96.2,78.75
2025-01-09,LATAM,Online,Beauty & Wellness,Collagen Powder,3,34.99,0.1,94.47,14.0,42.0,52.47
2025-01-09,LATAM,Online,Media & Entertainment,Vinyl Record,2,27.99,0.0,55.98,16.79,33.58,22.4
2025-01-09,UK & Ireland,In-store,Apparel,Wool Socks 3-pack,8,14.99,0.0,119.92,6.0,48.0,71.92
2025-01-09,UK & Ireland,In-store,Electronics,Wireless Earbuds,12,79.99,0.0,959.88,51.99,623.88,336.0
2025-01-10,APAC,In-store,Media & Entertainment,Vinyl Record,2,27.99,0.0,55.98,16.79,33.58,22.4
2025-01-10,APAC,Online,Electronics,Smart Speaker,9,49.99,0.0,449.91,34.99,314.91,135.0
2025-01-10,EMEA,In-store,Apparel,Wool Socks 3-pack,4,14.99,0.25,44.97,6.0,24.0,20.97
2025-01-10,EMEA,In-store,Electronics,Smart Speaker,8,49.99,0.0,399.92,34.99,279.92,120.0
2025-01-10,EMEA,Online,Electronics,Smart Speaker,1,49.99,0.0,49.99,34.99,34.99,15.0
2025-01-10,EMEA,Online,Home & Kitchen,Coffee Grinder,2,39.99,0.1,71.98,23.99,47.98,24.0
2025-01-10,EMEA,Online,Media & Entertainment,Vinyl Record,3,27.99,0.25,62.98,16.79,50.37,12.61
2025-01-10,North America,In-store,Home & Kitchen,Cookware Set,4,129.99,0.0,519.96,84.49,337.96,182.0
2025-01-10,North America,Online,Apparel,Wool Socks 3-pack,4,14.99,0.25,44.97,6.0,24.0,20.97
2025-01-10,North America,Online,Electronics,Smart Speaker,1,49.99,0.0,49.99,34.99,34.99,15.0
2025-01-10,UK & Ireland,In-store,Electronics,Wireless Earbuds,9,79.99,0.0,719.91,51.99,467.91,252.0
2025-01-10,UK & Ireland,Online,Beauty & Wellness,Collagen Powder,2,34.99,0.0,69.98,14.0,28.0,41.98
2025-01-10,UK & Ireland,Online,Beauty & Wellness,Electric Toothbrush,1,59.99,0.0,59.99,32.99,32.99,27.0
2025-01-10,UK & Ireland,Online,Media & Entertainment,Blu-ray Box Set,2,39.99,0.15,67.98,29.99,59.98,8.0
2025-01-10,UK & Ireland,Online,Media & Entertainment,Vinyl Record,2,27.99,0.1,50.38,16.79,33.58,16.8
2025-01-11,APAC,In-store,Home & Kitchen,Air Fryer,3,89.99,0.0,269.97,62.99,188.97,81.0
2025-01-11,APAC,In-store,Media & Entertainment,Board Game,7,34.99,0.0,244.93,19.24,134.68,110.25
2025-01-11,APAC,Online,Apparel,Denim Jacket,4,69.99,0.0,279.96,34.99,139.96,140.0
2025-01-11,APAC,Online,Beauty & Wellness,Collagen Powder,1,34.99,0.0,34.99,14.0,14.0,20.99
2025-01-11,EMEA,In-store,Beauty & Wellness,Electric Toothbrush,5,59.99,0.2,239.96,32.99,164.95,75.01
2025-01-11,EMEA,Online,Beauty & Wellness,Electric Toothbrush,3,59.99,0.0,179.97,32.99,98.97,81.0
2025-01-11,EMEA,Online,Beauty & Wellness,Vitamin C Serum,1,29.99,0.25,22.49,10.5,10.5,11.99
2025-01-11,EMEA,Online,Media & Entertainment,Board Game,3,34.99,0.1,94.47,19.24,57.72,36.75
2025-01-11,EMEA,Online,Media & Entertainment,Vinyl Record,4,27.99,0.2,89.57,16.79,67.16,22.41
2025-01-11,North America,Online,Beauty & Wellness,Electric Toothbrush,1,59.99,0.0,59.99,32.99,32.99,27.0
2025-01-11,North America,Online,Beauty & Wellness,Vitamin C Serum,1,29.99,0.0,29.99,10.5,10.5,19.49
2025-01-11,North America,Online,Media & Entertainment,Vinyl Record,4,27.99,0.25,83.97,16.79,67.16,16.81
2025-01-11,UK & Ireland,Online,Electronics,Smart Speaker,1,49.99,0.25,37.49,34.99,34.99,2.5
2025-01-11,UK & Ireland,Online,Home & Kitchen,Air Fryer,1,89.99,0.25,67.49,62.99,62.99,4.5
2025-01-11,UK & Ireland,Online,Media & Entertainment,Board Game,3,34.99,0.1,94.47,19.24,57.72,36.75
2025-01-12,APAC,Online,Media & Entertainment,Vinyl Record,6,27.99,0.0,167.94,16.79,100.74,67.2
2025-01-12,EMEA,In-store,Apparel,Running Tee,10,24.99,0.0,249.9,11.25,112.5,137.4
2025-01-12,EMEA,In-store,Beauty & Wellness,Collagen Powder,4,34.99,0.0,139.96,14.0,56.0,83.96
2025-01-12,EMEA,In-store,Beauty & Wellness,Vitamin C Serum,5,29.99,0.0,149.95,10.5,52.5,97.45
2025-01-12,EMEA,In-store,Electronics,Wireless Earbuds,9,79.99,0.0,719.91,51.99,467.91,252.0
2025-01-12,EMEA,In-store,Home & Kitchen,Cookware Set,5,129.99,0.25,487.46,84.49,422.45,65.01
2025-01-12,EMEA,In-store,Media & Entertainment,Board Game,10,34.99,0.0,349.9,19.24,192.4,157.5
2025-01-12,EMEA,Online,Apparel,Denim Jacket,3,69.99,0.0,209.97,34.99,104.97,105.0
2025-01-12,EMEA,Online,Beauty & Wellness,Collagen Powder,4,34.99,0.0,139.96,14.0,56.0,83.96
2025-01-12,EMEA,Online,Electronics,Wireless Earbuds,3,79.99,0.0,239.97,51.99,155.97,84.0
2025-01-12,EMEA,Online,Home & Kitchen,Air Fryer,1,89.99,0.1,80.99,62.99,62.99,18.0
2025-01-12,LATAM,Online,Apparel,Wool Socks 3-pack,3,14.99,0.0,44.97,6.0,18.0,26.97
2025-01-12,North America,In-store,Apparel,Running Tee,10,24.99,0.0,249.9,11.25,112.5,137.4
2025-01-12,North America,In-store,Electronics,Smart Speaker,5,49.99,0.0,249.95,34.99,174.95,75.0
2025-01-12,North America,In-store,Media & Entertainment,Board Game,3,34.99,0.25,78.73,19.24,57.72,21.01
2025-01-12,North America,Online,Home & Kitchen,Coffee Grinder,5,39.99,0.15,169.96,23.99,119.95,50.01
2025-01-12,UK & Ireland,In-store,Electronics,Smart Speaker,7,49.99,0.0,349.93,34.99,244.93,105.0
2025-01-12,UK & Ireland,In-store,Electronics,Wireless Earbuds,4,79.99,0.0,319.96,51.99,207.96,112.0
2025-01-13,APAC,In-store,Beauty & Wellness,Vitamin C Serum,6,29.99,0.0,179.94,10.5,63.0,116.94
2025-01-13,APAC,In-store,Electronics,Wireless Earbuds,8,79.99,0.15,543.93,51.99,415.92,128.01
2025-01-13,APAC,Online,Beauty & Wellness,Collagen Powder,3,34.99,0.0,104.97,14.0,42.0,62.97
2025-01-13,APAC,Online,Home & Kitchen,Air Fryer,3,89.99,0.1,242.97,62.99,188.97,54.0
2025-01-13,LATAM,In-store,Apparel,Denim Jacket,4,69.99,0.15,237.97,34.99,139.96,98.01
2025-01-13,LATAM,Online,Electronics,USB-C Charger,5,19.99,0.0,99.95,10.99,54.95,45.0
2025-01-13,North America,In-store,Apparel,Running Tee,13,24.99,0.0,324.87,11.25,146.25,178.62
2025-01-13,North America,In-store,Home & Kitchen,Air Fryer,5,89.99,0.2,359.96,62.99,314.95,45.01
2025-01-13,North America,In-store,Media & Entertainment,Board Game,5,34.99,0.0,174.95,19.24,96.2,78.75
2025-01-13,North America,Online,Apparel,Wool Socks 3-pack,6,14.99,0.0,89.94,6.0,36.0,53.94
2025-01-13,UK & Ireland,Online,Apparel,Running Tee,9,24.99,0.1,202.42,11.25,101.25,101.17
2025-01-14,APAC,In-store,Electronics,Smart Speaker,3,49.99,0.15,127.47,34.99,104.97,22.5
2025-01-14,EMEA,In-store,Beauty & Wellness,Electric Toothbrush,5,59.99,0.1,269.95,32.99,164.95,105.0
2025-01-14,EMEA,Online,Beauty & Wellness,Collagen Powder,1,34.99,0.0,34.99,14.0,14.0,20.99
2025-01-14,EMEA,Online,Beauty & Wellness,Electric Toothbrush,1,59.99,0.2,47.99,32.99,32.99,15.0
2025-01-14,EMEA,Online,Media & Entertainment,Vinyl Record,1,27.99,0.0,27.99,16.79,16.79,11.2
2025-01-14,LATAM,In-store,Apparel,Running Tee,4,24.99,0.0,99.96,11.25,45.0,54.96
2025-01-14,North America,In-store,Apparel,Running Tee,7,24.99,0.0,174.93,11.25,78.75,96.18
2025-01-14,North America,Online,Apparel,Denim Jacket,1,69.99,0.0,69.99,34.99,34.99,35.0
2025-01-14,North America,Online,Electronics,Smart Speaker,3,49.99,0.15,127.47,34.99,104.97,22.5
2025-01-14,UK & Ireland,Online,Beauty & Wellness,Electric Toothbrush,1,59.99,0.2,47.99,32.99,32.99,15.0
2025-01-14,UK & Ireland,Online,Media & Entertainment,Board Game,2,34.99,0.0,69.98,19.24,38.48,31.5
2025-01-15,APAC,In-store,Media & Entertainment,Board Game,4,34.99,0.0,139.96,19.24,76.96,63.0
2025-01-15,APAC,Online,Media & Entertainment,Board Game,2,34.99,0.2,55.98,19.24,38.48,17.5
2025-01-15,EMEA,In-store,Beauty & Wellness,Collagen Powder,6,34.99,0.25,157.45,14.0,84.0,73.45
2025-01-15,EMEA,In-store,Electronics,Smart Speaker,2,49.99,0.0,99.98,34.99,69.98,30.0
2025-01-15,EMEA,In-store,Media & Entertainment,Vinyl Record,4,27.99,0.25,83.97,16.79,67.16,16.81
2025-01-15,EMEA,Online,Beauty & Wellness,Collagen Powder,2,34.99,0.0,69.98,14.0,28.0,41.98
2025-01-15,EMEA,Online,Home & Kitchen,Cookware Set,1,129.99,0.0,129.99,84.49,84.49,45.5
2025-01-15,EMEA,Online,Media & Entertainment,Blu-ray Box Set,1,39.99,0.2,31.99,29.99,29.99,2.0
2025-01-15,LATAM,In-store,Electronics,USB-C Charger,4,19.99,0.1,71.96,10.99,43.96,28.0
2025-01-15,North America,In-store,Apparel,Running Tee,6,24.99,0.15,127.45,11.25,67.5,59.95
2025-01-15,North America,In-store,Beauty & Wellness,Electric Toothbrush,7,59.99,0.0,419.93,32.99,230.93,189.0
2025-01-15,UK & Ireland,In-store,Home & Kitchen,Air Fryer,6,89.99,0.0,539.94,62.99,377.94,162.0
2025-01-15,UK & Ireland,In-store,Home & Kitchen,Cookware Set,3,129.99,0.0,389.97,84.49,253.47,136.5
2025-01-16,APAC,In-store,Media & Entertainment,Blu-ray Box Set,5,39.99,0.0,199.95,29.99,149.95,50.0
2025-01-16,APAC,Online,Home & Kitchen,Cookware Set,1,129.99,0.0,129.99,84.49,84.49,45.5
2025-01-16,EMEA,In-store,Apparel,Denim Jacket,4,69.99,0.0,279.96,34.99,139.96,140.0
2025-01-16,EMEA,In-store,Apparel,Running Tee,9,24.99,0.0,224.91,11.25,101.25,123.66
2025-01-16,EMEA,In-store,Electronics,USB-C Charger,12,19.99,0.0,239.88,10.99,131.88,108.0
2025-01-16,EMEA,In-store,Home & Kitchen,Air Fryer,6,89.99,0.15,458.95,62.99,377.94,81.01
2025-01-16,EMEA,In-store,Home & Kitchen,Coffee Grinder,9,39.99,0.25,269.93,23.99,215.91,54.02
2025-01-16,EMEA,Online,Electronics,Smart Speaker,1,49.99,0.0,49.99,34.99,34.99,15.0
2025-01-16,EMEA,Online,Media & Entertainment,Board Game,2,34.99,0.0,69.98,19.24,38.48,31.5
2025-01-16,LATAM,In-store,Electronics,USB-C Charger,8,19.99,0.0,159.92,10.99,87.92,72.0
2025-01-16,LATAM,In-store,Media & Entertainment,Vinyl Record,1,27.99,0.0,27.99,16.79,16.79,11.2
2025-01-16,North America,Online,Electronics,Smart Speaker,1,49.99,0.25,37.49,34.99,34.99,2.5
2025-01-16,UK & Ireland,Online,Apparel,Wool Socks 3-pack,1,14.99,0.0,14.99,6.0,6.0,8.99
2025-01-17,APAC,Online,Apparel,Denim Jacket,2,69.99,0.15,118.98,34.99,69.98,49.0
2025-01-17,EMEA,Online,Apparel,Wool Socks 3-pack,6,14.99,0.15,76.45,6.0,36.0,40.45
2025-01-17,LATAM,In-store,Electronics,Wireless Earbuds,6,79.99,0.0,479.94,51.99,311.94,168.0
2025-01-17,LATAM,In-store,Media & Entertainment,Vinyl Record,6,27.99,0.0,167.94,16.79,100.74,67.2
2025-01-17,LATAM,Online,Electronics,Smart Speaker,4,49.99,0.0,199.96,34.99,139.96,60.0
2025-01-17,LATAM,Online,Home & Kitchen,Coffee Grinder,1,39.99,0.0,39.99,23.99,23.99,16.0
2025-01-17,North America,In-store,Beauty & Wellness,Collagen Powder,12,34.99,0.1,377.89,14.0,168.0,209.89
2025-01-17,North America,In-store,Electronics,Smart Speaker,11,49.99,0.1,494.9,34.99,384.89,110.01
2025-01-17,North America,In-store,Electronics,USB-C Charger,9,19.99,0.0,179.91,10.99,98.91,81.0
2025-01-17,North America,Online,Home & Kitchen,Air Fryer,4,89.99,0.2,287.97,62.99,251.96,36.01
2025-01-17,UK & Ireland,In-store,Beauty & Wellness,Electric Toothbrush,4,59.99,0.25,179.97,32.99,131.96,48.01
2025-01-17,UK & Ireland,In-store,Home & Kitchen,Coffee Grinder,3,39.99,0.0,119.97,23.99,71.97,48.0
2025-01-17,UK & Ireland,In-store,Home & Kitchen,Cookware Set,1,129.99,0.0,129.99,84.49,84.49,45.5
2025-01-17,UK & Ireland,In-store,Media & Entertainment,Board Game,10,34.99,0.0,349.9,19.24,192.4,157.5
2025-01-17,UK & Ireland,Online,Media & Entertainment,Vinyl Record,2,27.99,0.1,50.38,16.79,33.58,16.8
2025-01-18,APAC,In-store,Apparel,Running Tee,3,24.99,0.0,74.97,11.25,33.75,41.22
2025-01-18,EMEA,In-store,Electronics,Wireless Earbuds,14,79.99,0.0,1119.86,51.99,727.86,392.0
2025-01-18,EMEA,Online,Beauty & Wellness,Vitamin C Serum,5,29.99,0.0,149.95,10.5,52.5,97.45
2025-01-18,EMEA,Online,Electronics,USB-C Charger,5,19.99,0.15,84.96,10.99,54.95,30.01
2025-01-18,LATAM,In-store,Apparel,Running Tee,2,24.99,0.0,49.98,11.25,22.5,27.48
2025-01-19,APAC,Online,Home & Kitchen,Cookware Set,3,129.99,0.0,389.97,84.49,253.47,136.5
2025-01-19,EMEA,In-store,Apparel,Running Tee,7,24.99,0.25,131.2,11.25,78.75,52.45
2025-01-19,EMEA,In-store,Media & Entertainment,Board Game,7,34.99,0.0,244.93,19.24,134.68,110.25
2025-01-19,EMEA,Online,Apparel,Denim Jacket,1,69.99,0.1,62.99,34.99,34.99,28.0
2025-01-19,EMEA,Online,Apparel,Wool Socks 3-pack,3,14.99,0.0,44.97,6.0,18.0,26.97
2025-01-19,LATAM,In-store,Apparel,Running Tee,3,24.99,0.0,74.97,11.25,33.75,41.22
2025-01-19,LATAM,In-store,Beauty & Wellness,Collagen Powder,9,34.99,0.0,314.91,14.0,126.0,188.91
2025-01-19,LATAM,Online,Apparel,Running Tee,6,24.99,0.25,112.45,11.25,67.5,44.95
2025-01-19,LATAM,Online,Beauty & Wellness,Collagen Powder,4,34.99,0.15,118.97,14.0,56.0,62.97
2025-01-19,LATAM,Online,Media & Entertainment,Board Game,2,34.99,0.2,55.98,19.24,38.48,17.5
2025-01-19,North America,In-store,Home & Kitchen,Air Fryer,6,89.99,0.0,539.94,62.99,377.94,162.0
2025-01-19,North America,Online,Apparel,Running Tee,6,24.99,0.2,119.95,11.25,67.5,52.45
2025-01-19,North America,Online,Apparel,Wool Socks 3-pack,2,14.99,0.0,29.98,6.0,12.0,17.98
2025-01-19,North America,Online,Home & Kitchen,Coffee Grinder,1,39.99,0.0,39.99,23.99,23.99,16.0
2025-01-19,UK & Ireland,In-store,Electronics,Wireless Earbuds,11,79.99,0.0,879.89,51.99,571.89,308.0
2025-01-20,APAC,In-store,Apparel,Running Tee,10,24.99,0.1,224.91,11.25,112.5,112.41
2025-01-20,APAC,In-store,Beauty & Wellness,Electric Toothbrush,4,59.99,0.15,203.97,32.99,131.96,72.01
2025-01-20,APAC,In-store,Electronics,Smart Speaker,7,49.99,0.0,349.93,34.99,244.93,105.0
2025-01-20,APAC,Online,Apparel,Denim Jacket,2,69.99,0.2,111.98,34.99,69.98,42.0
2025-01-20,EMEA,In-store,Electronics,USB-C Charger,4,19.99,0.0,79.96,10.99,43.96,36.0
2025-01-20,EMEA,Online,Media & Entertainment,Board Game,2,34.99,0.0,69.98,19.24,38.48,31.5
2025-01-20,LATAM,Online,Home & Kitchen,Cookware Set,2,129.99,0.15,220.98,84.49,168.98,52.0
2025-01-20,North America,In-store,Apparel,Denim Jacket,3,69.99,0.0,209.97,34.99,104.97,105.0
2025-01-20,North America,In-store,Beauty & Wellness,Collagen Powder,2,34.99,0.2,55.98,14.0,28.0,27.98
2025-01-20,North America,In-store,Electronics,Wireless Earbuds,8,79.99,0.0,639.92,51.99,415.92,224.0
2025-01-20,North America,Online,Apparel,Denim Jacket,1,69.99,0.0,69.99,34.99,34.99,35.0
2025-01-20,UK & Ireland,In-store,Home & Kitchen,Coffee Grinder,4,39.99,0.0,159.96,23.99,95.96,64.0
2025-01-20,UK & Ireland,Online,Electronics,USB-C Charger,5,19.99,0.0,99.95,10.99,54.95,45.0
2025-01-21,EMEA,Online,Media & Entertainment,Vinyl Record,2,27.99,0.0,55.98,16.79,33.58,22.4
2025-01-21,LATAM,In-store,Apparel,Running Tee,3,24.99,0.15,63.72,11.25,33.75,29.97
2025-01-21,LATAM,In-store,Electronics,Wireless Earbuds,7,79.99,0.0,559.93,51.99,363.93,196.0
2025-01-21,LATAM,In-store,Home & Kitchen,Air Fryer,4,89.99,0.25,269.97,62.99,251.96,18.01
2025-01-21,North America,In-store,Beauty & Wellness,Electric Toothbrush,5,59.99,0.0,299.95,32.99,164.95,135.0
2025-01-21,North America,In-store,Home & Kitchen,Air Fryer,6,89.99,0.0,539.94,62.99,377.94,162.0
2025-01-21,North America,Online,Apparel,Wool Socks 3-pack,4,14.99,0.0,59.96,6.0,24.0,35.96
2025-01-21,North America,Online,Beauty & Wellness,Collagen Powder,2,34.99,0.2,55.98,14.0,28.0,27.98
2025-01-21,North America,Online,Electronics,Smart Speaker,4,49.99,0.0,199.96,34.99,139.96,60.0
2025-01-21,North America,Online,Home & Kitchen,Coffee Grinder,1,39.99,0.25,29.99,23.99,23.99,6.0
2025-01-21,North America,Online,Home & Kitchen,Cookware Set,2,129.99,0.2,207.98,84.49,168.98,39.0
2025-01-21,North America,Online,Media & Entertainment,Blu-ray Box Set,2,39.99,0.0,79.98,29.99,59.98,20.0
2025-01-21,UK & Ireland,In-store,Home & Kitchen,Cookware Set,7,129.99,0.25,682.45,84.49,591.43,91.02
2025-01-21,UK & Ireland,Online,Apparel,Running Tee,5,24.99,0.0,124.95,11.25,56.25,68.7
2025-01-21,UK & Ireland,Online,Media & Entertainment,Board Game,3,34.99,0.0,104.97,19.24,57.72,47.25
2025-01-22,APAC,In-store,Beauty & Wellness,Collagen Powder,2,34.99,0.0,69.98,14.0,28.0,41.98
2025-01-22,APAC,Online,Beauty & Wellness,Collagen Powder,3,34.99,0.0,104.97,14.0,42.0,62.97
2025-01-22,APAC,Online,Electronics,Smart Speaker,2,49.99,0.0,99.98,34.99,69.98,30.0
2025-01-22,EMEA,In-store,Home & Kitchen,Cookware Set,2,129.99,0.25,194.99,84.49,168.98,26.01
2025-01-22,EMEA,Online,Electronics,USB-C Charger,2,19.99,0.25,29.98,10.99,21.98,8.0
2025-01-22,EMEA,Online,Media & Entertainment,Board Game,3,34.99,0.0,104.97,19.24,57.72,47.25
2025-01-22,LATAM,In-store,Apparel,Running Tee,4,24.99,0.25,74.97,11.25,45.0,29.97
2025-01-22,North America,In-store,Apparel,Denim Jacket,5,69.99,0.0,349.95,34.99,174.95,175.0
2025-01-22,North America,In-store,Home & Kitchen,Coffee Grinder,1,39.99,0.2,31.99,23.99,23.99,8.0
2025-01-22,North America,In-store,Home & Kitchen,Cookware Set,1,129.99,0.0,129.99,84.49,84.49,45.5
2025-01-22,North America,Online,Beauty & Wellness,Electric Toothbrush,4,59.99,0.0,239.96,32.99,131.96,108.0
2025-01-22,North America,Online,Electronics,Wireless Earbuds,9,79.99,0.0,719.91,51.99,467.91,252.0
2025-01-22,UK & Ireland,In-store,Electronics,Smart Speaker,3,49.99,0.0,149.97,34.99,104.97,45.0
2025-01-22,UK & Ireland,In-store,Media & Entertainment,Board Game,7,34.99,0.1,220.44,19.24,134.68,85.76
2025-01-22,UK & Ireland,Online,Home & Kitchen,Cookware Set,3,129.99,0.0,389.97,84.49,253.47,136.5
2025-01-23,APAC,In-store,Beauty & Wellness,Vitamin C Serum,5,29.99,0.0,149.95,10.5,52.5,97.45
2025-01-23,APAC,In-store,Media & Entertainment,Blu-ray Box Set,8,39.99,0.25,239.94,29.99,239.92,0.02
2025-01-23,APAC,In-store,Media & Entertainment,Board Game,5,34.99,0.0,174.95,19.24,96.2,78.75
2025-01-23,APAC,Online,Beauty & Wellness,Electric Toothbrush,3,59.99,0.0,179.97,32.99,98.97,81.0
2025-01-23,APAC,Online,Electronics,USB-C Charger,5,19.99,0.0,99.95,10.99,54.95,45.0
2025-01-23,EMEA,In-store,Electronics,Wireless Earbuds,8,79.99,0.25,479.94,51.99,415.92,64.02
2025-01-23,EMEA,Online,Home & Kitchen,Coffee Grinder,3,39.99,0.0,119.97,23.99,71.97,48.0
2025-01-23,LATAM,In-store,Home & Kitchen,Air Fryer,5,89.99,0.1,404.95,62.99,314.95,90.0
2025-01-23,LATAM,In-store,Media & Entertainment,Vinyl Record,4,27.99,0.15,95.17,16.79,67.16,28.01
2025-01-23,North America,In-store,Electronics,Wireless Earbuds,13,79.99,0.15,883.89,51.99,675.87,208.02
2025-01-23,North America,In-store,Home & Kitchen,Coffee Grinder,4,39.99,0.0,159.96,23.99,95.96,64.0
2025-01-23,North America,In-store,Media & Entertainment,Blu-ray Box Set,8,39.99,0.2,255.94,29.99,239.92,16.02
2025-01-23,North America,Online,Electronics,Smart Speaker,6,49.99,0.1,269.95,34.99,209.94,60.01
2025-01-23,UK & Ireland,Online,Beauty & Wellness,Vitamin C Serum,5,29.99,0.0,149.95,10.5,52.5,97.45
2025-01-23,UK & Ireland,Online,Media & Entertainment,Blu-ray Box Set,2,39.99,0.2,63.98,29.99,59.98,4.0
2025-01-24,EMEA,In-store,Apparel,Denim Jacket,6,69.99,0.0,419.94,34.99,209.94,210.0
2025-01-24,EMEA,In-store,Home & Kitchen,Cookware Set,2,129.99,0.0,259.98,84.49,168.98,91.0
2025-01-24,EMEA,In-store,Media & Entertainment,Vinyl Record,9,27.99,0.1,226.72,16.79,151.11,75.61
2025-01-24,LATAM,In-store,Home & Kitchen,Air Fryer,5,89.99,0.15,382.46,62.99,314.95,67.51
2025-01-24,LATAM,In-store,Media & Entertainment,Board Game,3,34.99,0.0,104.97,19.24,57.72,47.25
2025-01-24,LATAM,Online,Home & Kitchen,Cookware Set,1,129.99,0.0,129.99,84.49,84.49,45.5
2025-01-24,North America,In-store,Home & Kitchen,Air Fryer,4,89.99,0.0,359.96,62.99,251.96,108.0
2025-01-24,UK & Ireland,In-store,Home & Kitchen,Air Fryer,7,89.99,0.2,503.94,62.99,440.93,63.01
2025-01-24,UK & Ireland,Online,Apparel,Running Tee,4,24.99,0.0,99.96,11.25,45.0,54.96
2025-01-24,UK & Ireland,Online,Beauty & Wellness,Electric Toothbrush,4,59.99,0.0,239.96,32.99,131.96,108.0
2025-01-24,UK & Ireland,Online,Home & Kitchen,Air Fryer,7,89.99,0.15,535.44,62.99,440.93,94.51
2025-01-25,APAC,In-store,Apparel,Running Tee,9,24.99,0.1,202.42,11.25,101.25,101.17
2025-01-25,APAC,In-store,Beauty & Wellness,Vitamin C Serum,9,29.99,0.0,269.91,10.5,94.5,175.41
2025-01-25,APAC,In-store,Electronics,Smart Speaker,5,49.99,0.0,249.95,34.99,174.95,75.0
2025-01-25,EMEA,Online,Home & Kitchen,Air Fryer,2,89.99,0.0,179.98,62.99,125.98,54.0
2025-01-25,LATAM,In-store,Electronics,Wireless Earbuds,9,79.99,0.0,719.91,51.99,467.91,252.0
2025-01-25,LATAM,Online,Beauty & Wellness,Collagen Powder,1,34.99,0.0,34.99,14.0,14.0,20.99
2025-01-25,LATAM,Online,Beauty & Wellness,Vitamin C Serum,3,29.99,0.0,89.97,10.5,31.5,58.47
2025-01-25,North America,In-store,Beauty & Wellness,Collagen Powder,13,34.99,0.0,454.87,14.0,182.0,272.87
2025-01-25,North America,Online,Apparel,Running Tee,7,24.99,0.0,174.93,11.25,78.75,96.18
2025-01-25,North America,Online,Electronics,USB-C Charger,5,19.99,0.15,84.96,10.99,54.95,30.01
2025-01-25,UK & Ireland,Online,Media & Entertainment,Board Game,4,34.99,0.0,139.96,19.24,76.96,63.0
2025-01-26,APAC,In-store,Apparel,Denim Jacket,6,69.99,0.1,377.95,34.99,209.94,168.01
2025-01-26,APAC,In-store,Home & Kitchen,Coffee Grinder,6,39.99,0.0,239.94,23.99,143.94,96.0
2025-01-26,APAC,In-store,Media & Entertainment,Board Game,5,34.99,0.0,174.95,19.24,96.2,78.75
2025-01-26,APAC,In-store,Media & Entertainment,Vinyl Record,4,27.99,0.0,111.96,16.79,67.16,44.8
2025-01-26,APAC,Online,Electronics,Smart Speaker,5,49.99,0.0,249.95,34.99,174.95,75.0
2025-01-26,APAC,Online,Home & Kitchen,Air Fryer,2,89.99,0.0,179.98,62.99,125.98,54.0
2025-01-26,EMEA,Online,Beauty & Wellness,Collagen Powder,4,34.99,0.1,125.96,14.0,56.0,69.96
2025-01-26,EMEA,Online,Beauty & Wellness,Electric Toothbrush,1,59.99,0.1,53.99,32.99,32.99,21.0
2025-01-26,EMEA,Online,Home & Kitchen,Air Fryer,7,89.99,0.0,629.93,62.99,440.93,189.0
2025-01-26,EMEA,Online,Media & Entertainment,Blu-ray Box Set,1,39.99,0.0,39.99,29.99,29.99,10.0
2025-01-26,LATAM,In-store,Electronics,Wireless Earbuds,5,79.99,0.0,399.95,51.99,259.95,140.0
2025-01-26,LATAM,Online,Home & Kitchen,Air Fryer,2,89.99,0.0,179.98,62.99,125.98,54.0
2025-01-26,LATAM,Online,Media & Entertainment,Vinyl Record,2,27.99,0.2,44.78,16.79,33.58,11.2
2025-01-26,North America,In-store,Beauty & Wellness,Collagen Powder,12,34.99,0.0,419.88,14.0,168.0,251.88
2025-01-26,UK & Ireland,In-store,Electronics,Smart Speaker,5,49.99,0.0,249.95,34.99,174.95,75.0
2025-01-26,UK & Ireland,Online,Apparel,Wool Socks 3-pack,1,14.99,0.0,14.99,6.0,6.0,8.99
2025-01-26,UK & Ireland,Online,Home & Kitchen,Cookware Set,2,129.99,0.0,259.98,84.49,168.98,91.0
2025-01-26,UK & Ireland,Online,Media & Entertainment,Board Game,3,34.99,0.15,89.22,19.24,57.72,31.5
2025-01-27,APAC,Online,Beauty & Wellness,Vitamin C Serum,3,29.99,0.0,89.97,10.5,31.5,58.47
2025-01-27,APAC,Online,Media & Entertainment,Blu-ray Box Set,2,39.99,0.0,79.98,29.99,59.98,20.0
2025-01-27,EMEA,In-store,Home & Kitchen,Cookware Set,4,129.99,0.25,389.97,84.49,337.96,52.01
2025-01-27,EMEA,Online,Home & Kitchen,Coffee Grinder,1,39.99,0.0,39.99,23.99,23.99,16.0
2025-01-27,LATAM,In-store,Apparel,Wool Socks 3-pack,3,14.99,0.0,44.97,6.0,18.0,26.97
2025-01-27,LATAM,In-store,Media & Entertainment,Blu-ray Box Set,1,39.99,0.0,39.99,29.99,29.99,10.0
2025-01-27,North America,In-store,Home & Kitchen,Coffee Grinder,4,39.99,0.25,119.97,23.99,95.96,24.01
2025-01-27,North America,Online,Beauty & Wellness,Collagen Powder,3,34.99,0.2,83.98,14.0,42.0,41.98
2025-01-27,North America,Online,Electronics,Smart Speaker,3,49.99,0.2,119.98,34.99,104.97,15.01
2025-01-27,North America,Online,Electronics,Wireless Earbuds,4,79.99,0.0,319.96,51.99,207.96,112.0
2025-01-27,UK & Ireland,In-store,Apparel,Wool Socks 3-pack,10,14.99,0.0,149.9,6.0,60.0,89.9
2025-01-27,UK & Ireland,In-store,Electronics,Smart Speaker,1,49.99,0.0,49.99,34.99,34.99,15.0
2025-01-27,UK & Ireland,Online,Apparel,Running Tee,3,24.99,0.0,74.97,11.25,33.75,41.22
2025-01-28,APAC,In-store,Beauty & Wellness,Vitamin C Serum,2,29.99,0.15,50.98,10.5,21.0,29.98
2025-01-28,APAC,In-store,Media & Entertainment,Blu-ray Box Set,6,39.99,0.1,215.95,29.99,179.94,36.01
2025-01-28,EMEA,In-store,Beauty & Wellness,Vitamin C Serum,7,29.99,0.0,209.93,10.5,73.5,136.43
2025-01-28,EMEA,In-store,Home & Kitchen,Cookware Set,4,129.99,0.0,519.96,84.49,337.96,182.0
2025-01-28,EMEA,In-store,Media & Entertainment,Board Game,4,34.99,0.0,139.96,19.24,76.96,63.0
2025-01-28,LATAM,In-store,Electronics,Wireless Earbuds,4,79.99,0.0,319.96,51.99,207.96,112.0
2025-01-28,LATAM,Online,Beauty & Wellness,Vitamin C Serum,2,29.99,0.0,59.98,10.5,21.0,38.98
2025-01-28,North America,In-store,Apparel,Running Tee,7,24.99,0.0,174.93,11.25,78.75,96.18
2025-01-28,North America,Online,Electronics,Smart Speaker,4,49.99,0.0,199.96,34.99,139.96,60.0
2025-01-28,North America,Online,Electronics,USB-C Charger,3,19.99,0.0,59.97,10.99,32.97,27.0
2025-01-28,North America,Online,Home & Kitchen,Coffee Grinder,3,39.99,0.2,95.98,23.99,71.97,24.01
2025-01-28,North America,Online,Media & Entertainment,Vinyl Record,4,27.99,0.15,95.17,16.79,67.16,28.01
2025-01-28,UK & Ireland,In-store,Beauty & Wellness,Collagen Powder,4,34.99,0.25,104.97,14.0,56.0,48.97
2025-01-28,UK & Ireland,In-store,Beauty & Wellness,Electric Toothbrush,8,59.99,0.0,479.92,32.99,263.92,216.0
2025-01-28,UK & Ireland,In-store,Electronics,USB-C Charger,9,19.99,0.2,143.93,10.99,98.91,45.02
2025-01-28,UK & Ireland,In-store,Media & Entertainment,Blu-ray Box Set,4,39.99,0.0,159.96,29.99,119.96,40.0
2025-01-28,UK & Ireland,In-store,Media & Entertainment,Vinyl Record,5,27.99,0.0,139.95,16.79,83.95,56.0
2025-01-28,UK & Ireland,Online,Electronics,USB-C Charger,2,19.99,0.2,31.98,10.99,21.98,10.0
2025-01-29,APAC,In-store,Apparel,Wool Socks 3-pack,6,14.99,0.15,76.45,6.0,36.0,40.45
2025-01-29,APAC,In-store,Beauty & Wellness,Collagen Powder,4,34.99,0.1,125.96,14.0,56.0,69.96
2025-01-29,APAC,In-store,Electronics,Smart Speaker,5,49.99,0.0,249.95,34.99,174.95,75.0
2025-01-29,APAC,In-store,Electronics,Wireless Earbuds,7,79.99,0.15,475.94,51.99,363.93,112.01
2025-01-29,APAC,In-store,Media & Entertainment,Board Game,2,34.99,0.25,52.48,19.24,38.48,14.0
2025-01-29,APAC,Online,Home & Kitchen,Air Fryer,7,89.99,0.0,629.93,62.99,440.93,189.0
2025-01-29,EMEA,In-store,Apparel,Denim Jacket,5,69.99,0.1,314.95,34.99,174.95,140.0
2025-01-29,EMEA,In-store,Media & Entertainment,Board Game,3,34.99,0.0,104.97,19.24,57.72,47.25
2025-01-29,EMEA,Online,Apparel,Wool Socks 3-pack,3,14.99,0.0,44.97,6.0,18.0,26.97
2025-01-29,LATAM,In-store,Beauty & Wellness,Collagen Powder,3,34.99,0.0,104.97,14.0,42.0,62.97
2025-01-29,LATAM,In-store,Home & Kitchen,Coffee Grinder,3,39.99,0.0,119.97,23.99,71.97,48.0
2025-01-29,LATAM,Online,Electronics,Smart Speaker,5,49.99,0.0,249.95,34.99,174.95,75.0
2025-01-29,North America,In-store,Apparel,Running Tee,8,24.99,0.2,159.94,11.25,90.0,69.94
2025-01-29,North America,In-store,Beauty & Wellness,Vitamin C Serum,6,29.99,0.0,179.94,10.5,63.0,116.94
2025-01-29,North America,In-store,Electronics,Smart Speaker,4,49.99,0.0,199.96,34.99,139.96,60.0
2025-01-29,North America,In-store,Media & Entertainment,Blu-ray Box Set,3,39.99,0.15,101.97,29.99,89.97,12.0
2025-01-29,North America,Online,Electronics,Wireless Earbuds,9,79.99,0.0,719.91,51.99,467.91,252.0
2025-01-29,UK & Ireland,In-store,Home & Kitchen,Cookware Set,3,129.99,0.25,292.48,84.49,253.47,39.01
2025-01-30,APAC,In-store,Apparel,Denim Jacket,4,69.99,0.0,279.96,34.99,139.96,140.0
2025-01-30,APAC,Online,Apparel,Running Tee,3,24.99,0.0,74.97,11.25,33.75,41.22
2025-01-30,APAC,Online,Beauty & Wellness,Collagen Powder,1,34.99,0.0,34.99,14.0,14.0,20.99
2025-01-30,APAC,Online,Electronics,Smart Speaker,1,49.99,0.1,44.99,34.99,34.99,10.0
2025-01-30,EMEA,In-store,Apparel,Wool Socks 3-pack,7,14.99,0.0,104.93,6.0,42.0,62.93
2025-01-30,EMEA,In-store,Electronics,USB-C Charger,7,19.99,0.25,104.95,10.99,76.93,28.02
2025-01-30,EMEA,Online,Apparel,Wool Socks 3-pack,2,14.99,0.0,29.98,6.0,12.0,17.98
2025-01-30,EMEA,Online,Electronics,Smart Speaker,4,49.99,0.0,199.96,34.99,139.96,60.0
2025-01-30,LATAM,In-store,Beauty & Wellness,Vitamin C Serum,4,29.99,0.0,119.96,10.5,42.0,77.96
2025-01-30,LATAM,Online,Beauty & Wellness,Collagen Powder,1,34.99,0.1,31.49,14.0,14.0,17.49
2025-01-30,North America,In-store,Beauty & Wellness,Electric Toothbrush,4,59.99,0.0,239.96,32.99,131.96,108.0
2025-01-30,North America,In-store,Beauty & Wellness,Vitamin C Serum,3,29.99,0.15,76.47,10.5,31.5,44.97
2025-01-30,North America,In-store,Electronics,Wireless Earbuds,10,79.99,0.0,799.9,51.99,519.9,280.0
2025-01-30,North America,In-store,Media & Entertainment,Blu-ray Box Set,5,39.99,0.0,199.95,29.99,149.95,50.0
2025-01-30,UK & Ireland,In-store,Electronics,USB-C Charger,7,19.99,0.0,139.93,10.99,76.93,63.0
2025-01-30,UK & Ireland,Online,Beauty & Wellness,Electric Toothbrush,1,59.99,0.0,59.99,32.99,32.99,27.0
2025-01-30,UK & Ireland,Online,Electronics,USB-C Charger,6,19.99,0.2,95.95,10.99,65.94,30.01
2025-01-31,APAC,In-store,Electronics,USB-C Charger,15,19.99,0.0,299.85,10.99,164.85,135.0
2025-01-31,APAC,Online,Apparel,Denim Jacket,5,69.99,0.0,349.95,34.99,174.95,175.0
2025-01-31,APAC,Online,Home & Kitchen,Cookware Set,2,129.99,0.0,259.98,84.49,168.98,91.0
2025-01-31,EMEA,In-store,Electronics,USB-C Charger,17,19.99,0.0,339.83,10.99,186.83,153.0
2025-01-31,EMEA,Online,Apparel,Denim Jacket,1,69.99,0.0,69.99,34.99,34.99,35.0
2025-01-31,EMEA,Online,Beauty & Wellness,Vitamin C Serum,3,29.99,0.2,71.98,10.5,31.5,40.48
2025-01-31,LATAM,In-store,Beauty & Wellness,Electric Toothbrush,4,59.99,0.1,215.96,32.99,131.96,84.0
2025-01-31,LATAM,In-store,Beauty & Wellness,Vitamin C Serum,7,29.99,0.0,209.93,10.5,73.5,136.43
2025-01-31,LATAM,In-store,Media & Entertainment,Vinyl Record,5,27.99,0.0,139.95,16.79,83.95,56.0
2025-01-31,North America,In-store,Home & Kitchen,Air Fryer,5,89.99,0.0,449.95,62.99,314.95,135.0
2025-01-31,North America,In-store,Home & Kitchen,Coffee Grinder,4,39.99,0.1,143.96,23.99,95.96,48.0
2025-01-31,North America,In-store,Media & Entertainment,Vinyl Record,3,27.99,0.0,83.97,16.79,50.37,33.6
2025-01-31,North America,Online,Beauty & Wellness,Collagen Powder,3,34.99,0.0,104.97,14.0,42.0,62.97
2025-01-31,North America,Online,Electronics,Smart Speaker,6,49.99,0.0,299.94,34.99,209.94,90.0
2025-01-31,UK & Ireland,In-store,Home & Kitchen,Air Fryer,6,89.99,0.0,539.94,62.99,377.94,162.0
2025-01-31,UK & Ireland,Online,Beauty & Wellness,Vitamin C Serum,2,29.99,0.15,50.98,10.5,21.0,29.98
2025-02-01,APAC,In-store,Apparel,Denim Jacket,6,69.99,0.0,419.94,34.99,209.94,210.0
2025-02-01,APAC,Online,Apparel,Running Tee,3,24.99,0.0,74.97,11.25,33.75,41.22
2025-02-01,APAC,Online,Beauty & Wellness,Collagen Powder,2,34.99,0.15,59.48,14.0,28.0,31.48
2025-02-01,APAC,Online,Media & Entertainment,Board Game,3,34.99,0.1,94.47,19.24,57.72,36.75
2025-02-01,EMEA,In-store,Apparel,Running Tee,13,24.99,0.0,324.87,11.25,146.25,178.62
2025-02-01,EMEA,In-store,Media & Entertainment,Blu-ray Box Set,4,39.99,0.0,159.96,29.99,119.96,40.0
2025-02-01,LATAM,In-store,Apparel,Running Tee,11,24.99,0.2,219.91,11.25,123.75,96.16
2025-02-01,LATAM,In-store,Media & Entertainment,Blu-ray Box Set,9,39.99,0.0,359.91,29.99,269.91,90.0
2025-02-01,LATAM,Online,Home & Kitchen,Air Fryer,2,89.99,0.0,179.98,62.99,125.98,54.0
2025-02-01,North America,Online,Home & Kitchen,Coffee Grinder,2,39.99,0.0,79.98,23.99,47.98,32.0
2025-02-01,UK & Ireland,In-store,Apparel,Denim Jacket,3,69.99,0.1,188.97,34.99,104.97,84.0
2025-02-01,UK & Ireland,In-store,Apparel,Running Tee,11,24.99,0.0,274.89,11.25,123.75,151.14
2025-02-01,UK & Ireland,In-store,Beauty & Wellness,Vitamin C Serum,9,29.99,0.0,269.91,10.5,94.5,175.41
2025-02-01,UK & Ireland,In-store,Electronics,Smart Speaker,4,49.99,0.0,199.96,34.99,139.96,60.0
2025-02-01,UK & Ireland,In-store,Media & Entertainment,Vinyl Record,5,27.99,0.0,139.95,16.79,83.95,56.0
2025-02-01,UK & Ireland,Online,Apparel,Wool Socks 3-pack,8,14.99,0.1,107.93,6.0,48.0,59.93
2025-02-01,UK & Ireland,Online,Beauty & Wellness,Collagen Powder,3,34.99,0.0,104.97,14.0,42.0,62.97
2025-02-02,APAC,Online,Apparel,Running Tee,1,24.99,0.2,19.99,11.25,11.25,8.74
2025-02-02,LATAM,In-store,Home & Kitchen,Cookware Set,5,129.99,0.2,519.96,84.49,422.45,97.51
2025-02-02,LATAM,In-store,Media & Entertainment,Board Game,5,34.99,0.25,131.21,19.24,96.2,35.01
2025-02-02,LATAM,In-store,Media & Entertainment,Vinyl Record,7,27.99,0.0,195.93,16.79,117.53,78.4
2025-02-02,LATAM,Online,Beauty & Wellness,Vitamin C Serum,3,29.99,0.25,67.48,10.5,31.5,35.98
2025-02-02,LATAM,Online,Electronics,USB-C Charger,3,19.99,0.0,59.97,10.99,32.97,27.0
2025-02-02,LATAM,Online,Electronics,Wireless Earbuds,3,79.99,0.25,179.98,51.99,155.97,24.01
2025-02-02,LATAM,Online,Home & Kitchen,Cookware Set,1,129.99,0.15,110.49,84.49,84.49,26.0
2025-02-02,North America,In-store,Apparel,Running Tee,10,24.99,0.0,249.9,11.25,112.5,137.4
2025-02-02,North America,In-store,Beauty & Wellness,Electric Toothbrush,3,59.99,0.0,179.97,32.99,98.97,81.0
2025-02-02,North America,In-store,Electronics,Smart Speaker,8,49.99,0.0,399.92,34.99,279.92,120.0
2025-02-02,North America,Online,Apparel,Wool Socks 3-pack,8,14.99,0.25,89.94,6.0,48.0,41.94
2025-02-02,North America,Online,Home & Kitchen,Cookware Set,4,129.99,0.2,415.97,84.49,337.96,78.01
2025-02-02,UK & Ireland,In-store,Home & Kitchen,Coffee Grinder,2,39.99,0.0,79.98,23.99,47.98,32.0
2025-02-02,UK & Ireland,Online,Media & Entertainment,Board Game,3,34.99,0.15,89.22,19.24,57.72,31.5
2025-02-02,UK & Ireland,Online,Media & Entertainment,Vinyl Record,2,27.99,0.0,55.98,16.79,33.58,22.4
2025-02-03,EMEA,Online,Electronics,Wireless Earbuds,9,79.99,0.0,719.91,51.99,467.91,252.0
2025-02-03,EMEA,Online,Home & Kitchen,Air Fryer,6,89.99,0.0,539.94,62.99,377.94,162.0
2025-02-03,EMEA,Online,Media & Entertainment,Blu-ray Box Set,2,39.99,0.25,59.98,29.99,59.98,0.0
2025-02-03,LATAM,In-store,Apparel,Running Tee,2,24.99,0.1,44.98,11.25,22.5,22.48
2025-02-03,LATAM,In-store,Home & Kitchen,Air Fryer,7,89.99,0.2,503.94,62.99,440.93,63.01
2025-02-03,LATAM,Online,Apparel,Denim Jacket,2,69.99,0.0,139.98,34.99,69.98,70.0
2025-02-03,LATAM,Online,Beauty & Wellness,Collagen Powder,1,34.99,0.0,34.99,14.0,14.0,20.99
2025-02-03,LATAM,Online,Media & Entertainment,Blu-ray Box Set,3,39.99,0.25,89.98,29.99,89.97,0.01
2025-02-03,North America,In-store,Beauty & Wellness,Electric Toothbrush,2,59.99,0.1,107.98,32.99,65.98,42.0
2025-02-03,North America,In-store,Electronics,Wireless Earbuds,10,79.99,0.0,799.9,51.99,519.9,280.0
2025-02-03,North America,In-store,Home & Kitchen,Air Fryer,9,89.99,0.0,809.91,62.99,566.91,243.0
2025-02-03,North America,Online,Apparel,Running Tee,2,24.99,0.0,49.98,11.25,22.5,27.48
2025-02-03,North America,Online,Apparel,Wool Socks 3-pack,2,14.99,0.0,29.98,6.0,12.0,17.98
2025-02-03,UK & Ireland,In-store,Beauty & Wellness,Collagen Powder,9,34.99,0.0,314.91,14.0,126.0,188.91
2025-02-04,APAC,In-store,Apparel,Running Tee,9,24.99,0.1,202.42,11.25,101.25,101.17
2025-02-04,APAC,In-store,Home & Kitchen,Air Fryer,4,89.99,0.0,359.96,62.99,251.96,108.0
2025-02-04,APAC,Online,Apparel,Wool Socks 3-pack,3,14.99,0.0,44.97,6.0,18.0,26.97
2025-02-04,APAC,Online,Electronics,Smart Speaker,3,49.99,0.0,149.97,34.99,104.97,45.0
2025-02-04,LATAM,In-store,Apparel,Denim Jacket,2,69.99,0.0,139.98,34.99,69.98,70.0
2025-02-04,LATAM,Online,Beauty & Wellness,Vitamin C Serum,2,29.99,0.2,47.98,10.5,21.0,26.98
2025-02-04,LATAM,Online,Electronics,Wireless Earbuds,2,79.99,0.0,159.98,51.99,103.98,56.0
2025-02-04,North America,In-store,Apparel,Denim Jacket,4,69.99,0.25,209.97,34.99,139.96,70.01
2025-02-04,North America,In-store,Apparel,Wool Socks 3-pack,10,14.99,0.25,112.43,6.0,60.0,52.43
2025-02-04,North America,In-store,Electronics,USB-C Charger,10,19.99,0.15,169.91,10.99,109.9,60.01
2025-02-04,UK & Ireland,In-store,Apparel,Denim Jacket,4,69.99,0.0,279.96,34.99,139.96,140.0
2025-02-04,UK & Ireland,In-store,Apparel,Wool Socks 3-pack,2,14.99,0.0,29.98,6.0,12.0,17.98
2025-02-04,UK & Ireland,In-store,Beauty & Wellness,Collagen Powder,5,34.99,0.0,174.95,14.0,70.0,104.95
2025-02-04,UK & Ireland,In-store,Beauty & Wellness,Vitamin C Serum,2,29.99,0.25,44.98,10.5,21.0,23.98
2025-02-04,UK & Ireland,Online,Beauty & Wellness,Vitamin C Serum,5,29.99,0.1,134.95,10.5,52.5,82.45
2025-02-04,UK & Ireland,Online,Media & Entertainment,Vinyl Record,1,27.99,0.0,27.99,16.79,16.79,11.2
2025-02-05,APAC,In-store,Beauty & Wellness,Collagen Powder,2,34.99,0.0,69.98,14.0,28.0,41.98
2025-02-05,EMEA,In-store,Electronics,Wireless Earbuds,1,79.99,0.2,63.99,51.99,51.99,12.0
2025-02-05,EMEA,In-store,Media & Entertainment,Board Game,5,34.99,0.15,148.71,19.24,96.2,52.51
2025-02-05,LATAM,In-store,Beauty & Wellness,Collagen Powder,2,34.99,0.0,69.98,14.0,28.0,41.98
2025-02-05,LATAM,In-store,Home & Kitchen,Coffee Grinder,2,39.99,0.0,79.98,23.99,47.98,32.0
2025-02-05,North America,In-store,Electronics,Smart Speaker,3,49.99,0.0,149.97,34.99,104.97,45.0
2025-02-05,North America,Online,Apparel,Running Tee,5,24.99,0.0,124.95,11.25,56.25,68.7
2025-02-05,North America,Online,Electronics,Wireless Earbuds,1,79.99,0.25,59.99,51.99,51.99,8.0
2025-02-05,UK & Ireland,In-store,Beauty & Wellness,Electric Toothbrush,5,59.99,0.15,254.96,32.99,164.95,90.01
2025-02-05,UK & Ireland,Online,Electronics,Wireless Earbuds,4,79.99,0.2,255.97,51.99,207.96,48.01
2025-02-05,UK & Ireland,Online,Home & Kitchen,Cookware Set,2,129.99,0.0,259.98,84.49,168.98,91.0
2025-02-06,APAC,In-store,Electronics,Smart Speaker,6,49.99,0.0,299.94,34.99,209.94,90.0
2025-02-06,APAC,In-store,Media & Entertainment,Board Game,5,34.99,0.15,148.71,19.24,96.2,52.51
2025-02-06,APAC,Online,Apparel,Running Tee,2,24.99,0.1,44.98,11.25,22.5,22.48
2025-02-06,EMEA,In-store,Apparel,Denim Jacket,1,69.99,0.0,69.99,34.99,34.99,35.0
2025-02-06,EMEA,In-store,Apparel,Wool Socks 3-pack,10,14.99,0.0,149.9,6.0,60.0,89.9
2025-02-06,EMEA,In-store,Beauty & Wellness,Electric Toothbrush,5,59.99,0.1,269.95,32.99,164.95,105.0
2025-02-06,EMEA,Online,Electronics,Wireless Earbuds,10,79.99,0.25,599.92,51.99,519.9,80.02
2025-02-06,LATAM,In-store,Apparel,Wool Socks 3-pack,3,14.99,0.25,33.73,6.0,18.0,15.73
2025-02-06,LATAM,In-store,Media & Entertainment,Blu-ray Box Set,5,39.99,0.2,159.96,29.99,149.95,10.01
2025-02-06,LATAM,Online,Media & Entertainment,Board Game,2,34.99,0.0,69.98,19.24,38.48,31.5
2025-02-06,North America,Online,Electronics,Smart Speaker,4,49.99,0.1,179.96,34.99,139.96,40.0
2025-02-06,North America,Online,Home & Kitchen,Cookware Set,2,129.99,0.0,259.98,84.49,168.98,91.0
2025-02-06,UK & Ireland,In-store,Home & Kitchen,Air Fryer,1,89.99,0.0,89.99,62.99,62.99,27.0
2025-02-06,UK & Ireland,Online,Apparel,Running Tee,7,24.99,0.0,174.93,11.25,78.75,96.18
2025-02-07,APAC,In-store,Electronics,Smart Speaker,6,49.99,0.25,224.95,34.99,209.94,15.01
2025-02-07,APAC,Online,Home & Kitchen,Coffee Grinder,2,39.99,0.0,79.98,23.99,47.98,32.0
2025-02-07,EMEA,In-store,Beauty & Wellness,Electric Toothbrush,5,59.99,0.0,299.95,32.99,164.95,135.0
2025-02-07,EMEA,In-store,Electronics,Smart Speaker,5,49.99,0.1,224.96,34.99,174.95,50.01
2025-02-07,EMEA,In-store,Home & Kitchen,Cookware Set,3,129.99,0.0,389.97,84.49,253.47,136.5
2025-02-07,EMEA,In-store,Media & Entertainment,Blu-ray Box Set,5,39.99,0.15,169.96,29.99,149.95,20.01
2025-02-07,EMEA,In-store,Media & Entertainment,Vinyl Record,3,27.99,0.2,67.18,16.79,50.37,16.81
2025-02-07,EMEA,Online,Home & Kitchen,Air Fryer,2,89.99,0.0,179.98,62.99,125.98,54.0
2025-02-07,EMEA,Online,Media & Entertainment,Board Game,11,34.99,0.2,307.91,19.24,211.64,96.27
2025-02-07,North America,In-store,Apparel,Denim Jacket,2,69.99,0.1,125.98,34.99,69.98,56.0
2025-02-07,North America,In-store,Apparel,Wool Socks 3-pack,11,14.99,0.0,164.89,6.0,66.0,98.89
2025-02-07,North America,In-store,Home & Kitchen,Coffee Grinder,8,39.99,0.0,319.92,23.99,191.92,128.0
2025-02-07,North America,Online,Apparel,Wool Socks 3-pack,6,14.99,0.0,89.94,6.0,36.0,53.94
2025-02-07,North America,Online,Media & Entertainment,Board Game,1,34.99,0.0,34.99,19.24,19.24,15.75
2025-02-07,UK & Ireland,In-store,Home & Kitchen,Cookware Set,3,129.99,0.0,389.97,84.49,253.47,136.5
2025-02-07,UK & Ireland,In-store,Media & Entertainment,Blu-ray Box Set,5,39.99,0.25,149.96,29.99,149.95,0.01
2025-02-07,UK & Ireland,Online,Apparel,Running Tee,7,24.99,0.0,174.93,11.25,78.75,96.18
2025-02-07,UK & Ireland,Online,Beauty & Wellness,Collagen Powder,2,34.99,0.0,69.98,14.0,28.0,41.98
2025-02-07,UK & Ireland,Online,Electronics,USB-C Charger,4,19.99,0.0,79.96,10.99,43.96,36.0
2025-02-08,APAC,In-store,Media & Entertainment,Vinyl Record,14,27.99,0.0,391.86,16.79,235.06,156.8
2025-02-08,EMEA,Online,Electronics,Wireless Earbuds,6,79.99,0.0,479.94,51.99,311.94,168.0
2025-02-08,LATAM,In-store,Electronics,Smart Speaker,4,49.99,0.2,159.97,34.99,139.96,20.01
2025-02-08,LATAM,In-store,Electronics,USB-C Charger,3,19.99,0.0,59.97,10.99,32.97,27.0
2025-02-08,LATAM,In-store,Media & Entertainment,Board Game,9,34.99,0.0,314.91,19.24,173.16,141.75
2025-02-08,LATAM,Online,Electronics,Wireless Earbuds,4,79.99,0.15,271.97,51.99,207.96,64.01
2025-02-08,North America,In-store,Home & Kitchen,Coffee Grinder,5,39.99,0.0,199.95,23.99,119.95,80.0
2025-02-08,North America,Online,Apparel,Denim Jacket,6,69.99,0.0,419.94,34.99,209.94,210.0
2025-02-08,North America,Online,Electronics,Smart Speaker,2,49.99,0.0,99.98,34.99,69.98,30.0
2025-02-08,UK & Ireland,In-store,Beauty & Wellness,Vitamin C Serum,7,29.99,0.0,209.93,10.5,73.5,136.43
2025-02-08,UK & Ireland,Online,Beauty & Wellness,Electric Toothbrush,3,59.99,0.0,179.97,32.99,98.97,81.0
2025-02-09,APAC,In-store,Electronics,USB-C Charger,6,19.99,0.25,89.95,10.99,65.94,24.01
2025-02-09,EMEA,In-store,Electronics,Wireless Earbuds,9,79.99,0.0,719.91,51.99,467.91,252.0
2025-02-09,EMEA,Online,Media & Entertainment,Board Game,2,34.99,0.0,69.98,19.24,38.48,31.5
2025-02-09,LATAM,In-store,Apparel,Running Tee,7,24.99,0.0,174.93,11.25,78.75,96.18
2025-02-09,LATAM,In-store,Electronics,Wireless Earbuds,7,79.99,0.0,559.93,51.99,363.93,196.0
2025-02-09,LATAM,Online,Beauty & Wellness,Electric Toothbrush,1,59.99,0.25,44.99,32.99,32.99,12.0
2025-02-09,North America,In-store,Electronics,Wireless Earbuds,10,79.99,0.0,799.9,51.99,519.9,280.0
2025-02-09,North America,In-store,Media & Entertainment,Blu-ray Box Set,6,39.99,0.0,239.94,29.99,179.94,60.0
2025-02-09,North America,Online,Media & Entertainment,Vinyl Record,2,27.99,0.15,47.58,16.79,33.58,14.0
2025-02-09,UK & Ireland,In-store,Apparel,Denim Jacket,2,69.99,0.0,139.98,34.99,69.98,70.0
2025-02-09,UK & Ireland,In-store,Apparel,Running Tee,9,24.99,0.0,224.91,11.25,101.25,123.66
2025-02-10,APAC,In-store,Beauty & Wellness,Collagen Powder,5,34.99,0.25,131.21,14.0,70.0,61.21
2025-02-10,EMEA,In-store,Beauty & Wellness,Vitamin C Serum,2,29.99,0.0,59.98,10.5,21.0,38.98
2025-02-10,EMEA,Online,Apparel,Running Tee,4,24.99,0.0,99.96,11.25,45.0,54.96
2025-02-10,EMEA,Online,Beauty & Wellness,Electric Toothbrush,2,59.99,0.1,107.98,32.99,65.98,42.0
2025-02-10,EMEA,Online,Home & Kitchen,Coffee Grinder,1,39.99,0.2,31.99,23.99,23.99,8.0
2025-02-10,LATAM,In-store,Electronics,Wireless Earbuds,2,79.99,0.0,159.98,51.99,103.98,56.0
2025-02-10,LATAM,In-store,Media & Entertainment,Board Game,3,34.99,0.0,104.97,19.24,57.72,47.25
2025-02-10,LATAM,Online,Electronics,Wireless Earbuds,3,79.99,0.2,191.98,51.99,155.97,36.01
2025-02-10,North America,In-store,Electronics,Smart Speaker,6,49.99,0.0,299.94,34.99,209.94,90.0
2025-02-10,UK & Ireland,In-store,Apparel,Running Tee,5,24.99,0.25,93.71,11.25,56.25,37.46
2025-02-10,UK & Ireland,In-store,Media & Entertainment,Board Game,5,34.99,0.0,174.95,19.24,96.2,78.75
2025-02-10,UK & Ireland,Online,Beauty & Wellness,Electric Toothbrush,1,59.99,0.0,59.99,32.99,32.99,27.0
2025-02-10,UK & Ireland,Online,Media & Entertainment,Blu-ray Box Set,4,39.99,0.1,143.96,29.99,119.96,24.0
2025-02-11,APAC,In-store,Beauty & Wellness,Vitamin C Serum,6,29.99,0.0,179.94,10.5,63.0,116.94
2025-02-11,APAC,Online,Apparel,Denim Jacket,6,69.99,0.0,419.94,34.99,209.94,210.0
2025-02-11,APAC,Online,Apparel,Wool Socks 3-pack,4,14.99,0.0,59.96,6.0,24.0,35.96
2025-02-11,EMEA,In-store,Apparel,Wool Socks 3-pack,7,14.99,0.25,78.7,6.0,42.0,36.7
2025-02-11,EMEA,In-store,Electronics,USB-C Charger,15,19.99,0.25,224.89,10.99,164.85,60.04
2025-02-11,EMEA,Online,Apparel,Denim Jacket,3,69.99,0.2,167.98,34.99,104.97,63.01
2025-02-11,EMEA,Online,Home & Kitchen,Coffee Grinder,5,39.99,0.0,199.95,23.99,119.95,80.0
2025-02-11,LATAM,Online,Apparel,Denim Jacket,2,69.99,0.0,139.98,34.99,69.98,70.0
2025-02-11,LATAM,Online,Electronics,USB-C Charger,9,19.99,0.0,179.91,10.99,98.91,81.0
2025-02-11,North America,In-store,Beauty & Wellness,Vitamin C Serum,4,29.99,0.0,119.96,10.5,42.0,77.96
2025-02-11,North America,In-store,Electronics,Wireless Earbuds,11,79.99,0.2,703.91,51.99,571.89,132.02
2025-02-11,North America,Online,Beauty & Wellness,Electric Toothbrush,5,59.99,0.2,239.96,32.99,164.95,75.01
2025-02-11,North America,Online,Home & Kitchen,Air Fryer,3,89.99,0.0,269.97,62.99,188.97,81.0
2025-02-12,APAC,In-store,Beauty & Wellness,Electric Toothbrush,2,59.99,0.0,119.98,32.99,65.98,54.0
2025-02-12,APAC,Online,Electronics,USB-C Charger,3,19.99,0.0,59.97,10.99,32.97,27.0
2025-02-12,APAC,Online,Media & Entertainment,Blu-ray Box Set,5,39.99,0.1,179.96,29.99,149.95,30.01
2025-02-12,EMEA,In-store,Apparel,Denim Jacket,3,69.99,0.1,188.97,34.99,104.97,84.0
2025-02-12,EMEA,In-store,Apparel,Running Tee,7,24.99,0.2,139.94,11.25,78.75,61.19
2025-02-12,EMEA,In-store,Beauty & Wellness,Collagen Powder,1,34.99,0.15,29.74,14.0,14.0,15.74
2025-02-12,EMEA,In-store,Home & Kitchen,Air Fryer,3,89.99,0.0,269.97,62.99,188.97,81.0
2025-02-12,EMEA,In-store,Home & Kitchen,Coffee Grinder,1,39.99,0.2,31.99,23.99,23.99,8.0
2025-02-12,EMEA,Online,Electronics,Smart Speaker,2,49.99,0.25,74.98,34.99,69.98,5.0
2025-02-12,EMEA,Online,Electronics,Wireless Earbuds,4,79.99,0.0,319.96,51.99,207.96,112.0
2025-02-12,LATAM,In-store,Apparel,Wool Socks 3-pack,2,14.99,0.0,29.98,6.0,12.0,17.98
2025-02-12,LATAM,Online,Apparel,Wool Socks 3-pack,3,14.99,0.0,44.97,6.0,18.0,26.97
2025-02-12,LATAM,Online,Beauty & Wellness,Electric Toothbrush,2,59.99,0.0,119.98,32.99,65.98,54.0
2025-02-12,North America,In-store,Beauty & Wellness,Electric Toothbrush,4,59.99,0.0,239.96,32.99,131.96,108.0
2025-02-12,North America,In-store,Home & Kitchen,Coffee Grinder,2,39.99,0.0,79.98,23.99,47.98,32.0
2025-02-12,UK & Ireland,Online,Apparel,Wool Socks 3-pack,5,14.99,0.0,74.95,6.0,30.0,44.95
2025-02-13,APAC,In-store,Electronics,Wireless Earbuds,5,79.99,0.2,319.96,51.99,259.95,60.01
2025-02-13,APAC,In-store,Media & Entertainment,Blu-ray Box Set,6,39.99,0.0,239.94,29.99,179.94,60.0
2025-02-13,EMEA,In-store,Apparel,Denim Jacket,6,69.99,0.15,356.95,34.99,209.94,147.01
2025-02-13,EMEA,In-store,Apparel,Running Tee,9,24.99,0.0,224.91,11.25,101.25,123.66
2025-02-13,EMEA,Online,Beauty & Wellness,Vitamin C Serum,1,29.99,0.2,23.99,10.5,10.5,13.49
2025-02-13,LATAM,Online,Beauty & Wellness,Electric Toothbrush,4,59.99,0.0,239.96,32.99,131.96,108.0
2025-02-13,UK & Ireland,In-store,Beauty & Wellness,Vitamin C Serum,6,29.99,0.0,179.94,10.5,63.0,116.94
2025-02-13,UK & Ireland,In-store,Electronics,Wireless Earbuds,6,79.99,0.0,479.94,51.99,311.94,168.0
2025-02-14,APAC,In-store,Apparel,Running Tee,5,24.99,0.25,93.71,11.25,56.25,37.46
2025-02-14,APAC,In-store,Beauty & Wellness,Electric Toothbrush,5,59.99,0.0,299.95,32.99,164.95,135.0
2025-02-14,North America,In-store,Apparel,Denim Jacket,5,69.99,0.0,349.95,34.99,174.95,175.0
2025-02-14,UK & Ireland,In-store,Apparel,Wool Socks 3-pack,6,14.99,0.0,89.94,6.0,36.0,53.94
2025-02-14,UK & Ireland,In-store,Beauty & Wellness,Collagen Powder,5,34.99,0.0,174.95,14.0,70.0,104.95
2025-02-14,UK & Ireland,In-store,Beauty & Wellness,Vitamin C Serum,9,29.99,0.0,269.91,10.5,94.5,175.41
2025-02-14,UK & Ireland,In-store,Electronics,Smart Speaker,7,49.99,0.0,349.93,34.99,244.93,105.0
2025-02-14,UK & Ireland,In-store,Electronics,Wireless Earbuds,5,79.99,0.0,399.95,51.99,259.95,140.0
2025-02-14,UK & Ireland,Online,Home & Kitchen,Air Fryer,5,89.99,0.0,449.95,62.99,314.95,135.0
2025-02-14,UK & Ireland,Online,Media & Entertainment,Board Game,1,34.99,0.0,34.99,19.24,19.24,15.75
2025-02-15,APAC,In-store,Beauty & Wellness,Electric Toothbrush,5,59.99,0.0,299.95,32.99,164.95,135.0
2025-02-15,APAC,In-store,Home & Kitchen,Cookware Set,3,129.99,0.15,331.47,84.49,253.47,78.0
2025-02-15,APAC,Online,Apparel,Running Tee,6,24.99,0.2,119.95,11.25,67.5,52.45
2025-02-15,APAC,Online,Beauty & Wellness,Electric Toothbrush,5,59.99,0.15,254.96,32.99,164.95,90.01
2025-02-15,EMEA,In-store,Beauty & Wellness,Collagen Powder,6,34.99,0.0,209.94,14.0,84.0,125.94
2025-02-15,EMEA,In-store,Beauty & Wellness,Vitamin C Serum,7,29.99,0.0,209.93,10.5,73.5,136.43
2025-02-15,EMEA,In-store,Media & Entertainment,Blu-ray Box Set,3,39.99,0.0,119.97,29.99,89.97,30.0
2025-02-15,EMEA,Online,Beauty & Wellness,Electric Toothbrush,7,59.99,0.15,356.94,32.99,230.93,126.01
2025-02-15,EMEA,Online,Beauty & Wellness,Vitamin C Serum,7,29.99,0.1,188.94,10.5,73.5,115.44
2025-02-15,LATAM,Online,Electronics,Wireless Earbuds,2,79.99,0.0,159.98,51.99,103.98,56.0
2025-02-15,LATAM,Online,Home & Kitchen,Air Fryer,5,89.99,0.2,359.96,62.99,314.95,45.01
2025-02-15,North America,In-store,Apparel,Wool Socks 3-pack,9,14.99,0.2,107.93,6.0,54.0,53.93
2025-02-15,North America,In-store,Beauty & Wellness,Collagen Powder,6,34.99,0.0,209.94,14.0,84.0,125.94
2025-02-15,North America,In-store,Beauty & Wellness,Electric Toothbrush,4,59.99,0.15,203.97,32.99,131.96,72.01
2025-02-16,APAC,In-store,Media & Entertainment,Board Game,11,34.99,0.0,384.89,19.24,211.64,173.25
2025-02-16,EMEA,In-store,Electronics,USB-C Charger,7,19.99,0.0,139.93,10.99,76.93,63.0
2025-02-16,LATAM,In-store,Beauty & Wellness,Collagen Powder,3,34.99,0.0,104.97,14.0,42.0,62.97
2025-02-16,LATAM,In-store,Home & Kitchen,Air Fryer,7,89.99,0.2,503.94,62.99,440.93,63.01
2025-02-16,LATAM,In-store,Media & Entertainment,Board Game,3,34.99,0.25,78.73,19.24,57.72,21.01
2025-02-16,LATAM,Online,Electronics,Smart Speaker,1,49.99,0.0,49.99,34.99,34.99,15.0
2025-02-16,North America,Online,Apparel,Denim Jacket,3,69.99,0.0,209.97,34.99,104.97,105.0
2025-02-16,North America,Online,Apparel,Wool Socks 3-pack,1,14.99,0.1,13.49,6.0,6.0,7.49
2025-02-16,North America,Online,Beauty & Wellness,Vitamin C Serum,3,29.99,0.1,80.97,10.5,31.5,49.47
2025-02-16,North America,Online,Electronics,Smart Speaker,4,49.99,0.1,179.96,34.99,139.96,40.0
2025-02-16,North America,Online,Electronics,Wireless Earbuds,7,79.99,0.2,447.94,51.99,363.93,84.01
2025-02-16,UK & Ireland,In-store,Electronics,Smart Speaker,9,49.99,0.0,449.91,34.99,314.91,135.0
2025-02-16,UK & Ireland,In-store,Electronics,USB-C Charger,9,19.99,0.0,179.91,10.99,98.91,81.0
2025-02-16,UK & Ireland,In-store,Home & Kitchen,Coffee Grinder,5,39.99,0.15,169.96,23.99,119.95,50.01
2025-02-16,UK & Ireland,In-store,Media & Entertainment,Blu-ray Box Set,2,39.99,0.2,63.98,29.99,59.98,4.0
2025-02-16,UK & Ireland,Online,Beauty & Wellness,Vitamin C Serum,3,29.99,0.2,71.98,10.5,31.5,40.48
2025-02-17,APAC,In-store,Beauty & Wellness,Electric Toothbrush,5,59.99,0.0,299.95,32.99,164.95,135.0
2025-02-17,APAC,In-store,Media & Entertainment,Vinyl Record,2,27.99,0.1,50.38,16.79,33.58,16.8
2025-02-17,APAC,Online,Electronics,Smart Speaker,1,49.99,0.1,44.99,34.99,34.99,10.0
2025-02-17,EMEA,In-store,Apparel,Running Tee,5,24.99,0.0,124.95,11.25,56.25,68.7
2025-02-17,EMEA,In-store,Home & Kitchen,Air Fryer,4,89.99,0.0,359.96,62.99,251.96,108.0
2025-02-17,EMEA,In-store,Media & Entertainment,Blu-ray Box Set,9,39.99,0.2,287.93,29.99,269.91,18.02
2025-02-17,EMEA,Online,Apparel,Denim Jacket,2,69.99,0.0,139.98,34.99,69.98,70.0
2025-02-17,EMEA,Online,Apparel,Running Tee,1,24.99,0.0,24.99,11.25,11.25,13.74
2025-02-17,EMEA,Online,Beauty & Wellness,Collagen Powder,1,34.99,0.0,34.99,14.0,14.0,20.99
2025-02-17,EMEA,Online,Beauty & Wellness,Electric Toothbrush,3,59.99,0.2,143.98,32.99,98.97,45.01
2025-02-17,LATAM,In-store,Beauty & Wellness,Collagen Powder,2,34.99,0.25,52.48,14.0,28.0,24.48
2025-02-17,LATAM,Online,Beauty & Wellness,Electric Toothbrush,1,59.99,0.0,59.99,32.99,32.99,27.0
2025-02-17,North America,In-store,Beauty & Wellness,Electric Toothbrush,3,59.99,0.25,134.98,32.99,98.97,36.01
2025-02-17,North America,In-store,Beauty & Wellness,Vitamin C Serum,8,29.99,0.1,215.93,10.5,84.0,131.93
2025-02-18,APAC,Online,Beauty & Wellness,Electric Toothbrush,3,59.99,0.15,152.97,32.99,98.97,54.0
2025-02-18,APAC,Online,Media & Entertainment,Blu-ray Box Set,2,39.99,0.15,67.98,29.99,59.98,8.0
2025-02-18,EMEA,Online,Beauty & Wellness,Vitamin C Serum,4,29.99,0.0,119.96,10.5,42.0,77.96
2025-02-18,EMEA,Online,Electronics,Wireless Earbuds,5,79.99,0.0,399.95,51.99,259.95,140.0
2025-02-18,EMEA,Online,Home & Kitchen,Cookware Set,2,129.99,0.0,259.98,84.49,168.98,91.0
2025-02-18,EMEA,Online,Media & Entertainment,Blu-ray Box Set,4,39.99,0.0,159.96,29.99,119.96,40.0
2025-02-18,North America,In-store,Electronics,Smart Speaker,5,49.99,0.0,249.95,34.99,174.95,75.0
2025-02-18,North America,Online,Apparel,Denim Jacket,1,69.99,0.0,69.99,34.99,34.99,35.0
2025-02-18,North America,Online,Home & Kitchen,Air Fryer,2,89.99,0.0,179.98,62.99,125.98,54.0
2025-02-18,UK & Ireland,In-store,Apparel,Wool Socks 3-pack,12,14.99,0.0,179.88,6.0,72.0,107.88
2025-02-18,UK & Ireland,In-store,Electronics,USB-C Charger,6,19.99,0.0,119.94,10.99,65.94,54.0
2025-02-18,UK & Ireland,Online,Media & Entertainment,Board Game,5,34.99,0.0,174.95,19.24,96.2,78.75
2025-02-19,APAC,In-store,Apparel,Denim Jacket,3,69.99,0.0,209.97,34.99,104.97,105.0
2025-02-19,APAC,Online,Electronics,USB-C Charger,4,19.99,0.1,71.96,10.99,43.96,28.0
2025-02-19,EMEA,In-store,Home & Kitchen,Air Fryer,3,89.99,0.0,269.97,62.99,188.97,81.0
2025-02-19,EMEA,In-store,Home & Kitchen,Cookware Set,2,129.99,0.0,259.98,84.49,168.98,91.0
2025-02-19,EMEA,Online,Home & Kitchen,Air Fryer,2,89.99,0.0,179.98,62.99,125.98,54.0
2025-02-19,EMEA,Online,Media & Entertainment,Blu-ray Box Set,5,39.99,0.2,159.96,29.99,149.95,10.01
2025-02-19,LATAM,In-store,Media & Entertainment,Board Game,5,34.99,0.0,174.95,19.24,96.2,78.75
2025-02-19,LATAM,In-store,Media & Entertainment,Vinyl Record,1,27.99,0.0,27.99,16.79,16.79,11.2
2025-02-19,LATAM,Online,Apparel,Running Tee,2,24.99,0.0,49.98,11.25,22.5,27.48
2025-02-19,LATAM,Online,Apparel,Wool Socks 3-pack,1,14.99,0.0,14.99,6.0,6.0,8.99
2025-02-19,LATAM,Online,Beauty & Wellness,Collagen Powder,2,34.99,0.0,69.98,14.0,28.0,41.98
2025-02-19,LATAM,Online,Media & Entertainment,Vinyl Record,6,27.99,0.0,167.94,16.79,100.74,67.2
2025-02-19,North America,Online,Electronics,Smart Speaker,3,49.99,0.0,149.97,34.99,104.97,45.0
2025-02-19,UK & Ireland,In-store,Beauty & Wellness,Electric Toothbrush,4,59.99,0.25,179.97,32.99,131.96,48.01
2025-02-19,UK & Ireland,In-store,Media & Entertainment,Vinyl Record,4,27.99,0.0,111.96,16.79,67.16,44.8
2025-02-19,UK & Ireland,Online,Home & Kitchen,Cookware Set,3,129.99,0.0,389.97,84.49,253.47,136.5
2025-02-20,APAC,Online,Beauty & Wellness,Vitamin C Serum,5,29.99,0.25,112.46,10.5,52.5,59.96
2025-02-20,EMEA,In-store,Apparel,Wool Socks 3-pack,5,14.99,0.0,74.95,6.0,30.0,44.95
2025-02-20,EMEA,In-store,Home & Kitchen,Cookware Set,5,129.99,0.0,649.95,84.49,422.45,227.5
2025-02-20,EMEA,Online,Apparel,Running Tee,1,24.99,0.15,21.24,11.25,11.25,9.99
2025-02-20,EMEA,Online,Beauty & Wellness,Vitamin C Serum,4,29.99,0.0,119.96,10.5,42.0,77.96
2025-02-20,North America,In-store,Apparel,Denim Jacket,3,69.99,0.0,209.97,34.99,104.97,105.0
2025-02-20,North America,Online,Beauty & Wellness,Collagen Powder,4,34.99,0.0,139.96,14.0,56.0,83.96
2025-02-20,North America,Online,Media & Entertainment,Blu-ray Box Set,4,39.99,0.2,127.97,29.99,119.96,8.01
2025-02-20,North America,Online,Media & Entertainment,Vinyl Record,1,27.99,0.0,27.99,16.79,16.79,11.2
2025-02-20,UK & Ireland,In-store,Home & Kitchen,Coffee Grinder,6,39.99,0.0,239.94,23.99,143.94,96.0
2025-02-20,UK & Ireland,Online,Apparel,Running Tee,3,24.99,0.0,74.97,11.25,33.75,41.22
2025-02-20,UK & Ireland,Online,Beauty & Wellness,Electric Toothbrush,1,59.99,0.0,59.99,32.99,32.99,27.0
2025-02-20,UK & Ireland,Online,Beauty & Wellness,Vitamin C Serum,1,29.99,0.2,23.99,10.5,10.5,13.49
2025-02-21,EMEA,In-store,Electronics,Smart Speaker,1,49.99,0.2,39.99,34.99,34.99,5.0
2025-02-21,EMEA,In-store,Home & Kitchen,Coffee Grinder,3,39.99,0.1,107.97,23.99,71.97,36.0
2025-02-21,EMEA,Online,Media & Entertainment,Vinyl Record,2,27.99,0.25,41.98,16.79,33.58,8.4
2025-02-21,LATAM,In-store,Media & Entertainment,Board Game,3,34.99,0.2,83.98,19.24,57.72,26.26
2025-02-21,LATAM,Online,Apparel,Wool Socks 3-pack,1,14.99,0.0,14.99,6.0,6.0,8.99
2025-02-21,LATAM,Online,Home & Kitchen,Cookware Set,1,129.99,0.0,129.99,84.49,84.49,45.5
2025-02-21,North America,In-store,Home & Kitchen,Cookware Set,5,129.99,0.25,487.46,84.49,422.45,65.01
2025-02-21,North America,Online,Apparel,Wool Socks 3-pack,2,14.99,0.2,23.98,6.0,12.0,11.98
2025-02-21,North America,Online,Beauty & Wellness,Collagen Powder,3,34.99,0.25,78.73,14.0,42.0,36.73
2025-02-21,UK & Ireland,Online,Beauty & Wellness,Collagen Powder,1,34.99,0.1,31.49,14.0,14.0,17.49
2025-02-21,UK & Ireland,Online,Beauty & Wellness,Vitamin C Serum,5,29.99,0.0,149.95,10.5,52.5,97.45
2025-02-22,APAC,Online,Home & Kitchen,Cookware Set,3,129.99,0.0,389.97,84.49,253.47,136.5
2025-02-22,EMEA,In-store,Apparel,Denim Jacket,3,69.99,0.0,209.97,34.99,104.97,105.0
2025-02-22,EMEA,In-store,Apparel,Running Tee,6,24.99,0.0,149.94,11.25,67.5,82.44
2025-02-22,EMEA,Online,Apparel,Denim Jacket,2,69.99,0.25,104.98,34.99,69.98,35.0
2025-02-22,EMEA,Online,Apparel,Running Tee,14,24.99,0.1,314.87,11.25,157.5,157.37
2025-02-22,EMEA,Online,Home & Kitchen,Coffee Grinder,2,39.99,0.25,59.98,23.99,47.98,12.0
2025-02-22,EMEA,Online,Media & Entertainment,Blu-ray Box Set,1,39.99,0.0,39.99,29.99,29.99,10.0
2025-02-22,LATAM,In-store,Media & Entertainment,Board Game,8,34.99,0.0,279.92,19.24,153.92,126.0
2025-02-22,LATAM,Online,Beauty & Wellness,Electric Toothbrush,1,59.99,0.25,44.99,32.99,32.99,12.0
2025-02-22,North America,In-store,Home & Kitchen,Air Fryer,7,89.99,0.0,629.93,62.99,440.93,189.0
2025-02-22,North America,Online,Apparel,Running Tee,2,24.99,0.0,49.98,11.25,22.5,27.48
2025-02-22,North America,Online,Beauty & Wellness,Vitamin C Serum,13,29.99,0.1,350.88,10.5,136.5,214.38
2025-02-22,UK & Ireland,In-store,Apparel,Wool Socks 3-pack,10,14.99,0.0,149.9,6.0,60.0,89.9
2025-02-22,UK & Ireland,In-store,Beauty & Wellness,Electric Toothbrush,6,59.99,0.1,323.95,32.99,197.94,126.01
2025-02-22,UK & Ireland,In-store,Home & Kitchen,Coffee Grinder,3,39.99,0.0,119.97,23.99,71.97,48.0
2025-02-22,UK & Ireland,Online,Apparel,Denim Jacket,2,69.99,0.2,111.98,34.99,69.98,42.0
2025-02-22,UK & Ireland,Online,Beauty & Wellness,Electric Toothbrush,4,59.99,0.0,239.96,32.99,131.96,108.0
2025-02-22,UK & Ireland,Online,Home & Kitchen,Coffee Grinder,2,39.99,0.2,63.98,23.99,47.98,16.0
2025-02-22,UK & Ireland,Online,Media & Entertainment,Board Game,3,34.99,0.0,104.97,19.24,57.72,47.25
2025-02-23,EMEA,In-store,Electronics,Smart Speaker,4,49.99,0.0,199.96,34.99,139.96,60.0
2025-02-23,EMEA,In-store,Electronics,USB-C Charger,8,19.99,0.0,159.92,10.99,87.92,72.0
2025-02-23,EMEA,Online,Beauty & Wellness,Collagen Powder,3,34.99,0.0,104.97,14.0,42.0,62.97
2025-02-23,EMEA,Online,Electronics,USB-C Charger,3,19.99,0.0,59.97,10.99,32.97,27.0
2025-02-23,North America,In-store,Beauty & Wellness,Collagen Powder,7,34.99,0.0,244.93,14.0,98.0,146.93
2025-02-23,North America,In-store,Beauty & Wellness,Vitamin C Serum,10,29.99,0.0,299.9,10.5,105.0,194.9
2025-02-23,North America,Online,Beauty & Wellness,Collagen Powder,4,34.99,0.0,139.96,14.0,56.0,83.96
2025-02-23,North America,Online,Beauty & Wellness,Vitamin C Serum,2,29.99,0.0,59.98,10.5,21.0,38.98
2025-02-23,North America,Online,Media & Entertainment,Blu-ray Box Set,3,39.99,0.0,119.97,29.99,89.97,30.0
2025-02-23,UK & Ireland,In-store,Media & Entertainment,Vinyl Record,1,27.99,0.0,27.99,16.79,16.79,11.2
2025-02-23,UK & Ireland,Online,Beauty & Wellness,Collagen Powder,1,34.99,0.1,31.49,14.0,14.0,17.49
2025-02-23,UK & Ireland,Online,Electronics,Wireless Earbuds,3,79.99,0.0,239.97,51.99,155.97,84.0
2025-02-24,APAC,In-store,Apparel,Denim Jacket,3,69.99,0.0,209.97,34.99,104.97,105.0
2025-02-24,APAC,In-store,Beauty & Wellness,Collagen Powder,2,34.99,0.2,55.98,14.0,28.0,27.98
2025-02-24,APAC,Online,Home & Kitchen,Cookware Set,2,129.99,0.0,259.98,84.49,168.98,91.0
2025-02-24,APAC,Online,Media & Entertainment,Blu-ray Box Set,3,39.99,0.0,119.97,29.99,89.97,30.0
2025-02-24,EMEA,In-store,Beauty & Wellness,Vitamin C Serum,10,29.99,0.0,299.9,10.5,105.0,194.9
2025-02-24,LATAM,In-store,Electronics,Smart Speaker,5,49.99,0.0,249.95,34.99,174.95,75.0
2025-02-24,LATAM,In-store,Media & Entertainment,Blu-ray Box Set,2,39.99,0.0,79.98,29.99,59.98,20.0
2025-02-24,LATAM,Online,Electronics,Smart Speaker,1,49.99,0.1,44.99,34.99,34.99,10.0
2025-02-24,UK & Ireland,Online,Electronics,USB-C Charger,4,19.99,0.0,79.96,10.99,43.96,36.0
2025-02-24,UK & Ireland,Online,Home & Kitchen,Air Fryer,1,89.99,0.25,67.49,62.99,62.99,4.5
2025-02-24,UK & Ireland,Online,Home & Kitchen,Coffee Grinder,2,39.99,0.0,79.98,23.99,47.98,32.0
2025-02-25,APAC,Online,Media & Entertainment,Vinyl Record,1,27.99,0.25,20.99,16.79,16.79,4.2
2025-02-25,EMEA,Online,Beauty & Wellness,Vitamin C Serum,5,29.99,0.0,149.95,10.5,52.5,97.45
2025-02-25,EMEA,Online,Electronics,USB-C Charger,2,19.99,0.25,29.98,10.99,21.98,8.0
2025-02-25,EMEA,Online,Home & Kitchen,Cookware Set,3,129.99,0.0,389.97,84.49,253.47,136.5
2025-02-25,LATAM,In-store,Apparel,Running Tee,3,24.99,0.0,74.97,11.25,33.75,41.22
2025-02-25,LATAM,In-store,Home & Kitchen,Coffee Grinder,4,39.99,0.0,159.96,23.99,95.96,64.0
2025-02-25,LATAM,Online,Media & Entertainment,Blu-ray Box Set,1,39.99,0.0,39.99,29.99,29.99,10.0
2025-02-25,North America,In-store,Apparel,Running Tee,5,24.99,0.0,124.95,11.25,56.25,68.7
2025-02-25,North America,In-store,Beauty & Wellness,Collagen Powder,5,34.99,0.15,148.71,14.0,70.0,78.71
2025-02-25,North America,In-store,Electronics,USB-C Charger,12,19.99,0.0,239.88,10.99,131.88,108.0
2025-02-25,North America,Online,Beauty & Wellness,Vitamin C Serum,3,29.99,0.0,89.97,10.5,31.5,58.47
2025-02-25,UK & Ireland,Online,Beauty & Wellness,Electric Toothbrush,3,59.99,0.0,179.97,32.99,98.97,81.0
2025-02-26,APAC,In-store,Apparel,Wool Socks 3-pack,5,14.99,0.0,74.95,6.0,30.0,44.95
2025-02-26,APAC,In-store,Home & Kitchen,Coffee Grinder,3,39.99,0.15,101.97,23.99,71.97,30.0
2025-02-26,APAC,Online,Home & Kitchen,Air Fryer,4,89.99,0.0,359.96,62.99,251.96,108.0
2025-02-26,EMEA,In-store,Beauty & Wellness,Collagen Powder,4,34.99,0.0,139.96,14.0,56.0,83.96
2025-02-26,EMEA,In-store,Electronics,Smart Speaker,9,49.99,0.2,359.93,34.99,314.91,45.02
2025-02-26,LATAM,In-store,Apparel,Wool Socks 3-pack,6,14.99,0.15,76.45,6.0,36.0,40.45
2025-02-26,LATAM,In-store,Media & Entertainment,Vinyl Record,1,27.99,0.2,22.39,16.79,16.79,5.6
2025-02-26,North America,In-store,Apparel,Denim Jacket,4,69.99,0.15,237.97,34.99,139.96,98.01
2025-02-26,North America,Online,Home & Kitchen,Cookware Set,2,129.99,0.1,233.98,84.49,168.98,65.0
2025-02-26,UK & Ireland,In-store,Apparel,Wool Socks 3-pack,6,14.99,0.0,89.94,6.0,36.0,53.94
2025-02-26,UK & Ireland,In-store,Home & Kitchen,Air Fryer,1,89.99,0.0,89.99,62.99,62.99,27.0
2025-02-26,UK & Ireland,Online,Media & Entertainment,Blu-ray Box Set,3,39.99,0.2,95.98,29.99,89.97,6.01
2025-02-27,APAC,Online,Electronics,Smart Speaker,2,49.99,0.0,99.98,34.99,69.98,30.0
2025-02-27,APAC,Online,Home & Kitchen,Cookware Set,3,129.99,0.0,389.97,84.49,253.47,136.5
2025-02-27,EMEA,In-store,Apparel,Running Tee,10,24.99,0.0,249.9,11.25,112.5,137.4
2025-02-27,EMEA,In-store,Beauty & Wellness,Vitamin C Serum,6,29.99,0.1,161.95,10.5,63.0,98.95
2025-02-27,EMEA,Online,Beauty & Wellness,Vitamin C Serum,5,29.99,0.0,149.95,10.5,52.5,97.45
2025-02-27,LATAM,In-store,Beauty & Wellness,Collagen Powder,7,34.99,0.0,244.93,14.0,98.0,146.93
2025-02-27,LATAM,Online,Apparel,Denim Jacket,2,69.99,0.0,139.98,34.99,69.98,70.0
2025-02-27,North America,Online,Beauty & Wellness,Collagen Powder,3,34.99,0.0,104.97,14.0,42.0,62.97
2025-02-27,North America,Online,Electronics,Smart Speaker,4,49.99,0.0,199.96,34.99,139.96,60.0
2025-02-27,UK & Ireland,In-store,Home & Kitchen,Air Fryer,6,89.99,0.15,458.95,62.99,377.94,81.01
2025-02-27,UK & Ireland,Online,Beauty & Wellness,Collagen Powder,3,34.99,0.0,104.97,14.0,42.0,62.97
2025-02-28,APAC,In-store,Electronics,Wireless Earbuds,9,79.99,0.15,611.92,51.99,467.91,144.01
2025-02-28,APAC,Online,Apparel,Running Tee,2,24.99,0.0,49.98,11.25,22.5,27.48
2025-02-28,EMEA,In-store,Beauty & Wellness,Electric Toothbrush,7,59.99,0.0,419.93,32.99,230.93,189.0
2025-02-28,EMEA,Online,Apparel,Running Tee,7,24.99,0.25,131.2,11.25,78.75,52.45
2025-02-28,EMEA,Online,Apparel,Wool Socks 3-pack,3,14.99,0.0,44.97,6.0,18.0,26.97
2025-02-28,EMEA,Online,Electronics,Smart Speaker,3,49.99,0.15,127.47,34.99,104.97,22.5
2025-02-28,EMEA,Online,Electronics,USB-C Charger,2,19.99,0.25,29.98,10.99,21.98,8.0
2025-02-28,LATAM,In-store,Apparel,Running Tee,3,24.99,0.1,67.47,11.25,33.75,33.72
2025-02-28,LATAM,In-store,Electronics,Smart Speaker,7,49.99,0.25,262.45,34.99,244.93,17.52
2025-02-28,LATAM,In-store,Home & Kitchen,Coffee Grinder,4,39.99,0.2,127.97,23.99,95.96,32.01
2025-02-28,LATAM,In-store,Home & Kitchen,Cookware Set,3,129.99,0.25,292.48,84.49,253.47,39.01
2025-02-28,LATAM,In-store,Media & Entertainment,Vinyl Record,3,27.99,0.0,83.97,16.79,50.37,33.6
2025-02-28,LATAM,Online,Beauty & Wellness,Vitamin C Serum,1,29.99,0.0,29.99,10.5,10.5,19.49
2025-02-28,LATAM,Online,Home & Kitchen,Cookware Set,2,129.99,0.1,233.98,84.49,168.98,65.0
2025-02-28,North America,In-store,Beauty & Wellness,Collagen Powder,6,34.99,0.0,209.94,14.0,84.0,125.94
2025-02-28,North America,In-store,Beauty & Wellness,Vitamin C Serum,4,29.99,0.0,119.96,10.5,42.0,77.96
2025-02-28,North America,In-store,Electronics,USB-C Charger,11,19.99,0.0,219.89,10.99,120.89,99.0
2025-02-28,North America,Online,Media & Entertainment,Board Game,3,34.99,0.0,104.97,19.24,57.72,47.25
2025-02-28,UK & Ireland,Online,Apparel,Running Tee,7,24.99,0.0,174.93,11.25,78.75,96.18
2025-03-01,APAC,In-store,Apparel,Denim Jacket,5,69.99,0.1,314.95,34.99,174.95,140.0
2025-03-01,APAC,In-store,Home & Kitchen,Air Fryer,3,89.99,0.0,269.97,62.99,188.97,81.0
2025-03-01,APAC,Online,Apparel,Wool Socks 3-pack,6,14.99,0.0,89.94,6.0,36.0,53.94
2025-03-01,APAC,Online,Electronics,Smart Speaker,1,49.99,0.0,49.99,34.99,34.99,15.0
2025-03-01,APAC,Online,Home & Kitchen,Cookware Set,4,129.99,0.25,389.97,84.49,337.96,52.01
2025-03-01,EMEA,Online,Electronics,Wireless Earbuds,3,79.99,0.25,179.98,51.99,155.97,24.01
2025-03-01,EMEA,Online,Media & Entertainment,Vinyl Record,1,27.99,0.25,20.99,16.79,16.79,4.2
2025-03-01,LATAM,In-store,Apparel,Running Tee,9,24.99,0.0,224.91,11.25,101.25,123.66
2025-03-01,North America,In-store,Home & Kitchen,Coffee Grinder,7,39.99,0.0,279.93,23.99,167.93,112.0
2025-03-01,North America,Online,Apparel,Denim Jacket,3,69.99,0.0,209.97,34.99,104.97,105.0
2025-03-01,North America,Online,Beauty & Wellness,Vitamin C Serum,3,29.99,0.1,80.97,10.5,31.5,49.47
2025-03-01,UK & Ireland,In-store,Media & Entertainment,Vinyl Record,2,27.99,0.0,55.98,16.79,33.58,22.4
2025-03-01,UK & Ireland,Online,Home & Kitchen,Coffee Grinder,1,39.99,0.15,33.99,23.99,23.99,10.0
2025-03-01,UK & Ireland,Online,Media & Entertainment,Board Game,2,34.99,0.1,62.98,19.24,38.48,24.5
2025-03-02,APAC,In-store,Apparel,Wool Socks 3-pack,6,14.99,0.15,76.45,6.0,36.0,40.45
2025-03-02,APAC,In-store,Electronics,USB-C Charger,9,19.99,0.0,179.91,10.99,98.91,81.0
2025-03-02,APAC,In-store,Media & Entertainment,Board Game,2,34.99,0.0,69.98,19.24,38.48,31.5
2025-03-02,APAC,In-store,Media & Entertainment,Vinyl Record,5,27.99,0.0,139.95,16.79,83.95,56.0
2025-03-02,EMEA,In-store,Media & Entertainment,Blu-ray Box Set,9,39.99,0.2,287.93,29.99,269.91,18.02
2025-03-02,EMEA,In-store,Media & Entertainment,Board Game,5,34.99,0.1,157.46,19.24,96.2,61.26
2025-03-02,EMEA,Online,Beauty & Wellness,Collagen Powder,3,34.99,0.0,104.97,14.0,42.0,62.97
2025-03-02,EMEA,Online,Home & Kitchen,Cookware Set,2,129.99,0.2,207.98,84.49,168.98,39.0
2025-03-02,LATAM,In-store,Beauty & Wellness,Electric Toothbrush,2,59.99,0.0,119.98,32.99,65.98,54.0
2025-03-02,LATAM,In-store,Home & Kitchen,Cookware Set,2,129.99,0.15,220.98,84.49,168.98,52.0
2025-03-02,LATAM,Online,Apparel,Denim Jacket,1,69.99,0.0,69.99,34.99,34.99,35.0
2025-03-02,LATAM,Online,Beauty & Wellness,Vitamin C Serum,6,29.99,0.2,143.95,10.5,63.0,80.95
2025-03-02,LATAM,Online,Home & Kitchen,Air Fryer,3,89.99,0.0,269.97,62.99,188.97,81.0
2025-03-02,North America,Online,Apparel,Wool Socks 3-pack,6,14.99,0.0,89.94,6.0,36.0,53.94
2025-03-02,North America,Online,Beauty & Wellness,Vitamin C Serum,3,29.99,0.0,89.97,10.5,31.5,58.47
2025-03-02,North America,Online,Media & Entertainment,Vinyl Record,3,27.99,0.1,75.57,16.79,50.37,25.2
2025-03-02,UK & Ireland,In-store,Apparel,Denim Jacket,2,69.99,0.1,125.98,34.99,69.98,56.0
2025-03-02,UK & Ireland,In-store,Home & Kitchen,Air Fryer,3,89.99,0.0,269.97,62.99,188.97,81.0
2025-03-02,UK & Ireland,In-store,Media & Entertainment,Vinyl Record,4,27.99,0.0,111.96,16.79,67.16,44.8
2025-03-02,UK & Ireland,Online,Electronics,Smart Speaker,4,49.99,0.0,199.96,34.99,139.96,60.0
2025-03-03,APAC,In-store,Electronics,Wireless Earbuds,6,79.99,0.1,431.95,51.99,311.94,120.01
2025-03-03,APAC,In-store,Media & Entertainment,Vinyl Record,8,27.99,0.0,223.92,16.79,134.32,89.6
2025-03-03,APAC,Online,Beauty & Wellness,Electric Toothbrush,2,59.99,0.0,119.98,32.99,65.98,54.0
2025-03-03,EMEA,In-store,Home & Kitchen,Cookware Set,6,129.99,0.0,779.94,84.49,506.94,273.0
2025-03-03,EMEA,Online,Electronics,Wireless Earbuds,2,79.99,0.0,159.98,51.99,103.98,56.0
2025-03-03,LATAM,In-store,Beauty & Wellness,Collagen Powder,1,34.99,0.0,34.99,14.0,14.0,20.99
2025-03-03,LATAM,Online,Electronics,Wireless Earbuds,8,79.99,0.0,639.92,51.99,415.92,224.0
2025-03-03,UK & Ireland,In-store,Apparel,Running Tee,11,24.99,0.0,274.89,11.25,123.75,151.14
2025-03-03,UK & Ireland,In-store,Beauty & Wellness,Electric Toothbrush,4,59.99,0.0,239.96,32.99,131.96,108.0
2025-03-04,APAC,In-store,Home & Kitchen,Coffee Grinder,2,39.99,0.0,79.98,23.99,47.98,32.0
2025-03-04,APAC,In-store,Media & Entertainment,Blu-ray Box Set,7,39.99,0.0,279.93,29.99,209.93,70.0
2025-03-04,APAC,In-store,Media & Entertainment,Vinyl Record,3,27.99,0.0,83.97,16.79,50.37,33.6
2025-03-04,APAC,Online,Electronics,Smart Speaker,3,49.99,0.2,119.98,34.99,104.97,15.01
2025-03-04,APAC,Online,Home & Kitchen,Coffee Grinder,2,39.99,0.0,79.98,23.99,47.98,32.0
2025-03-04,EMEA,In-store,Apparel,Wool Socks 3-pack,4,14.99,0.25,44.97,6.0,24.0,20.97
2025-03-04,EMEA,In-store,Media & Entertainment,Blu-ray Box Set,3,39.99,0.15,101.97,29.99,89.97,12.0
2025-03-04,EMEA,Online,Apparel,Denim Jacket,2,69.99,0.0,139.98,34.99,69.98,70.0
2025-03-04,EMEA,Online,Home & Kitchen,Coffee Grinder,1,39.99,0.0,39.99,23.99,23.99,16.0
2025-03-04,LATAM,In-store,Apparel,Wool Socks 3-pack,8,14.99,0.0,119.92,6.0,48.0,71.92
2025-03-04,LATAM,In-store,Beauty & Wellness,Collagen Powder,2,34.99,0.25,52.48,14.0,28.0,24.48
2025-03-04,LATAM,In-store,Beauty & Wellness,Electric Toothbrush,2,59.99,0.0,119.98,32.99,65.98,54.0
2025-03-04,North America,In-store,Electronics,USB-C Charger,10,19.99,0.0,199.9,10.99,109.9,90.0
2025-03-04,UK & Ireland,In-store,Beauty & Wellness,Electric Toothbrush,3,59.99,0.0,179.97,32.99,98.97,81.0
2025-03-04,UK & Ireland,In-store,Beauty & Wellness,Vitamin C Serum,5,29.99,0.25,112.46,10.5,52.5,59.96
2025-03-04,UK & Ireland,In-store,Media & Entertainment,Vinyl Record,3,27.99,0.25,62.98,16.79,50.37,12.61
2025-03-04,UK & Ireland,Online,Home & Kitchen,Coffee Grinder,3,39.99,0.1,107.97,23.99,71.97,36.0
2025-03-04,UK & Ireland,Online,Media & Entertainment,Board Game,2,34.99,0.0,69.98,19.24,38.48,31.5
2025-03-05,APAC,In-store,Apparel,Running Tee,10,24.99,0.15,212.41,11.25,112.5,99.91
2025-03-05,APAC,Online,Home & Kitchen,Air Fryer,2,89.99,0.0,179.98,62.99,125.98,54.0
2025-03-05,EMEA,In-store,Home & Kitchen,Cookware Set,6,129.99,0.0,779.94,84.49,506.94,273.0
2025-03-05,LATAM,In-store,Media & Entertainment,Blu-ray Box Set,3,39.99,0.0,119.97,29.99,89.97,30.0
2025-03-05,LATAM,Online,Beauty & Wellness,Vitamin C Serum,1,29.99,0.0,29.99,10.5,10.5,19.49
2025-03-05,North America,Online,Home & Kitchen,Air Fryer,4,89.99,0.15,305.97,62.99,251.96,54.01
2025-03-05,North America,Online,Home & Kitchen,Cookware Set,1,129.99,0.0,129.99,84.49,84.49,45.5
2025-03-05,North America,Online,Media & Entertainment,Blu-ray Box Set,5,39.99,0.0,199.95,29.99,149.95,50.0
2025-03-05,UK & Ireland,In-store,Apparel,Wool Socks 3-pack,6,14.99,0.0,89.94,6.0,36.0,53.94
2025-03-05,UK & Ireland,Online,Apparel,Denim Jacket,2,69.99,0.0,139.98,34.99,69.98,70.0
2025-03-06,APAC,In-store,Home & Kitchen,Coffee Grinder,4,39.99,0.0,159.96,23.99,95.96,64.0
2025-03-06,APAC,Online,Electronics,Smart Speaker,2,49.99,0.2,79.98,34.99,69.98,10.0
2025-03-06,EMEA,In-store,Electronics,Wireless Earbuds,15,79.99,0.15,1019.87,51.99,779.85,240.02
2025-03-06,EMEA,Online,Electronics,Wireless Earbuds,7,79.99,0.0,559.93,51.99,363.93,196.0
2025-03-06,LATAM,In-store,Electronics,Smart Speaker,5,49.99,0.2,199.96,34.99,174.95,25.01
2025-03-06,LATAM,In-store,Electronics,USB-C Charger,8,19.99,0.0,159.92,10.99,87.92,72.0
2025-03-06,LATAM,In-store,Electronics,Wireless Earbuds,7,79.99,0.0,559.93,51.99,363.93,196.0
2025-03-06,North America,Online,Electronics,Wireless Earbuds,4,79.99,0.2,255.97,51.99,207.96,48.01
2025-03-06,North America,Online,Home & Kitchen,Coffee Grinder,6,39.99,0.2,191.95,23.99,143.94,48.01
2025-03-06,North America,Online,Home & Kitchen,Cookware Set,5,129.99,0.0,649.95,84.49,422.45,227.5
2025-03-06,UK & Ireland,In-store,Home & Kitchen,Air Fryer,5,89.99,0.0,449.95,62.99,314.95,135.0
2025-03-06,UK & Ireland,Online,Home & Kitchen,Air Fryer,4,89.99,0.0,359.96,62.99,251.96,108.0
2025-03-07,APAC,In-store,Electronics,Smart Speaker,8,49.99,0.25,299.94,34.99,279.92,20.02
2025-03-07,APAC,In-store,Home & Kitchen,Air Fryer,6,89.99,0.1,485.95,62.99,377.94,108.01
2025-03-07,APAC,Online,Apparel,Denim Jacket,3,69.99,0.0,209.97,34.99,104.97,105.0
2025-03-07,APAC,Online,Home & Kitchen,Coffee Grinder,6,39.99,0.2,191.95,23.99,143.94,48.01
2025-03-07,EMEA,In-store,Beauty & Wellness,Vitamin C Serum,14,29.99,0.15,356.88,10.5,147.0,209.88
2025-03-07,EMEA,Online,Apparel,Wool Socks 3-pack,6,14.99,0.1,80.95,6.0,36.0,44.95
2025-03-07,LATAM,In-store,Electronics,Smart Speaker,5,49.99,0.25,187.46,34.99,174.95,12.51
2025-03-07,LATAM,Online,Home & Kitchen,Air Fryer,5,89.99,0.0,449.95,62.99,314.95,135.0
2025-03-07,LATAM,Online,Media & Entertainment,Blu-ray Box Set,4,39.99,0.0,159.96,29.99,119.96,40.0
2025-03-07,North America,In-store,Home & Kitchen,Air Fryer,10,89.99,0.2,719.92,62.99,629.9,90.02
2025-03-07,North America,In-store,Media & Entertainment,Blu-ray Box Set,4,39.99,0.15,135.97,29.99,119.96,16.01
2025-03-07,North America,Online,Apparel,Running Tee,4,24.99,0.15,84.97,11.25,45.0,39.97
2025-03-07,UK & Ireland,Online,Apparel,Running Tee,9,24.99,0.0,224.91,11.25,101.25,123.66
2025-03-07,UK & Ireland,Online,Home & Kitchen,Air Fryer,3,89.99,0.0,269.97,62.99,188.97,81.0
2025-03-08,APAC,In-store,Beauty & Wellness,Vitamin C Serum,5,29.99,0.0,149.95,10.5,52.5,97.45
2025-03-08,APAC,In-store,Electronics,Wireless Earbuds,8,79.99,0.0,639.92,51.99,415.92,224.0
2025-03-08,EMEA,In-store,Apparel,Denim Jacket,1,69.99,0.2,55.99,34.99,34.99,21.0
2025-03-08,EMEA,In-store,Electronics,Wireless Earbuds,14,79.99,0.0,1119.86,51.99,727.86,392.0
2025-03-08,EMEA,Online,Electronics,USB-C Charger,16,19.99,0.15,271.86,10.99,175.84,96.02
2025-03-08,LATAM,In-store,Apparel,Running Tee,6,24.99,0.0,149.94,11.25,67.5,82.44
2025-03-08,North America,In-store,Home & Kitchen,Cookware Set,10,129.99,0.0,1299.9,84.49,844.9,455.0
2025-03-08,North America,In-store,Media & Entertainment,Board Game,5,34.99,0.0,174.95,19.24,96.2,78.75
2025-03-08,North America,Online,Media & Entertainment,Board Game,4,34.99,0.0,139.96,19.24,76.96,63.0
2025-03-08,UK & Ireland,In-store,Apparel,Wool Socks 3-pack,14,14.99,0.2,167.89,6.0,84.0,83.89
2025-03-08,UK & Ireland,Online,Apparel,Denim Jacket,4,69.99,0.0,279.96,34.99,139.96,140.0
2025-03-08,UK & Ireland,Online,Electronics,Smart Speaker,6,49.99,0.0,299.94,34.99,209.94,90.0
2025-03-09,APAC,Online,Beauty & Wellness,Electric Toothbrush,1,59.99,0.2,47.99,32.99,32.99,15.0
2025-03-09,APAC,Online,Electronics,Smart Speaker,5,49.99,0.0,249.95,34.99,174.95,75.0
2025-03-09,EMEA,Online,Beauty & Wellness,Electric Toothbrush,7,59.99,0.25,314.95,32.99,230.93,84.02
2025-03-09,LATAM,Online,Beauty & Wellness,Vitamin C Serum,1,29.99,0.0,29.99,10.5,10.5,19.49
2025-03-09,North America,In-store,Media & Entertainment,Vinyl Record,10,27.99,0.1,251.91,16.79,167.9,84.01
2025-03-09,North America,Online,Beauty & Wellness,Electric Toothbrush,1,59.99,0.0,59.99,32.99,32.99,27.0
2025-03-09,UK & Ireland,Online,Home & Kitchen,Cookware Set,3,129.99,0.0,389.97,84.49,253.47,136.5
2025-03-10,APAC,In-store,Electronics,USB-C Charger,10,19.99,0.0,199.9,10.99,109.9,90.0
2025-03-10,APAC,Online,Home & Kitchen,Air Fryer,2,89.99,0.25,134.98,62.99,125.98,9.0
2025-03-10,EMEA,Online,Electronics,Wireless Earbuds,9,79.99,0.25,539.93,51.99,467.91,72.02
2025-03-10,LATAM,In-store,Beauty & Wellness,Collagen Powder,6,34.99,0.0,209.94,14.0,84.0,125.94
2025-03-10,LATAM,In-store,Media & Entertainment,Blu-ray Box Set,3,39.99,0.0,119.97,29.99,89.97,30.0
2025-03-10,LATAM,In-store,Media & Entertainment,Board Game,3,34.99,0.0,104.97,19.24,57.72,47.25
2025-03-10,LATAM,Online,Electronics,Smart Speaker,3,49.99,0.15,127.47,34.99,104.97,22.5
2025-03-10,North America,In-store,Apparel,Wool Socks 3-pack,6,14.99,0.0,89.94,6.0,36.0,53.94
2025-03-10,UK & Ireland,In-store,Beauty & Wellness,Electric Toothbrush,2,59.99,0.0,119.98,32.99,65.98,54.0
2025-03-10,UK & Ireland,In-store,Electronics,Smart Speaker,2,49.99,0.0,99.98,34.99,69.98,30.0
2025-03-10,UK & Ireland,In-store,Media & Entertainment,Board Game,1,34.99,0.0,34.99,19.24,19.24,15.75
2025-03-10,UK & Ireland,Online,Apparel,Running Tee,3,24.99,0.0,74.97,11.25,33.75,41.22
2025-03-10,UK & Ireland,Online,Electronics,Wireless Earbuds,2,79.99,0.0,159.98,51.99,103.98,56.0
2025-03-10,UK & Ireland,Online,Media & Entertainment,Vinyl Record,1,27.99,0.0,27.99,16.79,16.79,11.2
2025-03-11,APAC,In-store,Apparel,Denim Jacket,2,69.99,0.0,139.98,34.99,69.98,70.0
2025-03-11,APAC,Online,Electronics,Smart Speaker,2,49.99,0.0,99.98,34.99,69.98,30.0
2025-03-11,EMEA,Online,Beauty & Wellness,Electric Toothbrush,3,59.99,0.2,143.98,32.99,98.97,45.01
2025-03-11,EMEA,Online,Electronics,Wireless Earbuds,2,79.99,0.2,127.98,51.99,103.98,24.0
2025-03-11,LATAM,In-store,Beauty & Wellness,Electric Toothbrush,4,59.99,0.0,239.96,32.99,131.96,108.0
2025-03-11,LATAM,Online,Apparel,Denim Jacket,1,69.99,0.0,69.99,34.99,34.99,35.0
2025-03-11,North America,In-store,Electronics,Smart Speaker,5,49.99,0.0,249.95,34.99,174.95,75.0
2025-03-11,UK & Ireland,In-store,Beauty & Wellness,Collagen Powder,5,34.99,0.1,157.46,14.0,70.0,87.46
2025-03-11,UK & Ireland,In-store,Electronics,Smart Speaker,7,49.99,0.0,349.93,34.99,244.93,105.0
2025-03-11,UK & Ireland,Online,Home & Kitchen,Air Fryer,6,89.99,0.0,539.94,62.99,377.94,162.0
2025-03-12,APAC,Online,Beauty & Wellness,Electric Toothbrush,1,59.99,0.1,53.99,32.99,32.99,21.0
2025-03-12,EMEA,In-store,Apparel,Running Tee,10,24.99,0.0,249.9,11.25,112.5,137.4
2025-03-12,EMEA,Online,Beauty & Wellness,Electric Toothbrush,1,59.99,0.0,59.99,32.99,32.99,27.0
2025-03-12,LATAM,In-store,Media & Entertainment,Blu-ray Box Set,4,39.99,0.1,143.96,29.99,119.96,24.0
2025-03-12,North America,In-store,Beauty & Wellness,Electric Toothbrush,6,59.99,0.0,359.94,32.99,197.94,162.0
2025-03-12,North America,In-store,Beauty & Wellness,Vitamin C Serum,11,29.99,0.15,280.41,10.5,115.5,164.91
2025-03-12,North America,In-store,Electronics,USB-C Charger,6,19.99,0.0,119.94,10.99,65.94,54.0
2025-03-12,North America,In-store,Home & Kitchen,Cookware Set,3,129.99,0.0,389.97,84.49,253.47,136.5
2025-03-12,North America,In-store,Media & Entertainment,Vinyl Record,9,27.99,0.0,251.91,16.79,151.11,100.8
2025-03-12,UK & Ireland,Online,Media & Entertainment,Vinyl Record,2,27.99,0.0,55.98,16.79,33.58,22.4
2025-03-13,APAC,In-store,Apparel,Running Tee,6,24.99,0.0,149.94,11.25,67.5,82.44
2025-03-13,APAC,In-store,Home & Kitchen,Cookware Set,4,129.99,0.25,389.97,84.49,337.96,52.01
2025-03-13,APAC,Online,Apparel,Denim Jacket,2,69.99,0.0,139.98,34.99,69.98,70.0
2025-03-13,APAC,Online,Electronics,USB-C Charger,3,19.99,0.0,59.97,10.99,32.97,27.0
2025-03-13,APAC,Online,Home & Kitchen,Cookware Set,2,129.99,0.25,194.99,84.49,168.98,26.01
2025-03-13,EMEA,In-store,Electronics,USB-C Charger,9,19.99,0.0,179.91,10.99,98.91,81.0
2025-03-13,LATAM,In-store,Beauty & Wellness,Collagen Powder,3,34.99,0.0,104.97,14.0,42.0,62.97
2025-03-13,LATAM,In-store,Electronics,Wireless Earbuds,4,79.99,0.0,319.96,51.99,207.96,112.0
2025-03-13,LATAM,In-store,Home & Kitchen,Cookware Set,4,129.99,0.0,519.96,84.49,337.96,182.0
2025-03-13,LATAM,Online,Apparel,Wool Socks 3-pack,1,14.99,0.0,14.99,6.0,6.0,8.99
2025-03-13,LATAM,Online,Beauty & Wellness,Collagen Powder,1,34.99,0.15,29.74,14.0,14.0,15.74
2025-03-13,North America,Online,Media & Entertainment,Vinyl Record,3,27.99,0.0,83.97,16.79,50.37,33.6
2025-03-14,APAC,In-store,Apparel,Wool Socks 3-pack,5,14.99,0.0,74.95,6.0,30.0,44.95
2025-03-14,APAC,In-store,Beauty & Wellness,Vitamin C Serum,7,29.99,0.2,167.94,10.5,73.5,94.44
2025-03-14,APAC,In-store,Home & Kitchen,Coffee Grinder,8,39.99,0.0,319.92,23.99,191.92,128.0
2025-03-14,APAC,Online,Electronics,Smart Speaker,8,49.99,0.0,399.92,34.99,279.92,120.0
2025-03-14,APAC,Online,Media & Entertainment,Board Game,3,34.99,0.0,104.97,19.24,57.72,47.25
2025-03-14,EMEA,Online,Electronics,Smart Speaker,4,49.99,0.0,199.96,34.99,139.96,60.0
2025-03-14,EMEA,Online,Media & Entertainment,Board Game,3,34.99,0.1,94.47,19.24,57.72,36.75
2025-03-14,LATAM,In-store,Apparel,Running Tee,3,24.99,0.0,74.97,11.25,33.75,41.22
2025-03-14,North America,In-store,Apparel,Running Tee,15,24.99,0.0,374.85,11.25,168.75,206.1
2025-03-14,North America,In-store,Home & Kitchen,Air Fryer,12,89.99,0.25,809.91,62.99,755.88,54.03
2025-03-14,North America,In-store,Home & Kitchen,Cookware Set,3,129.99,0.0,389.97,84.49,253.47,136.5
2025-03-14,UK & Ireland,In-store,Beauty & Wellness,Collagen Powder,7,34.99,0.25,183.7,14.0,98.0,85.7
2025-03-14,UK & Ireland,In-store,Media & Entertainment,Blu-ray Box Set,7,39.99,0.0,279.93,29.99,209.93,70.0
2025-03-15,APAC,In-store,Media & Entertainment,Board Game,8,34.99,0.25,209.94,19.24,153.92,56.02
2025-03-15,APAC,Online,Beauty & Wellness,Vitamin C Serum,6,29.99,0.15,152.95,10.5,63.0,89.95
2025-03-15,APAC,Online,Electronics,USB-C Charger,6,19.99,0.0,119.94,10.99,65.94,54.0
2025-03-15,EMEA,In-store,Home & Kitchen,Air Fryer,8,89.99,0.0,719.92,62.99,503.92,216.0
2025-03-15,EMEA,Online,Apparel,Wool Socks 3-pack,3,14.99,0.0,44.97,6.0,18.0,26.97
2025-03-15,LATAM,Online,Electronics,USB-C Charger,11,19.99,0.0,219.89,10.99,120.89,99.0
2025-03-15,North America,Online,Beauty & Wellness,Vitamin C Serum,3,29.99,0.1,80.97,10.5,31.5,49.47
2025-03-15,UK & Ireland,In-store,Home & Kitchen,Air Fryer,8,89.99,0.0,719.92,62.99,503.92,216.0
2025-03-15,UK & Ireland,Online,Beauty & Wellness,Electric Toothbrush,6,59.99,0.1,323.95,32.99,197.94,126.01
2025-03-15,UK & Ireland,Online,Beauty & Wellness,Vitamin C Serum,3,29.99,0.0,89.97,10.5,31.5,58.47
2025-03-15,UK & Ireland,Online,Home & Kitchen,Cookware Set,3,129.99,0.0,389.97,84.49,253.47,136.5
2025-03-16,APAC,In-store,Beauty & Wellness,Vitamin C Serum,8,29.99,0.25,179.94,10.5,84.0,95.94
2025-03-16,APAC,In-store,Electronics,Wireless Earbuds,15,79.99,0.0,1199.85,51.99,779.85,420.0
2025-03-16,APAC,Online,Beauty & Wellness,Collagen Powder,3,34.99,0.1,94.47,14.0,42.0,52.47
2025-03-16,EMEA,In-store,Home & Kitchen,Cookware Set,2,129.99,0.0,259.98,84.49,168.98,91.0
2025-03-16,EMEA,In-store,Media & Entertainment,Board Game,6,34.99,0.0,209.94,19.24,115.44,94.5
2025-03-16,EMEA,Online,Apparel,Denim Jacket,2,69.99,0.0,139.98,34.99,69.98,70.0
2025-03-16,LATAM,In-store,Home & Kitchen,Air Fryer,6,89.99,0.0,539.94,62.99,377.94,162.0
2025-03-16,LATAM,Online,Beauty & Wellness,Electric Toothbrush,3,59.99,0.2,143.98,32.99,98.97,45.01
2025-03-16,LATAM,Online,Home & Kitchen,Cookware Set,2,129.99,0.15,220.98,84.49,168.98,52.0
2025-03-16,North America,In-store,Beauty & Wellness,Collagen Powder,8,34.99,0.25,209.94,14.0,112.0,97.94
2025-03-16,North America,In-store,Electronics,Smart Speaker,7,49.99,0.1,314.94,34.99,244.93,70.01
2025-03-16,North America,In-store,Electronics,USB-C Charger,5,19.99,0.1,89.95,10.99,54.95,35.0
2025-03-16,North America,In-store,Electronics,Wireless Earbuds,14,79.99,0.15,951.88,51.99,727.86,224.02
2025-03-16,North America,Online,Apparel,Wool Socks 3-pack,4,14.99,0.2,47.97,6.0,24.0,23.97
2025-03-16,North America,Online,Media & Entertainment,Vinyl Record,3,27.99,0.0,83.97,16.79,50.37,33.6
2025-03-16,UK & Ireland,In-store,Apparel,Running Tee,8,24.99,0.25,149.94,11.25,90.0,59.94
2025-03-16,UK & Ireland,In-store,Home & Kitchen,Cookware Set,3,129.99,0.0,389.97,84.49,253.47,136.5
2025-03-16,UK & Ireland,Online,Apparel,Denim Jacket,1,69.99,0.25,52.49,34.99,34.99,17.5
2025-03-16,UK & Ireland,Online,Apparel,Running Tee,9,24.99,0.0,224.91,11.25,101.25,123.66
2025-03-16,UK & Ireland,Online,Apparel,Wool Socks 3-pack,4,14.99,0.1,53.96,6.0,24.0,29.96
2025-03-16,UK & Ireland,Online,Beauty & Wellness,Electric Toothbrush,5,59.99,0.1,269.95,32.99,164.95,105.0
2025-03-16,UK & Ireland,Online,Electronics,USB-C Charger,9,19.99,0.25,134.93,10.99,98.91,36.02
2025-03-17,APAC,Online,Apparel,Running Tee,3,24.99,0.2,59.98,11.25,33.75,26.23
2025-03-17,EMEA,Online,Beauty & Wellness,Vitamin C Serum,2,29.99,0.2,47.98,10.5,21.0,26.98
2025-03-17,EMEA,Online,Media & Entertainment,Board Game,2,34.99,0.0,69.98,19.24,38.48,31.5
2025-03-17,LATAM,In-store,Apparel,Wool Socks 3-pack,7,14.99,0.2,83.94,6.0,42.0,41.94
2025-03-17,LATAM,In-store,Beauty & Wellness,Electric Toothbrush,6,59.99,0.0,359.94,32.99,197.94,162.0
2025-03-17,LATAM,In-store,Media & Entertainment,Blu-ray Box Set,4,39.99,0.0,159.96,29.99,119.96,40.0
2025-03-17,LATAM,Online,Apparel,Denim Jacket,2,69.99,0.0,139.98,34.99,69.98,70.0
2025-03-17,LATAM,Online,Home & Kitchen,Air Fryer,1,89.99,0.0,89.99,62.99,62.99,27.0
2025-03-17,North America,In-store,Apparel,Running Tee,15,24.99,0.25,281.14,11.25,168.75,112.39
2025-03-17,North America,In-store,Beauty & Wellness,Collagen Powder,4,34.99,0.15,118.97,14.0,56.0,62.97
2025-03-17,North America,In-store,Beauty & Wellness,Electric Toothbrush,3,59.99,0.15,152.97,32.99,98.97,54.0
2025-03-17,North America,In-store,Home & Kitchen,Air Fryer,4,89.99,0.1,323.96,62.99,251.96,72.0
2025-03-17,UK & Ireland,Online,Beauty & Wellness,Vitamin C Serum,1,29.99,0.0,29.99,10.5,10.5,19.49
2025-03-18,APAC,In-store,Beauty & Wellness,Vitamin C Serum,3,29.99,0.0,89.97,10.5,31.5,58.47
2025-03-18,APAC,Online,Apparel,Wool Socks 3-pack,2,14.99,0.0,29.98,6.0,12.0,17.98
2025-03-18,APAC,Online,Media & Entertainment,Board Game,4,34.99,0.1,125.96,19.24,76.96,49.0
2025-03-18,EMEA,In-store,Home & Kitchen,Coffee Grinder,2,39.99,0.0,79.98,23.99,47.98,32.0
2025-03-18,EMEA,In-store,Media & Entertainment,Blu-ray Box Set,3,39.99,0.15,101.97,29.99,89.97,12.0
2025-03-18,EMEA,In-store,Media & Entertainment,Board Game,4,34.99,0.0,139.96,19.24,76.96,63.0
2025-03-18,LATAM,Online,Media & Entertainment,Blu-ray Box Set,2,39.99,0.0,79.98,29.99,59.98,20.0
2025-03-18,North America,In-store,Electronics,USB-C Charger,9,19.99,0.0,179.91,10.99,98.91,81.0
2025-03-18,UK & Ireland,In-store,Electronics,USB-C Charger,10,19.99,0.25,149.92,10.99,109.9,40.02
2025-03-18,UK & Ireland,In-store,Media & Entertainment,Board Game,6,34.99,0.0,209.94,19.24,115.44,94.5
2025-03-18,UK & Ireland,Online,Home & Kitchen,Cookware Set,3,129.99,0.0,389.97,84.49,253.47,136.5
2025-03-19,APAC,In-store,Electronics,Smart Speaker,7,49.99,0.0,349.93,34.99,244.93,105.0
2025-03-19,APAC,In-store,Home & Kitchen,Coffee Grinder,5,39.99,0.0,199.95,23.99,119.95,80.0
2025-03-19,APAC,Online,Electronics,Wireless Earbuds,4,79.99,0.1,287.96,51.99,207.96,80.0
2025-03-19,EMEA,In-store,Home & Kitchen,Cookware Set,1,129.99,0.0,129.99,84.49,84.49,45.5
2025-03-19,EMEA,Online,Apparel,Denim Jacket,7,69.99,0.25,367.45,34.99,244.93,122.52
2025-03-19,LATAM,In-store,Home & Kitchen,Cookware Set,1,129.99,0.0,129.99,84.49,84.49,45.5
2025-03-19,LATAM,Online,Beauty & Wellness,Collagen Powder,4,34.99,0.0,139.96,14.0,56.0,83.96
2025-03-19,LATAM,Online,Home & Kitchen,Cookware Set,2,129.99,0.0,259.98,84.49,168.98,91.0
2025-03-19,North America,In-store,Apparel,Running Tee,7,24.99,0.0,174.93,11.25,78.75,96.18
2025-03-19,North America,Online,Electronics,USB-C Charger,4,19.99,0.0,79.96,10.99,43.96,36.0
2025-03-19,UK & Ireland,Online,Media & Entertainment,Board Game,5,34.99,0.0,174.95,19.24,96.2,78.75
2025-03-20,APAC,In-store,Home & Kitchen,Coffee Grinder,3,39.99,0.0,119.97,23.99,71.97,48.0
2025-03-20,APAC,Online,Media & Entertainment,Board Game,6,34.99,0.0,209.94,19.24,115.44,94.5
2025-03-20,EMEA,In-store,Home & Kitchen,Cookware Set,1,129.99,0.0,129.99,84.49,84.49,45.5
2025-03-20,LATAM,Online,Apparel,Denim Jacket,2,69.99,0.2,111.98,34.99,69.98,42.0
2025-03-20,North America,In-store,Electronics,Smart Speaker,13,49.99,0.0,649.87,34.99,454.87,195.0
2025-03-20,North America,Online,Electronics,Wireless Earbuds,13,79.99,0.1,935.88,51.99,675.87,260.01
2025-03-20,UK & Ireland,In-store,Apparel,Denim Jacket,7,69.99,0.0,489.93,34.99,244.93,245.0
2025-03-20,UK & Ireland,Online,Apparel,Denim Jacket,2,69.99,0.0,139.98,34.99,69.98,70.0
2025-03-21,APAC,In-store,Apparel,Wool Socks 3-pack,6,14.99,0.25,67.45,6.0,36.0,31.45
2025-03-21,APAC,In-store,Beauty & Wellness,Collagen Powder,4,34.99,0.1,125.96,14.0,56.0,69.96
2025-03-21,APAC,In-store,Media & Entertainment,Blu-ray Box Set,5,39.99,0.15,169.96,29.99,149.95,20.01
2025-03-21,EMEA,In-store,Home & Kitchen,Air Fryer,4,89.99,0.0,359.96,62.99,251.96,108.0
2025-03-21,EMEA,In-store,Media & Entertainment,Vinyl Record,1,27.99,0.25,20.99,16.79,16.79,4.2
2025-03-21,EMEA,Online,Beauty & Wellness,Vitamin C Serum,5,29.99,0.0,149.95,10.5,52.5,97.45
2025-03-21,LATAM,In-store,Beauty & Wellness,Vitamin C Serum,7,29.99,0.2,167.94,10.5,73.5,94.44
2025-03-21,LATAM,In-store,Home & Kitchen,Cookware Set,3,129.99,0.0,389.97,84.49,253.47,136.5
2025-03-21,LATAM,Online,Media & Entertainment,Board Game,2,34.99,0.0,69.98,19.24,38.48,31.5
2025-03-21,North America,In-store,Electronics,USB-C Charger,15,19.99,0.2,239.88,10.99,164.85,75.03
2025-03-21,North America,In-store,Media & Entertainment,Board Game,4,34.99,0.0,139.96,19.24,76.96,63.0
2025-03-21,North America,Online,Beauty & Wellness,Collagen Powder,5,34.99,0.2,139.96,14.0,70.0,69.96
2025-03-21,North America,Online,Media & Entertainment,Vinyl Record,6,27.99,0.0,167.94,16.79,100.74,67.2
2025-03-21,UK & Ireland,Online,Media & Entertainment,Blu-ray Box Set,1,39.99,0.25,29.99,29.99,29.99,0.0
2025-03-22,APAC,In-store,Beauty & Wellness,Collagen Powder,8,34.99,0.1,251.93,14.0,112.0,139.93
2025-03-22,APAC,Online,Beauty & Wellness,Collagen Powder,5,34.99,0.0,174.95,14.0,70.0,104.95
2025-03-22,APAC,Online,Home & Kitchen,Cookware Set,3,129.99,0.0,389.97,84.49,253.47,136.5
2025-03-22,APAC,Online,Media & Entertainment,Vinyl Record,2,27.99,0.15,47.58,16.79,33.58,14.0
2025-03-22,EMEA,In-store,Electronics,Smart Speaker,9,49.99,0.15,382.42,34.99,314.91,67.51
2025-03-22,EMEA,In-store,Electronics,USB-C Charger,11,19.99,0.2,175.91,10.99,120.89,55.02
2025-03-22,EMEA,Online,Media & Entertainment,Blu-ray Box Set,8,39.99,0.0,319.92,29.99,239.92,80.0
2025-03-22,LATAM,Online,Electronics,USB-C Charger,5,19.99,0.0,99.95,10.99,54.95,45.0
2025-03-22,North America,Online,Electronics,Smart Speaker,6,49.99,0.0,299.94,34.99,209.94,90.0
2025-03-22,UK & Ireland,In-store,Apparel,Denim Jacket,3,69.99,0.15,178.47,34.99,104.97,73.5
2025-03-22,UK & Ireland,In-store,Beauty & Wellness,Electric Toothbrush,2,59.99,0.25,89.98,32.99,65.98,24.0
2025-03-22,UK & Ireland,In-store,Beauty & Wellness,Vitamin C Serum,10,29.99,0.0,299.9,10.5,105.0,194.9
2025-03-22,UK & Ireland,Online,Apparel,Denim Jacket,2,69.99,0.0,139.98,34.99,69.98,70.0
2025-03-22,UK & Ireland,Online,Beauty & Wellness,Collagen Powder,5,34.99,0.0,174.95,14.0,70.0,104.95
2025-03-23,APAC,In-store,Apparel,Running Tee,7,24.99,0.0,174.93,11.25,78.75,96.18
2025-03-23,EMEA,In-store,Home & Kitchen,Air Fryer,5,89.99,0.25,337.46,62.99,314.95,22.51
2025-03-23,EMEA,Online,Apparel,Denim Jacket,2,69.99,0.0,139.98,34.99,69.98,70.0
2025-03-23,LATAM,In-store,Apparel,Running Tee,3,24.99,0.0,74.97,11.25,33.75,41.22
2025-03-23,LATAM,Online,Apparel,Denim Jacket,2,69.99,0.2,111.98,34.99,69.98,42.0
2025-03-23,North America,In-store,Electronics,Smart Speaker,11,49.99,0.0,549.89,34.99,384.89,165.0
2025-03-23,North America,In-store,Home & Kitchen,Cookware Set,4,129.99,0.0,519.96,84.49,337.96,182.0
2025-03-23,North America,In-store,Media & Entertainment,Blu-ray Box Set,9,39.99,0.15,305.92,29.99,269.91,36.01
2025-03-23,North America,Online,Apparel,Denim Jacket,2,69.99,0.0,139.98,34.99,69.98,70.0
2025-03-23,UK & Ireland,In-store,Beauty & Wellness,Collagen Powder,9,34.99,0.0,314.91,14.0,126.0,188.91
2025-03-23,UK & Ireland,Online,Home & Kitchen,Coffee Grinder,7,39.99,0.0,279.93,23.99,167.93,112.0
2025-03-24,APAC,In-store,Apparel,Denim Jacket,3,69.99,0.0,209.97,34.99,104.97,105.0
2025-03-24,APAC,Online,Apparel,Wool Socks 3-pack,1,14.99,0.0,14.99,6.0,6.0,8.99
2025-03-24,EMEA,In-store,Electronics,USB-C Charger,6,19.99,0.0,119.94,10.99,65.94,54.0
2025-03-24,EMEA,Online,Electronics,Smart Speaker,5,49.99,0.0,249.95,34.99,174.95,75.0
2025-03-24,EMEA,Online,Home & Kitchen,Cookware Set,1,129.99,0.0,129.99,84.49,84.49,45.5
2025-03-24,North America,In-store,Apparel,Running Tee,7,24.99,0.0,174.93,11.25,78.75,96.18
2025-03-24,North America,In-store,Electronics,USB-C Charger,12,19.99,0.0,239.88,10.99,131.88,108.0
2025-03-24,North America,Online,Electronics,Smart Speaker,6,49.99,0.15,254.95,34.99,209.94,45.01
2025-03-24,North America,Online,Media & Entertainment,Board Game,3,34.99,0.2,83.98,19.24,57.72,26.26
2025-03-24,UK & Ireland,In-store,Media & Entertainment,Vinyl Record,3,27.99,0.0,83.97,16.79,50.37,33.6
2025-03-24,UK & Ireland,Online,Media & Entertainment,Board Game,2,34.99,0.0,69.98,19.24,38.48,31.5
2025-03-25,APAC,Online,Beauty & Wellness,Collagen Powder,4,34.99,0.0,139.96,14.0,56.0,83.96
2025-03-25,APAC,Online,Media & Entertainment,Board Game,1,34.99,0.0,34.99,19.24,19.24,15.75
2025-03-25,EMEA,In-store,Beauty & Wellness,Electric Toothbrush,3,59.99,0.1,161.97,32.99,98.97,63.0
2025-03-25,EMEA,In-store,Home & Kitchen,Coffee Grinder,6,39.99,0.0,239.94,23.99,143.94,96.0
2025-03-25,EMEA,Online,Home & Kitchen,Cookware Set,1,129.99,0.0,129.99,84.49,84.49,45.5
2025-03-25,LATAM,In-store,Apparel,Running Tee,6,24.99,0.0,149.94,11.25,67.5,82.44
2025-03-25,North America,In-store,Media & Entertainment,Blu-ray Box Set,4,39.99,0.25,119.97,29.99,119.96,0.01
2025-03-25,North America,In-store,Media & Entertainment,Vinyl Record,2,27.99,0.0,55.98,16.79,33.58,22.4
2025-03-25,North America,Online,Apparel,Wool Socks 3-pack,9,14.99,0.0,134.91,6.0,54.0,80.91
2025-03-25,North America,Online,Beauty & Wellness,Vitamin C Serum,5,29.99,0.0,149.95,10.5,52.5,97.45
2025-03-25,North America,Online,Electronics,Wireless Earbuds,2,79.99,0.0,159.98,51.99,103.98,56.0
2025-03-25,UK & Ireland,Online,Apparel,Wool Socks 3-pack,5,14.99,0.0,74.95,6.0,30.0,44.95
2025-03-25,UK & Ireland,Online,Media & Entertainment,Blu-ray Box Set,2,39.99,0.0,79.98,29.99,59.98,20.0
2025-03-26,APAC,In-store,Home & Kitchen,Air Fryer,7,89.99,0.0,629.93,62.99,440.93,189.0
2025-03-26,LATAM,Online,Apparel,Running Tee,4,24.99,0.25,74.97,11.25,45.0,29.97
2025-03-26,North America,In-store,Media & Entertainment,Board Game,11,34.99,0.0,384.89,19.24,211.64,173.25
2025-03-26,North America,Online,Beauty & Wellness,Vitamin C Serum,2,29.99,0.0,59.98,10.5,21.0,38.98
2025-03-26,UK & Ireland,In-store,Electronics,Wireless Earbuds,7,79.99,0.25,419.95,51.99,363.93,56.02
2025-03-26,UK & Ireland,In-store,Media & Entertainment,Vinyl Record,3,27.99,0.0,83.97,16.79,50.37,33.6
2025-03-26,UK & Ireland,Online,Beauty & Wellness,Vitamin C Serum,1,29.99,0.2,23.99,10.5,10.5,13.49
2025-03-27,APAC,In-store,Beauty & Wellness,Collagen Powder,2,34.99,0.0,69.98,14.0,28.0,41.98
2025-03-27,APAC,In-store,Home & Kitchen,Air Fryer,6,89.99,0.0,539.94,62.99,377.94,162.0
2025-03-27,APAC,Online,Electronics,Wireless Earbuds,8,79.99,0.0,639.92,51.99,415.92,224.0
2025-03-27,EMEA,Online,Apparel,Wool Socks 3-pack,2,14.99,0.0,29.98,6.0,12.0,17.98
2025-03-27,EMEA,Online,Electronics,Wireless Earbuds,4,79.99,0.25,239.97,51.99,207.96,32.01
2025-03-27,LATAM,Online,Apparel,Wool Socks 3-pack,3,14.99,0.0,44.97,6.0,18.0,26.97
2025-03-27,LATAM,Online,Beauty & Wellness,Electric Toothbrush,1,59.99,0.0,59.99,32.99,32.99,27.0
2025-03-27,North America,In-store,Home & Kitchen,Cookware Set,4,129.99,0.15,441.97,84.49,337.96,104.01
2025-03-27,UK & Ireland,In-store,Apparel,Denim Jacket,9,69.99,0.2,503.93,34.99,314.91,189.02
2025-03-27,UK & Ireland,In-store,Home & Kitchen,Air Fryer,3,89.99,0.25,202.48,62.99,188.97,13.51
2025-03-27,UK & Ireland,Online,Electronics,USB-C Charger,12,19.99,0.0,239.88,10.99,131.88,108.0
2025-03-28,APAC,In-store,Apparel,Running Tee,8,24.99,0.2,159.94,11.25,90.0,69.94
2025-03-28,APAC,In-store,Beauty & Wellness,Electric Toothbrush,4,59.99,0.25,179.97,32.99,131.96,48.01
2025-03-28,APAC,Online,Apparel,Running Tee,1,24.99,0.0,24.99,11.25,11.25,13.74
2025-03-28,APAC,Online,Beauty & Wellness,Vitamin C Serum,4,29.99,0.2,95.97,10.5,42.0,53.97
2025-03-28,APAC,Online,Media & Entertainment,Vinyl Record,2,27.99,0.2,44.78,16.79,33.58,11.2
2025-03-28,EMEA,In-store,Media & Entertainment,Blu-ray Box Set,10,39.99,0.2,319.92,29.99,299.9,20.02
2025-03-28,EMEA,Online,Beauty & Wellness,Vitamin C Serum,8,29.99,0.0,239.92,10.5,84.0,155.92
2025-03-28,LATAM,In-store,Electronics,Wireless Earbuds,8,79.99,0.25,479.94,51.99,415.92,64.02
2025-03-28,North America,In-store,Home & Kitchen,Coffee Grinder,5,39.99,0.0,199.95,23.99,119.95,80.0
2025-03-28,North America,In-store,Home & Kitchen,Cookware Set,7,129.99,0.0,909.93,84.49,591.43,318.5
2025-03-28,North America,Online,Media & Entertainment,Blu-ray Box Set,5,39.99,0.0,199.95,29.99,149.95,50.0
2025-03-28,UK & Ireland,In-store,Beauty & Wellness,Vitamin C Serum,5,29.99,0.0,149.95,10.5,52.5,97.45
2025-03-28,UK & Ireland,In-store,Home & Kitchen,Air Fryer,2,89.99,0.0,179.98,62.99,125.98,54.0
2025-03-28,UK & Ireland,Online,Apparel,Denim Jacket,2,69.99,0.25,104.98,34.99,69.98,35.0
2025-03-28,UK & Ireland,Online,Apparel,Wool Socks 3-pack,3,14.99,0.1,40.47,6.0,18.0,22.47
2025-03-29,EMEA,In-store,Apparel,Wool Socks 3-pack,10,14.99,0.15,127.42,6.0,60.0,67.42
2025-03-29,EMEA,In-store,Home & Kitchen,Cookware Set,2,129.99,0.0,259.98,84.49,168.98,91.0
2025-03-29,EMEA,Online,Home & Kitchen,Air Fryer,5,89.99,0.2,359.96,62.99,314.95,45.01
2025-03-29,EMEA,Online,Media & Entertainment,Board Game,4,34.99,0.15,118.97,19.24,76.96,42.01
2025-03-29,LATAM,Online,Apparel,Wool Socks 3-pack,2,14.99,0.2,23.98,6.0,12.0,11.98
2025-03-29,LATAM,Online,Beauty & Wellness,Electric Toothbrush,3,59.99,0.0,179.97,32.99,98.97,81.0
2025-03-29,North America,In-store,Beauty & Wellness,Collagen Powder,19,34.99,0.0,664.81,14.0,266.0,398.81
2025-03-29,North America,In-store,Electronics,USB-C Charger,14,19.99,0.15,237.88,10.99,153.86,84.02
2025-03-29,North America,Online,Electronics,USB-C Charger,8,19.99,0.0,159.92,10.99,87.92,72.0
2025-03-29,North America,Online,Electronics,Wireless Earbuds,4,79.99,0.0,319.96,51.99,207.96,112.0
2025-03-29,North America,Online,Home & Kitchen,Cookware Set,1,129.99,0.0,129.99,84.49,84.49,45.5
2025-03-29,UK & Ireland,In-store,Media & Entertainment,Blu-ray Box Set,8,39.99,0.0,319.92,29.99,239.92,80.0
2025-03-29,UK & Ireland,In-store,Media & Entertainment,Board Game,4,34.99,0.0,139.96,19.24,76.96,63.0
2025-03-29,UK & Ireland,Online,Apparel,Denim Jacket,2,69.99,0.0,139.98,34.99,69.98,70.0
2025-03-30,APAC,In-store,Beauty & Wellness,Collagen Powder,7,34.99,0.0,244.93,14.0,98.0,146.93
2025-03-30,APAC,In-store,Electronics,USB-C Charger,13,19.99,0.0,259.87,10.99,142.87,117.0
2025-03-30,APAC,Online,Media & Entertainment,Board Game,3,34.99,0.25,78.73,19.24,57.72,21.01
2025-03-30,EMEA,In-store,Beauty & Wellness,Electric Toothbrush,8,59.99,0.0,479.92,32.99,263.92,216.0
2025-03-30,EMEA,In-store,Electronics,USB-C Charger,18,19.99,0.0,359.82,10.99,197.82,162.0
2025-03-30,EMEA,Online,Electronics,USB-C Charger,12,19.99,0.0,239.88,10.99,131.88,108.0
2025-03-30,EMEA,Online,Media & Entertainment,Blu-ray Box Set,2,39.99,0.0,79.98,29.99,59.98,20.0
2025-03-30,LATAM,In-store,Home & Kitchen,Air Fryer,5,89.99,0.2,359.96,62.99,314.95,45.01
2025-03-30,LATAM,In-store,Home & Kitchen,Coffee Grinder,6,39.99,0.15,203.95,23.99,143.94,60.01
2025-03-30,LATAM,Online,Apparel,Running Tee,2,24.99,0.0,49.98,11.25,22.5,27.48
2025-03-30,LATAM,Online,Beauty & Wellness,Collagen Powder,5,34.99,0.0,174.95,14.0,70.0,104.95
2025-03-30,LATAM,Online,Home & Kitchen,Air Fryer,5,89.99,0.0,449.95,62.99,314.95,135.0
2025-03-30,North America,In-store,Home & Kitchen,Cookware Set,1,129.99,0.0,129.99,84.49,84.49,45.5
2025-03-30,North America,In-store,Media & Entertainment,Blu-ray Box Set,11,39.99,0.15,373.91,29.99,329.89,44.02
2025-03-30,North America,Online,Apparel,Running Tee,6,24.99,0.0,149.94,11.25,67.5,82.44
2025-03-30,North America,Online,Home & Kitchen,Cookware Set,2,129.99,0.0,259.98,84.49,168.98,91.0
2025-03-30,North America,Online,Media & Entertainment,Blu-ray Box Set,1,39.99,0.25,29.99,29.99,29.99,0.0
2025-03-30,UK & Ireland,In-store,Home & Kitchen,Air Fryer,7,89.99,0.25,472.45,62.99,440.93,31.52
2025-03-30,UK & Ireland,Online,Home & Kitchen,Air Fryer,6,89.99,0.1,485.95,62.99,377.94,108.01
2025-03-30,UK & Ireland,Online,Home & Kitchen,Cookware Set,3,129.99,0.0,389.97,84.49,253.47,136.5
2025-03-31,APAC,Online,Apparel,Running Tee,1,24.99,0.0,24.99,11.25,11.25,13.74
2025-03-31,APAC,Online,Media & Entertainment,Board Game,3,34.99,0.0,104.97,19.24,57.72,47.25
2025-03-31,EMEA,In-store,Media & Entertainment,Blu-ray Box Set,3,39.99,0.0,119.97,29.99,89.97,30.0
2025-03-31,EMEA,Online,Electronics,Smart Speaker,5,49.99,0.1,224.96,34.99,174.95,50.01
2025-03-31,LATAM,In-store,Apparel,Wool Socks 3-pack,8,14.99,0.15,101.93,6.0,48.0,53.93
2025-03-31,LATAM,Online,Electronics,Wireless Earbuds,3,79.99,0.0,239.97,51.99,155.97,84.0
2025-03-31,LATAM,Online,Home & Kitchen,Coffee Grinder,5,39.99,0.0,199.95,23.99,119.95,80.0
2025-03-31,North America,Online,Home & Kitchen,Coffee Grinder,1,39.99,0.0,39.99,23.99,23.99,16.0
2025-03-31,UK & Ireland,Online,Electronics,Wireless Earbuds,7,79.99,0.0,559.93,51.99,363.93,196.0
2025-03-31,UK & Ireland,Online,Media & Entertainment,Vinyl Record,6,27.99,0.0,167.94,16.79,100.74,67.2
2025-04-01,APAC,In-store,Beauty & Wellness,Electric Toothbrush,1,59.99,0.1,53.99,32.99,32.99,21.0
2025-04-01,APAC,In-store,Home & Kitchen,Cookware Set,4,129.99,0.0,519.96,84.49,337.96,182.0
2025-04-01,APAC,In-store,Media & Entertainment,Blu-ray Box Set,2,39.99,0.0,79.98,29.99,59.98,20.0
2025-04-01,APAC,Online,Media & Entertainment,Board Game,2,34.99,0.25,52.48,19.24,38.48,14.0
2025-04-01,EMEA,In-store,Apparel,Running Tee,13,24.99,0.25,243.65,11.25,146.25,97.4
2025-04-01,EMEA,In-store,Beauty & Wellness,Vitamin C Serum,5,29.99,0.0,149.95,10.5,52.5,97.45
2025-04-01,EMEA,Online,Electronics,Smart Speaker,2,49.99,0.15,84.98,34.99,69.98,15.0
2025-04-01,EMEA,Online,Media & Entertainment,Board Game,4,34.99,0.0,139.96,19.24,76.96,63.0
2025-04-01,LATAM,In-store,Home & Kitchen,Cookware Set,2,129.99,0.0,259.98,84.49,168.98,91.0
2025-04-01,LATAM,Online,Beauty & Wellness,Electric Toothbrush,5,59.99,0.2,239.96,32.99,164.95,75.01
2025-04-01,LATAM,Online,Beauty & Wellness,Vitamin C Serum,2,29.99,0.0,59.98,10.5,21.0,38.98
2025-04-01,North America,In-store,Home & Kitchen,Air Fryer,11,89.99,0.15,841.41,62.99,692.89,148.52
2025-04-01,North America,In-store,Media & Entertainment,Blu-ray Box Set,2,39.99,0.0,79.98,29.99,59.98,20.0
2025-04-01,North America,In-store,Media & Entertainment,Vinyl Record,4,27.99,0.1,100.76,16.79,67.16,33.6
2025-04-01,North America,Online,Apparel,Wool Socks 3-pack,2,14.99,0.0,29.98,6.0,12.0,17.98
2025-04-01,North America,Online,Beauty & Wellness,Electric Toothbrush,8,59.99,0.0,479.92,32.99,263.92,216.0
2025-04-01,UK & Ireland,In-store,Electronics,Wireless Earbuds,8,79.99,0.0,639.92,51.99,415.92,224.0
2025-04-02,APAC,In-store,Electronics,USB-C Charger,16,19.99,0.15,271.86,10.99,175.84,96.02
2025-04-02,EMEA,In-store,Beauty & Wellness,Collagen Powder,6,34.99,0.15,178.45,14.0,84.0,94.45
2025-04-02,EMEA,Online,Beauty & Wellness,Electric Toothbrush,5,59.99,0.1,269.95,32.99,164.95,105.0
2025-04-02,LATAM,In-store,Apparel,Running Tee,6,24.99,0.15,127.45,11.25,67.5,59.95
2025-04-02,LATAM,In-store,Home & Kitchen,Air Fryer,5,89.99,0.0,449.95,62.99,314.95,135.0
2025-04-02,LATAM,Online,Electronics,Wireless Earbuds,2,79.99,0.0,159.98,51.99,103.98,56.0
2025-04-02,North America,In-store,Media & Entertainment,Vinyl Record,2,27.99,0.0,55.98,16.79,33.58,22.4
2025-04-02,North America,Online,Beauty & Wellness,Electric Toothbrush,4,59.99,0.15,203.97,32.99,131.96,72.01
2025-04-02,North America,Online,Electronics,Smart Speaker,3,49.99,0.0,149.97,34.99,104.97,45.0
2025-04-02,North America,Online,Home & Kitchen,Air Fryer,2,89.99,0.0,179.98,62.99,125.98,54.0
2025-04-02,UK & Ireland,In-store,Electronics,USB-C Charger,5,19.99,0.1,89.95,10.99,54.95,35.0
2025-04-02,UK & Ireland,In-store,Home & Kitchen,Cookware Set,3,129.99,0.0,389.97,84.49,253.47,136.5
2025-04-02,UK & Ireland,Online,Electronics,Wireless Earbuds,4,79.99,0.0,319.96,51.99,207.96,112.0
2025-04-03,APAC,In-store,Home & Kitchen,Coffee Grinder,5,39.99,0.0,199.95,23.99,119.95,80.0
2025-04-03,APAC,Online,Apparel,Wool Socks 3-pack,3,14.99,0.2,35.98,6.0,18.0,17.98
2025-04-03,APAC,Online,Home & Kitchen,Cookware Set,1,129.99,0.15,110.49,84.49,84.49,26.0
2025-04-03,EMEA,Online,Home & Kitchen,Air Fryer,7,89.99,0.15,535.44,62.99,440.93,94.51
2025-04-03,LATAM,In-store,Media & Entertainment,Blu-ray Box Set,1,39.99,0.0,39.99,29.99,29.99,10.0
2025-04-03,LATAM,Online,Apparel,Running Tee,1,24.99,0.0,24.99,11.25,11.25,13.74
2025-04-03,LATAM,Online,Media & Entertainment,Vinyl Record,4,27.99,0.0,111.96,16.79,67.16,44.8
2025-04-03,North America,Online,Apparel,Running Tee,7,24.99,0.25,131.2,11.25,78.75,52.45
2025-04-03,North America,Online,Media & Entertainment,Board Game,2,34.99,0.1,62.98,19.24,38.48,24.5
2025-04-03,UK & Ireland,Online,Apparel,Running Tee,1,24.99,0.0,24.99,11.25,11.25,13.74
2025-04-03,UK & Ireland,Online,Beauty & Wellness,Vitamin C Serum,8,29.99,0.0,239.92,10.5,84.0,155.92
2025-04-03,UK & Ireland,Online,Home & Kitchen,Cookware Set,4,129.99,0.0,519.96,84.49,337.96,182.0
2025-04-04,APAC,In-store,Electronics,Smart Speaker,5,49.99,0.1,224.96,34.99,174.95,50.01
2025-04-04,APAC,Online,Apparel,Running Tee,3,24.99,0.15,63.72,11.25,33.75,29.97
2025-04-04,APAC,Online,Beauty & Wellness,Collagen Powder,7,34.99,0.0,244.93,14.0,98.0,146.93
2025-04-04,APAC,Online,Media & Entertainment,Vinyl Record,2,27.99,0.0,55.98,16.79,33.58,22.4
2025-04-04,EMEA,In-store,Beauty & Wellness,Vitamin C Serum,8,29.99,0.2,191.94,10.5,84.0,107.94
2025-04-04,EMEA,In-store,Media & Entertainment,Board Game,4,34.99,0.15,118.97,19.24,76.96,42.01
2025-04-04,EMEA,Online,Apparel,Running Tee,8,24.99,0.0,199.92,11.25,90.0,109.92
2025-04-04,EMEA,Online,Beauty & Wellness,Collagen Powder,5,34.99,0.25,131.21,14.0,70.0,61.21
2025-04-04,EMEA,Online,Home & Kitchen,Coffee Grinder,4,39.99,0.0,159.96,23.99,95.96,64.0
2025-04-04,LATAM,Online,Media & Entertainment,Board Game,5,34.99,0.0,174.95,19.24,96.2,78.75
2025-04-04,North America,In-store,Beauty & Wellness,Collagen Powder,7,34.99,0.0,244.93,14.0,98.0,146.93
2025-04-04,UK & Ireland,In-store,Home & Kitchen,Coffee Grinder,12,39.99,0.2,383.9,23.99,287.88,96.02
2025-04-05,APAC,In-store,Home & Kitchen,Air Fryer,1,89.99,0.0,89.99,62.99,62.99,27.0
2025-04-05,APAC,Online,Home & Kitchen,Coffee Grinder,4,39.99,0.0,159.96,23.99,95.96,64.0
2025-04-05,EMEA,In-store,Apparel,Denim Jacket,8,69.99,0.0,559.92,34.99,279.92,280.0
2025-04-05,EMEA,In-store,Home & Kitchen,Air Fryer,10,89.99,0.0,899.9,62.99,629.9,270.0
2025-04-05,LATAM,In-store,Apparel,Running Tee,4,24.99,0.0,99.96,11.25,45.0,54.96
2025-04-05,LATAM,In-store,Home & Kitchen,Coffee Grinder,4,39.99,0.0,159.96,23.99,95.96,64.0
2025-04-05,LATAM,In-store,Media & Entertainment,Board Game,7,34.99,0.0,244.93,19.24,134.68,110.25
2025-04-05,North America,In-store,Beauty & Wellness,Electric Toothbrush,9,59.99,0.25,404.93,32.99,296.91,108.02
2025-04-05,UK & Ireland,In-store,Apparel,Denim Jacket,2,69.99,0.1,125.98,34.99,69.98,56.0
2025-04-05,UK & Ireland,In-store,Beauty & Wellness,Electric Toothbrush,11,59.99,0.0,659.89,32.99,362.89,297.0
2025-04-06,APAC,In-store,Electronics,Smart Speaker,2,49.99,0.2,79.98,34.99,69.98,10.0
2025-04-06,APAC,Online,Electronics,Wireless Earbuds,8,79.99,0.0,639.92,51.99,415.92,224.0
2025-04-06,EMEA,In-store,Beauty & Wellness,Electric Toothbrush,9,59.99,0.1,485.92,32.99,296.91,189.01
2025-04-06,EMEA,Online,Apparel,Denim Jacket,4,69.99,0.0,279.96,34.99,139.96,140.0
2025-04-06,EMEA,Online,Apparel,Running Tee,5,24.99,0.1,112.45,11.25,56.25,56.2
2025-04-06,EMEA,Online,Home & Kitchen,Air Fryer,2,89.99,0.0,179.98,62.99,125.98,54.0
2025-04-06,LATAM,In-store,Apparel,Running Tee,9,24.99,0.2,179.93,11.25,101.25,78.68
2025-04-06,LATAM,In-store,Beauty & Wellness,Collagen Powder,14,34.99,0.0,489.86,14.0,196.0,293.86
2025-04-06,LATAM,In-store,Electronics,Wireless Earbuds,7,79.99,0.0,559.93,51.99,363.93,196.0
2025-04-06,LATAM,In-store,Home & Kitchen,Cookware Set,3,129.99,0.0,389.97,84.49,253.47,136.5
2025-04-06,LATAM,Online,Apparel,Running Tee,4,24.99,0.0,99.96,11.25,45.0,54.96
2025-04-06,LATAM,Online,Media & Entertainment,Blu-ray Box Set,4,39.99,0.0,159.96,29.99,119.96,40.0
2025-04-06,North America,In-store,Apparel,Running Tee,7,24.99,0.0,174.93,11.25,78.75,96.18
2025-04-06,North America,In-store,Electronics,Smart Speaker,11,49.99,0.0,549.89,34.99,384.89,165.0
2025-04-06,UK & Ireland,In-store,Home & Kitchen,Air Fryer,6,89.99,0.15,458.95,62.99,377.94,81.01
2025-04-06,UK & Ireland,Online,Electronics,USB-C Charger,12,19.99,0.0,239.88,10.99,131.88,108.0
2025-04-06,UK & Ireland,Online,Home & Kitchen,Coffee Grinder,4,39.99,0.0,159.96,23.99,95.96,64.0
2025-04-07,APAC,In-store,Home & Kitchen,Air Fryer,7,89.99,0.25,472.45,62.99,440.93,31.52
2025-04-07,EMEA,In-store,Media & Entertainment,Vinyl Record,3,27.99,0.2,67.18,16.79,50.37,16.81
2025-04-07,EMEA,Online,Apparel,Denim Jacket,5,69.99,0.2,279.96,34.99,174.95,105.01
2025-04-07,EMEA,Online,Electronics,Smart Speaker,4,49.99,0.0,199.96,34.99,139.96,60.0
2025-04-07,EMEA,Online,Media & Entertainment,Vinyl Record,5,27.99,0.15,118.96,16.79,83.95,35.01
2025-04-07,LATAM,In-store,Apparel,Denim Jacket,1,69.99,0.0,69.99,34.99,34.99,35.0
2025-04-07,LATAM,In-store,Electronics,Wireless Earbuds,2,79.99,0.0,159.98,51.99,103.98,56.0
2025-04-07,LATAM,In-store,Media & Entertainment,Board Game,2,34.99,0.0,69.98,19.24,38.48,31.5
2025-04-07,LATAM,Online,Apparel,Wool Socks 3-pack,1,14.99,0.0,14.99,6.0,6.0,8.99
2025-04-07,LATAM,Online,Beauty & Wellness,Electric Toothbrush,1,59.99,0.0,59.99,32.99,32.99,27.0
2025-04-07,LATAM,Online,Media & Entertainment,Blu-ray Box Set,1,39.99,0.0,39.99,29.99,29.99,10.0
2025-04-07,North America,In-store,Apparel,Wool Socks 3-pack,4,14.99,0.15,50.97,6.0,24.0,26.97
2025-04-07,North America,In-store,Beauty & Wellness,Electric Toothbrush,5,59.99,0.0,299.95,32.99,164.95,135.0
2025-04-07,North America,In-store,Electronics,USB-C Charger,16,19.99,0.0,319.84,10.99,175.84,144.0
2025-04-07,North America,Online,Electronics,USB-C Charger,8,19.99,0.1,143.93,10.99,87.92,56.01
2025-04-07,North America,Online,Media & Entertainment,Board Game,5,34.99,0.0,174.95,19.24,96.2,78.75
2025-04-07,UK & Ireland,In-store,Apparel,Denim Jacket,2,69.99,0.25,104.98,34.99,69.98,35.0
2025-04-07,UK & Ireland,In-store,Apparel,Wool Socks 3-pack,4,14.99,0.0,59.96,6.0,24.0,35.96
2025-04-07,UK & Ireland,In-store,Home & Kitchen,Air Fryer,10,89.99,0.0,899.9,62.99,629.9,270.0
2025-04-07,UK & Ireland,Online,Beauty & Wellness,Electric Toothbrush,2,59.99,0.0,119.98,32.99,65.98,54.0
2025-04-07,UK & Ireland,Online,Media & Entertainment,Board Game,3,34.99,0.0,104.97,19.24,57.72,47.25
2025-04-08,APAC,In-store,Electronics,USB-C Charger,4,19.99,0.15,67.97,10.99,43.96,24.01
2025-04-08,EMEA,In-store,Apparel,Running Tee,9,24.99,0.0,224.91,11.25,101.25,123.66
2025-04-08,EMEA,In-store,Apparel,Wool Socks 3-pack,6,14.99,0.0,89.94,6.0,36.0,53.94
2025-04-08,EMEA,Online,Electronics,USB-C Charger,7,19.99,0.0,139.93,10.99,76.93,63.0
2025-04-08,LATAM,In-store,Media & Entertainment,Board Game,4,34.99,0.0,139.96,19.24,76.96,63.0
2025-04-08,LATAM,Online,Media & Entertainment,Board Game,3,34.99,0.15,89.22,19.24,57.72,31.5
2025-04-08,North America,In-store,Apparel,Denim Jacket,2,69.99,0.0,139.98,34.99,69.98,70.0
2025-04-08,North America,In-store,Home & Kitchen,Air Fryer,7,89.99,0.1,566.94,62.99,440.93,126.01
2025-04-08,UK & Ireland,Online,Beauty & Wellness,Vitamin C Serum,5,29.99,0.0,149.95,10.5,52.5,97.45
2025-04-09,APAC,In-store,Apparel,Running Tee,10,24.99,0.0,249.9,11.25,112.5,137.4
2025-04-09,APAC,In-store,Beauty & Wellness,Electric Toothbrush,2,59.99,0.0,119.98,32.99,65.98,54.0
2025-04-09,APAC,In-store,Beauty & Wellness,Vitamin C Serum,4,29.99,0.15,101.97,10.5,42.0,59.97
2025-04-09,APAC,In-store,Electronics,Smart Speaker,4,49.99,0.0,199.96,34.99,139.96,60.0
2025-04-09,APAC,In-store,Electronics,Wireless Earbuds,11,79.99,0.25,659.92,51.99,571.89,88.03
2025-04-09,APAC,In-store,Media & Entertainment,Board Game,7,34.99,0.0,244.93,19.24,134.68,110.25
2025-04-09,APAC,Online,Apparel,Running Tee,4,24.99,0.0,99.96,11.25,45.0,54.96
2025-04-09,APAC,Online,Apparel,Wool Socks 3-pack,6,14.99,0.0,89.94,6.0,36.0,53.94
2025-04-09,APAC,Online,Beauty & Wellness,Collagen Powder,5,34.99,0.0,174.95,14.0,70.0,104.95
2025-04-09,APAC,Online,Home & Kitchen,Cookware Set,2,129.99,0.0,259.98,84.49,168.98,91.0
2025-04-09,APAC,Online,Media & Entertainment,Vinyl Record,1,27.99,0.0,27.99,16.79,16.79,11.2
2025-04-09,EMEA,In-store,Apparel,Denim Jacket,6,69.99,0.2,335.95,34.99,209.94,126.01
2025-04-09,EMEA,In-store,Apparel,Wool Socks 3-pack,8,14.99,0.2,95.94,6.0,48.0,47.94
2025-04-09,EMEA,In-store,Home & Kitchen,Cookware Set,3,129.99,0.0,389.97,84.49,253.47,136.5
2025-04-09,EMEA,Online,Media & Entertainment,Blu-ray Box Set,4,39.99,0.0,159.96,29.99,119.96,40.0
2025-04-09,LATAM,Online,Beauty & Wellness,Vitamin C Serum,1,29.99,0.2,23.99,10.5,10.5,13.49
2025-04-09,North America,Online,Apparel,Denim Jacket,2,69.99,0.2,111.98,34.99,69.98,42.0
2025-04-09,North America,Online,Beauty & Wellness,Collagen Powder,8,34.99,0.0,279.92,14.0,112.0,167.92
2025-04-09,UK & Ireland,Online,Apparel,Denim Jacket,3,69.99,0.0,209.97,34.99,104.97,105.0
2025-04-09,UK & Ireland,Online,Beauty & Wellness,Collagen Powder,1,34.99,0.1,31.49,14.0,14.0,17.49
2025-04-10,APAC,In-store,Home & Kitchen,Coffee Grinder,4,39.99,0.2,127.97,23.99,95.96,32.01
2025-04-10,APAC,Online,Apparel,Wool Socks 3-pack,5,14.99,0.0,74.95,6.0,30.0,44.95
2025-04-10,APAC,Online,Beauty & Wellness,Vitamin C Serum,1,29.99,0.15,25.49,10.5,10.5,14.99
2025-04-10,EMEA,In-store,Home & Kitchen,Coffee Grinder,2,39.99,0.0,79.98,23.99,47.98,32.0
2025-04-10,EMEA,Online,Apparel,Running Tee,5,24.99,0.0,124.95,11.25,56.25,68.7
2025-04-10,LATAM,In-store,Media & Entertainment,Board Game,6,34.99,0.25,157.45,19.24,115.44,42.01
2025-04-10,LATAM,Online,Electronics,Smart Speaker,2,49.99,0.0,99.98,34.99,69.98,30.0
2025-04-10,North America,In-store,Electronics,Wireless Earbuds,13,79.99,0.15,883.89,51.99,675.87,208.02
2025-04-10,North America,Online,Apparel,Wool Socks 3-pack,3,14.99,0.15,38.22,6.0,18.0,20.22
2025-04-10,North America,Online,Beauty & Wellness,Vitamin C Serum,4,29.99,0.1,107.96,10.5,42.0,65.96
2025-04-10,UK & Ireland,In-store,Beauty & Wellness,Collagen Powder,2,34.99,0.0,69.98,14.0,28.0,41.98
2025-04-10,UK & Ireland,In-store,Electronics,USB-C Charger,15,19.99,0.0,299.85,10.99,164.85,135.0
2025-04-10,UK & Ireland,In-store,Media & Entertainment,Vinyl Record,5,27.99,0.0,139.95,16.79,83.95,56.0
2025-04-10,UK & Ireland,Online,Apparel,Running Tee,2,24.99,0.0,49.98,11.25,22.5,27.48
2025-04-10,UK & Ireland,Online,Home & Kitchen,Air Fryer,3,89.99,0.0,269.97,62.99,188.97,81.0
2025-04-10,UK & Ireland,Online,Media & Entertainment,Blu-ray Box Set,1,39.99,0.15,33.99,29.99,29.99,4.0
2025-04-11,APAC,In-store,Apparel,Running Tee,7,24.99,0.0,174.93,11.25,78.75,96.18
2025-04-11,APAC,Online,Electronics,Wireless Earbuds,5,79.99,0.0,399.95,51.99,259.95,140.0
2025-04-11,APAC,Online,Home & Kitchen,Air Fryer,3,89.99,0.15,229.47,62.99,188.97,40.5
2025-04-11,EMEA,In-store,Apparel,Wool Socks 3-pack,2,14.99,0.0,29.98,6.0,12.0,17.98
2025-04-11,EMEA,In-store,Beauty & Wellness,Collagen Powder,5,34.99,0.0,174.95,14.0,70.0,104.95
2025-04-11,EMEA,Online,Electronics,USB-C Charger,12,19.99,0.2,191.9,10.99,131.88,60.02
2025-04-11,EMEA,Online,Media & Entertainment,Vinyl Record,2,27.99,0.0,55.98,16.79,33.58,22.4
2025-04-11,LATAM,In-store,Electronics,USB-C Charger,13,19.99,0.0,259.87,10.99,142.87,117.0
2025-04-11,LATAM,Online,Media & Entertainment,Vinyl Record,1,27.99,0.25,20.99,16.79,16.79,4.2
2025-04-11,UK & Ireland,In-store,Apparel,Running Tee,9,24.99,0.0,224.91,11.25,101.25,123.66
2025-04-11,UK & Ireland,In-store,Home & Kitchen,Air Fryer,3,89.99,0.0,269.97,62.99,188.97,81.0
2025-04-11,UK & Ireland,Online,Media & Entertainment,Blu-ray Box Set,2,39.99,0.0,79.98,29.99,59.98,20.0
2025-04-12,APAC,In-store,Electronics,USB-C Charger,15,19.99,0.0,299.85,10.99,164.85,135.0
2025-04-12,APAC,Online,Media & Entertainment,Vinyl Record,4,27.99,0.25,83.97,16.79,67.16,16.81
2025-04-12,EMEA,In-store,Beauty & Wellness,Collagen Powder,11,34.99,0.0,384.89,14.0,154.0,230.89
2025-04-12,EMEA,In-store,Electronics,Wireless Earbuds,7,79.99,0.15,475.94,51.99,363.93,112.01
2025-04-12,LATAM,In-store,Apparel,Running Tee,4,24.99,0.0,99.96,11.25,45.0,54.96
2025-04-12,LATAM,In-store,Home & Kitchen,Coffee Grinder,6,39.99,0.25,179.95,23.99,143.94,36.01
2025-04-12,LATAM,In-store,Media & Entertainment,Board Game,4,34.99,0.15,118.97,19.24,76.96,42.01
2025-04-12,North America,In-store,Home & Kitchen,Cookware Set,9,129.99,0.0,1169.91,84.49,760.41,409.5
2025-04-12,North America,Online,Beauty & Wellness,Collagen Powder,3,34.99,0.0,104.97,14.0,42.0,62.97
2025-04-12,North America,Online,Electronics,Smart Speaker,3,49.99,0.0,149.97,34.99,104.97,45.0
2025-04-12,North America,Online,Electronics,USB-C Charger,8,19.99,0.0,159.92,10.99,87.92,72.0
2025-04-12,UK & Ireland,In-store,Media & Entertainment,Board Game,6,34.99,0.0,209.94,19.24,115.44,94.5
2025-04-13,APAC,In-store,Beauty & Wellness,Electric Toothbrush,12,59.99,0.0,719.88,32.99,395.88,324.0
2025-04-13,APAC,In-store,Home & Kitchen,Coffee Grinder,6,39.99,0.1,215.95,23.99,143.94,72.01
2025-04-13,APAC,In-store,Media & Entertainment,Vinyl Record,5,27.99,0.0,139.95,16.79,83.95,56.0
2025-04-13,APAC,Online,Beauty & Wellness,Vitamin C Serum,8,29.99,0.2,191.94,10.5,84.0,107.94
2025-04-13,APAC,Online,Home & Kitchen,Coffee Grinder,3,39.99,0.15,101.97,23.99,71.97,30.0
2025-04-13,EMEA,Online,Electronics,Wireless Earbuds,9,79.99,0.0,719.91,51.99,467.91,252.0
2025-04-13,LATAM,In-store,Electronics,Smart Speaker,5,49.99,0.25,187.46,34.99,174.95,12.51
2025-04-13,LATAM,Online,Apparel,Denim Jacket,1,69.99,0.0,69.99,34.99,34.99,35.0
2025-04-13,North America,In-store,Apparel,Denim Jacket,4,69.99,0.0,279.96,34.99,139.96,140.0
2025-04-13,North America,In-store,Electronics,Smart Speaker,4,49.99,0.0,199.96,34.99,139.96,60.0
2025-04-13,North America,In-store,Media & Entertainment,Board Game,5,34.99,0.0,174.95,19.24,96.2,78.75
2025-04-13,North America,Online,Media & Entertainment,Blu-ray Box Set,4,39.99,0.15,135.97,29.99,119.96,16.01
2025-04-13,UK & Ireland,In-store,Media & Entertainment,Blu-ray Box Set,3,39.99,0.25,89.98,29.99,89.97,0.01
2025-04-13,UK & Ireland,In-store,Media & Entertainment,Vinyl Record,3,27.99,0.0,83.97,16.79,50.37,33.6
2025-04-13,UK & Ireland,Online,Electronics,Wireless Earbuds,10,79.99,0.0,799.9,51.99,519.9,280.0
2025-04-14,APAC,In-store,Beauty & Wellness,Collagen Powder,8,34.99,0.0,279.92,14.0,112.0,167.92
2025-04-14,APAC,In-store,Media & Entertainment,Board Game,7,34.99,0.0,244.93,19.24,134.68,110.25
2025-04-14,EMEA,In-store,Apparel,Wool Socks 3-pack,2,14.99,0.0,29.98,6.0,12.0,17.98
2025-04-14,EMEA,Online,Beauty & Wellness,Collagen Powder,2,34.99,0.0,69.98,14.0,28.0,41.98
2025-04-14,EMEA,Online,Home & Kitchen,Coffee Grinder,4,39.99,0.2,127.97,23.99,95.96,32.01
2025-04-14,LATAM,In-store,Electronics,USB-C Charger,7,19.99,0.0,139.93,10.99,76.93,63.0
2025-04-14,LATAM,In-store,Media & Entertainment,Board Game,5,34.99,0.0,174.95,19.24,96.2,78.75
2025-04-14,LATAM,In-store,Media & Entertainment,Vinyl Record,2,27.99,0.2,44.78,16.79,33.58,11.2
2025-04-14,LATAM,Online,Media & Entertainment,Vinyl Record,1,27.99,0.2,22.39,16.79,16.79,5.6
2025-04-14,North America,In-store,Beauty & Wellness,Collagen Powder,2,34.99,0.25,52.48,14.0,28.0,24.48
2025-04-14,North America,In-store,Home & Kitchen,Air Fryer,5,89.99,0.0,449.95,62.99,314.95,135.0
2025-04-14,North America,Online,Home & Kitchen,Coffee Grinder,3,39.99,0.0,119.97,23.99,71.97,48.0
2025-04-15,APAC,In-store,Beauty & Wellness,Collagen Powder,5,34.99,0.1,157.46,14.0,70.0,87.46
2025-04-15,APAC,In-store,Electronics,Smart Speaker,4,49.99,0.25,149.97,34.99,139.96,10.01
2025-04-15,APAC,Online,Apparel,Denim Jacket,2,69.99,0.0,139.98,34.99,69.98,70.0
2025-04-15,EMEA,Online,Apparel,Denim Jacket,2,69.99,0.15,118.98,34.99,69.98,49.0
2025-04-15,EMEA,Online,Beauty & Wellness,Collagen Powder,1,34.99,0.0,34.99,14.0,14.0,20.99
2025-04-15,EMEA,Online,Home & Kitchen,Coffee Grinder,1,39.99,0.0,39.99,23.99,23.99,16.0
2025-04-15,EMEA,Online,Media & Entertainment,Board Game,3,34.99,0.1,94.47,19.24,57.72,36.75
2025-04-15,LATAM,In-store,Electronics,Smart Speaker,6,49.99,0.0,299.94,34.99,209.94,90.0
2025-04-15,LATAM,In-store,Media & Entertainment,Vinyl Record,4,27.99,0.0,111.96,16.79,67.16,44.8
2025-04-15,LATAM,Online,Beauty & Wellness,Vitamin C Serum,5,29.99,0.0,149.95,10.5,52.5,97.45
2025-04-15,LATAM,Online,Home & Kitchen,Air Fryer,3,89.99,0.0,269.97,62.99,188.97,81.0
2025-04-15,North America,In-store,Beauty & Wellness,Collagen Powder,6,34.99,0.0,209.94,14.0,84.0,125.94
2025-04-15,North America,In-store,Media & Entertainment,Blu-ray Box Set,8,39.99,0.1,287.93,29.99,239.92,48.01
2025-04-15,North America,Online,Beauty & Wellness,Vitamin C Serum,2,29.99,0.2,47.98,10.5,21.0,26.98
2025-04-15,North America,Online,Electronics,USB-C Charger,4,19.99,0.0,79.96,10.99,43.96,36.0
2025-04-15,North America,Online,Media & Entertainment,Blu-ray Box Set,3,39.99,0.0,119.97,29.99,89.97,30.0
2025-04-15,UK & Ireland,In-store,Electronics,Wireless Earbuds,9,79.99,0.2,575.93,51.99,467.91,108.02
2025-04-15,UK & Ireland,In-store,Home & Kitchen,Cookware Set,6,129.99,0.0,779.94,84.49,506.94,273.0
2025-04-15,UK & Ireland,Online,Home & Kitchen,Coffee Grinder,4,39.99,0.0,159.96,23.99,95.96,64.0
2025-04-15,UK & Ireland,Online,Media & Entertainment,Blu-ray Box Set,2,39.99,0.0,79.98,29.99,59.98,20.0
2025-04-15,UK & Ireland,Online,Media & Entertainment,Board Game,2,34.99,0.15,59.48,19.24,38.48,21.0
2025-04-16,APAC,In-store,Home & Kitchen,Air Fryer,3,89.99,0.0,269.97,62.99,188.97,81.0
2025-04-16,APAC,Online,Electronics,Wireless Earbuds,3,79.99,0.0,239.97,51.99,155.97,84.0
2025-04-16,LATAM,In-store,Electronics,Wireless Earbuds,4,79.99,0.1,287.96,51.99,207.96,80.0
2025-04-16,LATAM,Online,Beauty & Wellness,Collagen Powder,3,34.99,0.0,104.97,14.0,42.0,62.97
2025-04-16,LATAM,Online,Beauty & Wellness,Electric Toothbrush,2,59.99,0.0,119.98,32.99,65.98,54.0
2025-04-16,North America,In-store,Home & Kitchen,Cookware Set,4,129.99,0.2,415.97,84.49,337.96,78.01
2025-04-16,North America,In-store,Media & Entertainment,Blu-ray Box Set,5,39.99,0.1,179.96,29.99,149.95,30.01
2025-04-16,North America,Online,Apparel,Running Tee,12,24.99,0.25,224.91,11.25,135.0,89.91
2025-04-16,North America,Online,Electronics,Wireless Earbuds,5,79.99,0.0,399.95,51.99,259.95,140.0
2025-04-17,APAC,Online,Beauty & Wellness,Vitamin C Serum,4,29.99,0.0,119.96,10.5,42.0,77.96
2025-04-17,APAC,Online,Electronics,USB-C Charger,4,19.99,0.0,79.96,10.99,43.96,36.0
2025-04-17,EMEA,Online,Apparel,Running Tee,4,24.99,0.1,89.96,11.25,45.0,44.96
2025-04-17,EMEA,Online,Apparel,Wool Socks 3-pack,4,14.99,0.0,59.96,6.0,24.0,35.96
2025-04-17,EMEA,Online,Media & Entertainment,Blu-ray Box Set,3,39.99,0.15,101.97,29.99,89.97,12.0
2025-04-17,LATAM,In-store,Electronics,USB-C Charger,9,19.99,0.0,179.91,10.99,98.91,81.0
2025-04-17,LATAM,Online,Home & Kitchen,Air Fryer,2,89.99,0.0,179.98,62.99,125.98,54.0
2025-04-17,North America,In-store,Beauty & Wellness,Collagen Powder,4,34.99,0.0,139.96,14.0,56.0,83.96
2025-04-17,North America,In-store,Beauty & Wellness,Vitamin C Serum,12,29.99,0.25,269.91,10.5,126.0,143.91
2025-04-17,UK & Ireland,In-store,Apparel,Wool Socks 3-pack,1,14.99,0.0,14.99,6.0,6.0,8.99
2025-04-17,UK & Ireland,Online,Beauty & Wellness,Electric Toothbrush,1,59.99,0.25,44.99,32.99,32.99,12.0
2025-04-17,UK & Ireland,Online,Home & Kitchen,Coffee Grinder,3,39.99,0.0,119.97,23.99,71.97,48.0
2025-04-18,APAC,In-store,Apparel,Wool Socks 3-pack,16,14.99,0.1,215.86,6.0,96.0,119.86
2025-04-18,APAC,In-store,Electronics,Wireless Earbuds,13,79.99,0.15,883.89,51.99,675.87,208.02
2025-04-18,EMEA,In-store,Media & Entertainment,Blu-ray Box Set,5,39.99,0.0,199.95,29.99,149.95,50.0
2025-04-18,LATAM,In-store,Electronics,USB-C Charger,5,19.99,0.0,99.95,10.99,54.95,45.0
2025-04-18,LATAM,In-store,Electronics,Wireless Earbuds,10,79.99,0.0,799.9,51.99,519.9,280.0
2025-04-18,LATAM,In-store,Media & Entertainment,Blu-ray Box Set,6,39.99,0.0,239.94,29.99,179.94,60.0
2025-04-18,North America,In-store,Beauty & Wellness,Collagen Powder,10,34.99,0.0,349.9,14.0,140.0,209.9
2025-04-18,North America,Online,Beauty & Wellness,Electric Toothbrush,5,59.99,0.0,299.95,32.99,164.95,135.0
2025-04-18,North America,Online,Electronics,Smart Speaker,5,49.99,0.0,249.95,34.99,174.95,75.0
2025-04-18,UK & Ireland,In-store,Electronics,Wireless Earbuds,8,79.99,0.0,639.92,51.99,415.92,224.0
2025-04-18,UK & Ireland,Online,Electronics,USB-C Charger,6,19.99,0.0,119.94,10.99,65.94,54.0
2025-04-19,APAC,Online,Apparel,Running Tee,1,24.99,0.0,24.99,11.25,11.25,13.74
2025-04-19,APAC,Online,Home & Kitchen,Air Fryer,6,89.99,0.2,431.95,62.99,377.94,54.01
2025-04-19,EMEA,In-store,Media & Entertainment,Blu-ray Box Set,9,39.99,0.0,359.91,29.99,269.91,90.0
2025-04-19,EMEA,Online,Media & Entertainment,Vinyl Record,4,27.99,0.0,111.96,16.79,67.16,44.8
2025-04-19,LATAM,Online,Apparel,Wool Socks 3-pack,4,14.99,0.0,59.96,6.0,24.0,35.96
2025-04-19,LATAM,Online,Media & Entertainment,Board Game,1,34.99,0.0,34.99,19.24,19.24,15.75
2025-04-19,North America,Online,Apparel,Running Tee,5,24.99,0.15,106.21,11.25,56.25,49.96
2025-04-19,North America,Online,Electronics,USB-C Charger,11,19.99,0.1,197.9,10.99,120.89,77.01
2025-04-19,UK & Ireland,In-store,Home & Kitchen,Coffee Grinder,7,39.99,0.0,279.93,23.99,167.93,112.0
2025-04-19,UK & Ireland,Online,Media & Entertainment,Board Game,3,34.99,0.0,104.97,19.24,57.72,47.25
2025-04-20,APAC,In-store,Media & Entertainment,Board Game,7,34.99,0.0,244.93,19.24,134.68,110.25
2025-04-20,APAC,Online,Media & Entertainment,Board Game,5,34.99,0.0,174.95,19.24,96.2,78.75
2025-04-20,EMEA,In-store,Electronics,Wireless Earbuds,7,79.99,0.0,559.93,51.99,363.93,196.0
2025-04-20,EMEA,Online,Electronics,Smart Speaker,4,49.99,0.15,169.97,34.99,139.96,30.01
2025-04-20,EMEA,Online,Media & Entertainment,Board Game,3,34.99,0.0,104.97,19.24,57.72,47.25
2025-04-20,LATAM,In-store,Beauty & Wellness,Electric Toothbrush,4,59.99,0.0,239.96,32.99,131.96,108.0
2025-04-20,LATAM,In-store,Media & Entertainment,Board Game,2,34.99,0.1,62.98,19.24,38.48,24.5
2025-04-20,LATAM,Online,Beauty & Wellness,Vitamin C Serum,5,29.99,0.0,149.95,10.5,52.5,97.45
2025-04-20,LATAM,Online,Home & Kitchen,Air Fryer,3,89.99,0.2,215.98,62.99,188.97,27.01
2025-04-20,North America,In-store,Beauty & Wellness,Electric Toothbrush,4,59.99,0.25,179.97,32.99,131.96,48.01
2025-04-20,UK & Ireland,Online,Apparel,Denim Jacket,7,69.99,0.0,489.93,34.99,244.93,245.0
2025-04-20,UK & Ireland,Online,Beauty & Wellness,Vitamin C Serum,2,29.99,0.0,59.98,10.5,21.0,38.98
2025-04-20,UK & Ireland,Online,Home & Kitchen,Air Fryer,1,89.99,0.0,89.99,62.99,62.99,27.0
2025-04-20,UK & Ireland,Online,Media & Entertainment,Board Game,8,34.99,0.1,251.93,19.24,153.92,98.01
2025-04-21,APAC,Online,Beauty & Wellness,Electric Toothbrush,2,59.99,0.0,119.98,32.99,65.98,54.0
2025-04-21,APAC,Online,Home & Kitchen,Air Fryer,5,89.99,0.0,449.95,62.99,314.95,135.0
2025-04-21,EMEA,Online,Media & Entertainment,Board Game,4,34.99,0.0,139.96,19.24,76.96,63.0
2025-04-21,LATAM,In-store,Home & Kitchen,Air Fryer,2,89.99,0.0,179.98,62.99,125.98,54.0
2025-04-21,LATAM,In-store,Home & Kitchen,Coffee Grinder,2,39.99,0.0,79.98,23.99,47.98,32.0
2025-04-21,LATAM,Online,Media & Entertainment,Blu-ray Box Set,1,39.99,0.1,35.99,29.99,29.99,6.0
2025-04-21,North America,In-store,Home & Kitchen,Air Fryer,10,89.99,0.0,899.9,62.99,629.9,270.0
2025-04-21,North America,Online,Apparel,Wool Socks 3-pack,5,14.99,0.0,74.95,6.0,30.0,44.95
2025-04-21,UK & Ireland,In-store,Home & Kitchen,Cookware Set,4,129.99,0.0,519.96,84.49,337.96,182.0
2025-04-21,UK & Ireland,In-store,Media & Entertainment,Blu-ray Box Set,3,39.99,0.0,119.97,29.99,89.97,30.0
2025-04-21,UK & Ireland,Online,Home & Kitchen,Air Fryer,3,89.99,0.0,269.97,62.99,188.97,81.0
2025-04-21,UK & Ireland,Online,Home & Kitchen,Cookware Set,1,129.99,0.0,129.99,84.49,84.49,45.5
2025-04-22,APAC,Online,Apparel,Wool Socks 3-pack,4,14.99,0.2,47.97,6.0,24.0,23.97
2025-04-22,APAC,Online,Media & Entertainment,Board Game,2,34.99,0.15,59.48,19.24,38.48,21.0
2025-04-22,LATAM,In-store,Apparel,Denim Jacket,6,69.99,0.2,335.95,34.99,209.94,126.01
2025-04-22,LATAM,In-store,Beauty & Wellness,Vitamin C Serum,4,29.99,0.0,119.96,10.5,42.0,77.96
2025-04-22,LATAM,In-store,Electronics,Wireless Earbuds,5,79.99,0.15,339.96,51.99,259.95,80.01
2025-04-22,LATAM,In-store,Home & Kitchen,Cookware Set,2,129.99,0.15,220.98,84.49,168.98,52.0
2025-04-22,LATAM,Online,Electronics,Smart Speaker,3,49.99,0.0,149.97,34.99,104.97,45.0
2025-04-22,North America,In-store,Electronics,Wireless Earbuds,8,79.99,0.0,639.92,51.99,415.92,224.0
2025-04-22,North America,Online,Electronics,USB-C Charger,4,19.99,0.0,79.96,10.99,43.96,36.0
2025-04-22,UK & Ireland,Online,Home & Kitchen,Cookware Set,4,129.99,0.0,519.96,84.49,337.96,182.0
2025-04-22,UK & Ireland,Online,Media & Entertainment,Blu-ray Box Set,3,39.99,0.0,119.97,29.99,89.97,30.0
2025-04-23,APAC,In-store,Apparel,Running Tee,6,24.99,0.0,149.94,11.25,67.5,82.44
2025-04-23,APAC,In-store,Media & Entertainment,Vinyl Record,2,27.99,0.15,47.58,16.79,33.58,14.0
2025-04-23,EMEA,In-store,Electronics,USB-C Charger,14,19.99,0.2,223.89,10.99,153.86,70.03
2025-04-23,EMEA,In-store,Media & Entertainment,Board Game,10,34.99,0.0,349.9,19.24,192.4,157.5
2025-04-23,EMEA,Online,Apparel,Running Tee,7,24.99,0.0,174.93,11.25,78.75,96.18
2025-04-23,EMEA,Online,Beauty & Wellness,Collagen Powder,5,34.99,0.0,174.95,14.0,70.0,104.95
2025-04-23,EMEA,Online,Beauty & Wellness,Electric Toothbrush,7,59.99,0.0,419.93,32.99,230.93,189.0
2025-04-23,LATAM,In-store,Beauty & Wellness,Collagen Powder,3,34.99,0.1,94.47,14.0,42.0,52.47
2025-04-23,LATAM,In-store,Beauty & Wellness,Electric Toothbrush,6,59.99,0.0,359.94,32.99,197.94,162.0
2025-04-23,LATAM,In-store,Electronics,Smart Speaker,5,49.99,0.0,249.95,34.99,174.95,75.0
2025-04-23,LATAM,Online,Electronics,Wireless Earbuds,3,79.99,0.0,239.97,51.99,155.97,84.0
2025-04-23,LATAM,Online,Media & Entertainment,Board Game,3,34.99,0.1,94.47,19.24,57.72,36.75
2025-04-23,LATAM,Online,Media & Entertainment,Vinyl Record,1,27.99,0.0,27.99,16.79,16.79,11.2
2025-04-23,North America,In-store,Electronics,Smart Speaker,7,49.99,0.0,349.93,34.99,244.93,105.0
2025-04-23,UK & Ireland,In-store,Apparel,Running Tee,9,24.99,0.25,168.68,11.25,101.25,67.43
2025-04-23,UK & Ireland,In-store,Beauty & Wellness,Electric Toothbrush,4,59.99,0.2,191.97,32.99,131.96,60.01
2025-04-23,UK & Ireland,Online,Beauty & Wellness,Collagen Powder,6,34.99,0.0,209.94,14.0,84.0,125.94
2025-04-24,APAC,In-store,Home & Kitchen,Cookware Set,4,129.99,0.0,519.96,84.49,337.96,182.0
2025-04-24,APAC,Online,Electronics,USB-C Charger,2,19.99,0.1,35.98,10.99,21.98,14.0
2025-04-24,EMEA,In-store,Home & Kitchen,Cookware Set,4,129.99,0.0,519.96,84.49,337.96,182.0
2025-04-24,EMEA,Online,Beauty & Wellness,Collagen Powder,4,34.99,0.0,139.96,14.0,56.0,83.96
2025-04-24,LATAM,In-store,Media & Entertainment,Blu-ray Box Set,2,39.99,0.2,63.98,29.99,59.98,4.0
2025-04-24,LATAM,Online,Apparel,Running Tee,3,24.99,0.0,74.97,11.25,33.75,41.22
2025-04-24,LATAM,Online,Electronics,USB-C Charger,8,19.99,0.0,159.92,10.99,87.92,72.0
2025-04-24,LATAM,Online,Home & Kitchen,Cookware Set,1,129.99,0.0,129.99,84.49,84.49,45.5
2025-04-24,North America,In-store,Electronics,Smart Speaker,6,49.99,0.0,299.94,34.99,209.94,90.0
2025-04-24,North America,In-store,Media & Entertainment,Blu-ray Box Set,2,39.99,0.0,79.98,29.99,59.98,20.0
2025-04-24,North America,Online,Beauty & Wellness,Vitamin C Serum,5,29.99,0.0,149.95,10.5,52.5,97.45
2025-04-24,UK & Ireland,In-store,Beauty & Wellness,Electric Toothbrush,6,59.99,0.0,359.94,32.99,197.94,162.0
2025-04-24,UK & Ireland,Online,Beauty & Wellness,Electric Toothbrush,4,59.99,0.0,239.96,32.99,131.96,108.0
2025-04-25,APAC,In-store,Media & Entertainment,Board Game,10,34.99,0.1,314.91,19.24,192.4,122.51
2025-04-25,APAC,Online,Apparel,Wool Socks 3-pack,5,14.99,0.0,74.95,6.0,30.0,44.95
2025-04-25,APAC,Online,Electronics,USB-C Charger,9,19.99,0.0,179.91,10.99,98.91,81.0
2025-04-25,EMEA,In-store,Apparel,Running Tee,5,24.99,0.15,106.21,11.25,56.25,49.96
2025-04-25,EMEA,Online,Beauty & Wellness,Collagen Powder,3,34.99,0.2,83.98,14.0,42.0,41.98
2025-04-25,LATAM,In-store,Electronics,Smart Speaker,8,49.99,0.0,399.92,34.99,279.92,120.0
2025-04-25,LATAM,Online,Apparel,Wool Socks 3-pack,3,14.99,0.1,40.47,6.0,18.0,22.47
2025-04-25,North America,In-store,Apparel,Denim Jacket,1,69.99,0.0,69.99,34.99,34.99,35.0
2025-04-25,North America,In-store,Apparel,Running Tee,10,24.99,0.0,249.9,11.25,112.5,137.4
2025-04-25,North America,In-store,Apparel,Wool Socks 3-pack,5,14.99,0.0,74.95,6.0,30.0,44.95
2025-04-25,North America,In-store,Electronics,Smart Speaker,10,49.99,0.15,424.92,34.99,349.9,75.02
2025-04-25,North America,In-store,Electronics,USB-C Charger,4,19.99,0.2,63.97,10.99,43.96,20.01
2025-04-25,North America,In-store,Media & Entertainment,Vinyl Record,11,27.99,0.0,307.89,16.79,184.69,123.2
2025-04-25,North America,Online,Apparel,Running Tee,9,24.99,0.0,224.91,11.25,101.25,123.66
2025-04-25,North America,Online,Electronics,Wireless Earbuds,7,79.99,0.0,559.93,51.99,363.93,196.0
2025-04-25,UK & Ireland,In-store,Apparel,Running Tee,9,24.99,0.0,224.91,11.25,101.25,123.66
2025-04-25,UK & Ireland,In-store,Electronics,Smart Speaker,3,49.99,0.25,112.48,34.99,104.97,7.51
2025-04-25,UK & Ireland,In-store,Media & Entertainment,Blu-ray Box Set,6,39.99,0.0,239.94,29.99,179.94,60.0
2025-04-26,APAC,In-store,Apparel,Denim Jacket,3,69.99,0.1,188.97,34.99,104.97,84.0
2025-04-26,APAC,In-store,Home & Kitchen,Cookware Set,2,129.99,0.0,259.98,84.49,168.98,91.0
2025-04-26,APAC,Online,Apparel,Wool Socks 3-pack,4,14.99,0.1,53.96,6.0,24.0,29.96
2025-04-26,APAC,Online,Beauty & Wellness,Vitamin C Serum,4,29.99,0.15,101.97,10.5,42.0,59.97
2025-04-26,APAC,Online,Home & Kitchen,Air Fryer,2,89.99,0.0,179.98,62.99,125.98,54.0
2025-04-26,EMEA,In-store,Beauty & Wellness,Vitamin C Serum,15,29.99,0.1,404.86,10.5,157.5,247.36
2025-04-26,EMEA,Online,Home & Kitchen,Coffee Grinder,5,39.99,0.0,199.95,23.99,119.95,80.0
2025-04-26,LATAM,In-store,Home & Kitchen,Coffee Grinder,6,39.99,0.25,179.95,23.99,143.94,36.01
2025-04-26,LATAM,Online,Apparel,Running Tee,4,24.99,0.25,74.97,11.25,45.0,29.97
2025-04-26,LATAM,Online,Beauty & Wellness,Collagen Powder,2,34.99,0.2,55.98,14.0,28.0,27.98
2025-04-26,LATAM,Online,Media & Entertainment,Vinyl Record,3,27.99,0.0,83.97,16.79,50.37,33.6
2025-04-26,North America,In-store,Electronics,Smart Speaker,11,49.99,0.0,549.89,34.99,384.89,165.0
2025-04-26,North America,Online,Beauty & Wellness,Collagen Powder,5,34.99,0.0,174.95,14.0,70.0,104.95
2025-04-26,UK & Ireland,Online,Home & Kitchen,Air Fryer,2,89.99,0.0,179.98,62.99,125.98,54.0
2025-04-27,APAC,In-store,Media & Entertainment,Vinyl Record,7,27.99,0.0,195.93,16.79,117.53,78.4
2025-04-27,EMEA,In-store,Media & Entertainment,Blu-ray Box Set,1,39.99,0.0,39.99,29.99,29.99,10.0
2025-04-27,EMEA,Online,Beauty & Wellness,Collagen Powder,2,34.99,0.15,59.48,14.0,28.0,31.48
2025-04-27,EMEA,Online,Electronics,Wireless Earbuds,3,79.99,0.0,239.97,51.99,155.97,84.0
2025-04-27,LATAM,In-store,Beauty & Wellness,Electric Toothbrush,3,59.99,0.0,179.97,32.99,98.97,81.0
2025-04-27,LATAM,In-store,Electronics,Wireless Earbuds,4,79.99,0.0,319.96,51.99,207.96,112.0
2025-04-27,LATAM,Online,Beauty & Wellness,Collagen Powder,2,34.99,0.0,69.98,14.0,28.0,41.98
2025-04-27,LATAM,Online,Home & Kitchen,Cookware Set,3,129.99,0.2,311.98,84.49,253.47,58.51
2025-04-27,North America,In-store,Home & Kitchen,Cookware Set,4,129.99,0.0,519.96,84.49,337.96,182.0
2025-04-27,North America,In-store,Media & Entertainment,Vinyl Record,4,27.99,0.1,100.76,16.79,67.16,33.6
2025-04-27,UK & Ireland,In-store,Electronics,Wireless Earbuds,4,79.99,0.0,319.96,51.99,207.96,112.0
2025-04-27,UK & Ireland,Online,Home & Kitchen,Cookware Set,1,129.99,0.15,110.49,84.49,84.49,26.0
2025-04-28,APAC,In-store,Apparel,Wool Socks 3-pack,7,14.99,0.0,104.93,6.0,42.0,62.93
2025-04-28,APAC,In-store,Beauty & Wellness,Electric Toothbrush,7,59.99,0.0,419.93,32.99,230.93,189.0
2025-04-28,APAC,Online,Electronics,USB-C Charger,8,19.99,0.0,159.92,10.99,87.92,72.0
2025-04-28,EMEA,In-store,Home & Kitchen,Cookware Set,2,129.99,0.0,259.98,84.49,168.98,91.0
2025-04-28,EMEA,Online,Electronics,USB-C Charger,5,19.99,0.0,99.95,10.99,54.95,45.0
2025-04-28,EMEA,Online,Home & Kitchen,Air Fryer,3,89.99,0.2,215.98,62.99,188.97,27.01
2025-04-28,LATAM,In-store,Apparel,Running Tee,6,24.99,0.0,149.94,11.25,67.5,82.44
2025-04-28,LATAM,Online,Beauty & Wellness,Vitamin C Serum,4,29.99,0.0,119.96,10.5,42.0,77.96
2025-04-28,LATAM,Online,Home & Kitchen,Air Fryer,3,89.99,0.15,229.47,62.99,188.97,40.5
2025-04-28,LATAM,Online,Media & Entertainment,Blu-ray Box Set,2,39.99,0.0,79.98,29.99,59.98,20.0
2025-04-28,North America,In-store,Beauty & Wellness,Vitamin C Serum,4,29.99,0.0,119.96,10.5,42.0,77.96
2025-04-28,North America,Online,Apparel,Wool Socks 3-pack,1,14.99,0.0,14.99,6.0,6.0,8.99
2025-04-28,North America,Online,Home & Kitchen,Cookware Set,3,129.99,0.15,331.47,84.49,253.47,78.0
2025-04-28,North America,Online,Media & Entertainment,Vinyl Record,2,27.99,0.15,47.58,16.79,33.58,14.0
2025-04-28,UK & Ireland,Online,Apparel,Denim Jacket,1,69.99,0.0,69.99,34.99,34.99,35.0
2025-04-28,UK & Ireland,Online,Beauty & Wellness,Collagen Powder,1,34.99,0.0,34.99,14.0,14.0,20.99
2025-04-29,APAC,In-store,Home & Kitchen,Air Fryer,2,89.99,0.0,179.98,62.99,125.98,54.0
2025-04-29,APAC,Online,Beauty & Wellness,Electric Toothbrush,3,59.99,0.2,143.98,32.99,98.97,45.01
2025-04-29,APAC,Online,Home & Kitchen,Air Fryer,5,89.99,0.0,449.95,62.99,314.95,135.0
2025-04-29,EMEA,In-store,Beauty & Wellness,Vitamin C Serum,1,29.99,0.25,22.49,10.5,10.5,11.99
2025-04-29,EMEA,Online,Apparel,Running Tee,3,24.99,0.0,74.97,11.25,33.75,41.22
2025-04-29,EMEA,Online,Beauty & Wellness,Collagen Powder,7,34.99,0.0,244.93,14.0,98.0,146.93
2025-04-29,EMEA,Online,Beauty & Wellness,Vitamin C Serum,6,29.99,0.0,179.94,10.5,63.0,116.94
2025-04-29,EMEA,Online,Home & Kitchen,Coffee Grinder,3,39.99,0.2,95.98,23.99,71.97,24.01
2025-04-29,LATAM,In-store,Home & Kitchen,Coffee Grinder,1,39.99,0.0,39.99,23.99,23.99,16.0
2025-04-29,LATAM,Online,Beauty & Wellness,Vitamin C Serum,4,29.99,0.0,119.96,10.5,42.0,77.96
2025-04-29,LATAM,Online,Home & Kitchen,Cookware Set,3,129.99,0.15,331.47,84.49,253.47,78.0
2025-04-30,APAC,In-store,Apparel,Running Tee,7,24.99,0.0,174.93,11.25,78.75,96.18
2025-04-30,APAC,In-store,Apparel,Wool Socks 3-pack,4,14.99,0.0,59.96,6.0,24.0,35.96
2025-04-30,APAC,In-store,Home & Kitchen,Coffee Grinder,7,39.99,0.0,279.93,23.99,167.93,112.0
2025-04-30,APAC,Online,Electronics,Smart Speaker,4,49.99,0.0,199.96,34.99,139.96,60.0
2025-04-30,EMEA,In-store,Home & Kitchen,Cookware Set,2,129.99,0.0,259.98,84.49,168.98,91.0
2025-04-30,LATAM,Online,Apparel,Denim Jacket,2,69.99,0.0,139.98,34.99,69.98,70.0
2025-04-30,North America,In-store,Apparel,Denim Jacket,3,69.99,0.0,209.97,34.99,104.97,105.0
2025-04-30,North America,In-store,Electronics,Smart Speaker,3,49.99,0.25,112.48,34.99,104.97,7.51
2025-04-30,North America,Online,Electronics,Smart Speaker,5,49.99,0.0,249.95,34.99,174.95,75.0
2025-04-30,North America,Online,Electronics,Wireless Earbuds,2,79.99,0.0,159.98,51.99,103.98,56.0
2025-04-30,UK & Ireland,In-store,Electronics,Wireless Earbuds,5,79.99,0.2,319.96,51.99,259.95,60.01
2025-04-30,UK & Ireland,In-store,Home & Kitchen,Cookware Set,3,129.99,0.0,389.97,84.49,253.47,136.5
2025-04-30,UK & Ireland,Online,Apparel,Denim Jacket,3,69.99,0.25,157.48,34.99,104.97,52.51
2025-05-01,APAC,In-store,Beauty & Wellness,Collagen Powder,3,34.99,0.0,104.97,14.0,42.0,62.97
2025-05-01,APAC,In-store,Electronics,Wireless Earbuds,15,79.99,0.0,1199.85,51.99,779.85,420.0
2025-05-01,EMEA,In-store,Media & Entertainment,Vinyl Record,2,27.99,0.0,55.98,16.79,33.58,22.4
2025-05-01,LATAM,In-store,Apparel,Running Tee,3,24.99,0.2,59.98,11.25,33.75,26.23
2025-05-01,LATAM,In-store,Electronics,Smart Speaker,2,49.99,0.0,99.98,34.99,69.98,30.0
2025-05-01,LATAM,In-store,Media & Entertainment,Blu-ray Box Set,3,39.99,0.0,119.97,29.99,89.97,30.0
2025-05-01,LATAM,Online,Home & Kitchen,Coffee Grinder,1,39.99,0.0,39.99,23.99,23.99,16.0
2025-05-01,North America,In-store,Electronics,Wireless Earbuds,14,79.99,0.0,1119.86,51.99,727.86,392.0
2025-05-01,UK & Ireland,In-store,Apparel,Wool Socks 3-pack,4,14.99,0.0,59.96,6.0,24.0,35.96
2025-05-01,UK & Ireland,In-store,Home & Kitchen,Coffee Grinder,3,39.99,0.0,119.97,23.99,71.97,48.0
2025-05-01,UK & Ireland,Online,Home & Kitchen,Coffee Grinder,3,39.99,0.0,119.97,23.99,71.97,48.0
2025-05-02,APAC,In-store,Media & Entertainment,Board Game,6,34.99,0.0,209.94,19.24,115.44,94.5
2025-05-02,APAC,In-store,Media & Entertainment,Vinyl Record,4,27.99,0.0,111.96,16.79,67.16,44.8
2025-05-02,APAC,Online,Electronics,Wireless Earbuds,6,79.99,0.0,479.94,51.99,311.94,168.0
2025-05-02,EMEA,In-store,Beauty & Wellness,Electric Toothbrush,5,59.99,0.1,269.95,32.99,164.95,105.0
2025-05-02,EMEA,In-store,Home & Kitchen,Cookware Set,1,129.99,0.2,103.99,84.49,84.49,19.5
2025-05-02,LATAM,In-store,Beauty & Wellness,Vitamin C Serum,5,29.99,0.0,149.95,10.5,52.5,97.45
2025-05-02,LATAM,In-store,Electronics,USB-C Charger,10,19.99,0.1,179.91,10.99,109.9,70.01
2025-05-02,LATAM,Online,Beauty & Wellness,Vitamin C Serum,4,29.99,0.0,119.96,10.5,42.0,77.96
2025-05-02,North America,Online,Apparel,Running Tee,6,24.99,0.0,149.94,11.25,67.5,82.44
2025-05-02,North America,Online,Apparel,Wool Socks 3-pack,4,14.99,0.1,53.96,6.0,24.0,29.96
2025-05-02,UK & Ireland,In-store,Home & Kitchen,Air Fryer,1,89.99,0.0,89.99,62.99,62.99,27.0
2025-05-02,UK & Ireland,Online,Home & Kitchen,Air Fryer,3,89.99,0.0,269.97,62.99,188.97,81.0
2025-05-02,UK & Ireland,Online,Media & Entertainment,Board Game,2,34.99,0.0,69.98,19.24,38.48,31.5
2025-05-03,APAC,Online,Media & Entertainment,Board Game,1,34.99,0.0,34.99,19.24,19.24,15.75
2025-05-03,EMEA,In-store,Media & Entertainment,Blu-ray Box Set,6,39.99,0.0,239.94,29.99,179.94,60.0
2025-05-03,EMEA,Online,Apparel,Running Tee,8,24.99,0.1,179.93,11.25,90.0,89.93
2025-05-03,EMEA,Online,Beauty & Wellness,Collagen Powder,3,34.99,0.25,78.73,14.0,42.0,36.73
2025-05-03,LATAM,In-store,Beauty & Wellness,Vitamin C Serum,7,29.99,0.0,209.93,10.5,73.5,136.43
2025-05-03,LATAM,Online,Beauty & Wellness,Collagen Powder,6,34.99,0.25,157.45,14.0,84.0,73.45
2025-05-03,LATAM,Online,Home & Kitchen,Air Fryer,1,89.99,0.15,76.49,62.99,62.99,13.5
2025-05-03,North America,In-store,Home & Kitchen,Coffee Grinder,9,39.99,0.2,287.93,23.99,215.91,72.02
2025-05-03,North America,Online,Beauty & Wellness,Electric Toothbrush,2,59.99,0.0,119.98,32.99,65.98,54.0
2025-05-03,North America,Online,Beauty & Wellness,Vitamin C Serum,4,29.99,0.0,119.96,10.5,42.0,77.96
2025-05-03,North America,Online,Electronics,Smart Speaker,8,49.99,0.0,399.92,34.99,279.92,120.0
2025-05-03,North America,Online,Media & Entertainment,Board Game,7,34.99,0.25,183.7,19.24,134.68,49.02
2025-05-04,APAC,Online,Apparel,Wool Socks 3-pack,4,14.99,0.0,59.96,6.0,24.0,35.96
2025-05-04,EMEA,In-store,Home & Kitchen,Coffee Grinder,4,39.99,0.1,143.96,23.99,95.96,48.0
2025-05-04,EMEA,In-store,Media & Entertainment,Board Game,3,34.99,0.25,78.73,19.24,57.72,21.01
2025-05-04,EMEA,In-store,Media & Entertainment,Vinyl Record,8,27.99,0.25,167.94,16.79,134.32,33.62
2025-05-04,EMEA,Online,Apparel,Denim Jacket,3,69.99,0.0,209.97,34.99,104.97,105.0
2025-05-04,LATAM,In-store,Beauty & Wellness,Collagen Powder,3,34.99,0.1,94.47,14.0,42.0,52.47
2025-05-04,LATAM,Online,Electronics,USB-C Charger,4,19.99,0.15,67.97,10.99,43.96,24.01
2025-05-04,LATAM,Online,Home & Kitchen,Air Fryer,5,89.99,0.15,382.46,62.99,314.95,67.51
2025-05-04,North America,In-store,Apparel,Running Tee,4,24.99,0.0,99.96,11.25,45.0,54.96
2025-05-04,North America,In-store,Beauty & Wellness,Electric Toothbrush,7,59.99,0.25,314.95,32.99,230.93,84.02
2025-05-04,North America,In-store,Electronics,USB-C Charger,17,19.99,0.0,339.83,10.99,186.83,153.0
2025-05-04,North America,In-store,Electronics,Wireless Earbuds,9,79.99,0.2,575.93,51.99,467.91,108.02
2025-05-04,North America,In-store,Home & Kitchen,Air Fryer,5,89.99,0.25,337.46,62.99,314.95,22.51
2025-05-04,North America,Online,Home & Kitchen,Coffee Grinder,2,39.99,0.0,79.98,23.99,47.98,32.0
2025-05-04,UK & Ireland,In-store,Apparel,Wool Socks 3-pack,11,14.99,0.0,164.89,6.0,66.0,98.89
2025-05-04,UK & Ireland,In-store,Beauty & Wellness,Vitamin C Serum,3,29.99,0.0,89.97,10.5,31.5,58.47
2025-05-04,UK & Ireland,In-store,Home & Kitchen,Air Fryer,7,89.99,0.0,629.93,62.99,440.93,189.0
2025-05-04,UK & Ireland,Online,Home & Kitchen,Air Fryer,8,89.99,0.25,539.94,62.99,503.92,36.02
2025-05-05,APAC,In-store,Media & Entertainment,Blu-ray Box Set,3,39.99,0.1,107.97,29.99,89.97,18.0
2025-05-05,EMEA,In-store,Beauty & Wellness,Vitamin C Serum,5,29.99,0.15,127.46,10.5,52.5,74.96
2025-05-05,EMEA,In-store,Electronics,Smart Speaker,6,49.99,0.0,299.94,34.99,209.94,90.0
2025-05-05,LATAM,In-store,Electronics,Smart Speaker,2,49.99,0.15,84.98,34.99,69.98,15.0
2025-05-05,LATAM,Online,Beauty & Wellness,Collagen Powder,3,34.99,0.15,89.22,14.0,42.0,47.22
2025-05-05,LATAM,Online,Beauty & Wellness,Vitamin C Serum,2,29.99,0.25,44.98,10.5,21.0,23.98
2025-05-05,LATAM,Online,Electronics,Smart Speaker,1,49.99,0.0,49.99,34.99,34.99,15.0
2025-05-05,UK & Ireland,In-store,Beauty & Wellness,Electric Toothbrush,3,59.99,0.0,179.97,32.99,98.97,81.0
2025-05-05,UK & Ireland,In-store,Home & Kitchen,Coffee Grinder,3,39.99,0.0,119.97,23.99,71.97,48.0
2025-05-06,APAC,In-store,Apparel,Running Tee,7,24.99,0.2,139.94,11.25,78.75,61.19
2025-05-06,APAC,In-store,Beauty & Wellness,Vitamin C Serum,3,29.99,0.0,89.97,10.5,31.5,58.47
2025-05-06,APAC,Online,Home & Kitchen,Cookware Set,2,129.99,0.0,259.98,84.49,168.98,91.0
2025-05-06,LATAM,Online,Apparel,Running Tee,5,24.99,0.2,99.96,11.25,56.25,43.71
2025-05-06,LATAM,Online,Beauty & Wellness,Collagen Powder,2,34.99,0.0,69.98,14.0,28.0,41.98
2025-05-06,LATAM,Online,Beauty & Wellness,Vitamin C Serum,2,29.99,0.0,59.98,10.5,21.0,38.98
2025-05-06,North America,In-store,Beauty & Wellness,Electric Toothbrush,6,59.99,0.0,359.94,32.99,197.94,162.0
2025-05-06,North America,In-store,Media & Entertainment,Blu-ray Box Set,3,39.99,0.0,119.97,29.99,89.97,30.0
2025-05-06,North America,Online,Apparel,Running Tee,4,24.99,0.0,99.96,11.25,45.0,54.96
2025-05-06,North America,Online,Home & Kitchen,Cookware Set,1,129.99,0.0,129.99,84.49,84.49,45.5
2025-05-06,North America,Online,Media & Entertainment,Board Game,7,34.99,0.2,195.94,19.24,134.68,61.26
2025-05-06,UK & Ireland,In-store,Home & Kitchen,Coffee Grinder,1,39.99,0.0,39.99,23.99,23.99,16.0
2025-05-06,UK & Ireland,Online,Electronics,Smart Speaker,4,49.99,0.15,169.97,34.99,139.96,30.01
2025-05-07,APAC,In-store,Home & Kitchen,Coffee Grinder,2,39.99,0.25,59.98,23.99,47.98,12.0
2025-05-07,APAC,In-store,Home & Kitchen,Cookware Set,5,129.99,0.0,649.95,84.49,422.45,227.5
2025-05-07,APAC,Online,Home & Kitchen,Coffee Grinder,1,39.99,0.0,39.99,23.99,23.99,16.0
2025-05-07,EMEA,In-store,Beauty & Wellness,Collagen Powder,3,34.99,0.1,94.47,14.0,42.0,52.47
2025-05-07,EMEA,In-store,Electronics,Wireless Earbuds,7,79.99,0.0,559.93,51.99,363.93,196.0
2025-05-07,EMEA,Online,Media & Entertainment,Blu-ray Box Set,3,39.99,0.1,107.97,29.99,89.97,18.0
2025-05-07,LATAM,In-store,Apparel,Denim Jacket,3,69.99,0.0,209.97,34.99,104.97,105.0
2025-05-07,LATAM,Online,Apparel,Wool Socks 3-pack,3,14.99,0.0,44.97,6.0,18.0,26.97
2025-05-07,North America,In-store,Apparel,Wool Socks 3-pack,5,14.99,0.0,74.95,6.0,30.0,44.95
2025-05-07,North America,In-store,Media & Entertainment,Blu-ray Box Set,10,39.99,0.0,399.9,29.99,299.9,100.0
2025-05-07,North America,Online,Media & Entertainment,Board Game,4,34.99,0.15,118.97,19.24,76.96,42.01
2025-05-07,UK & Ireland,In-store,Electronics,Wireless Earbuds,11,79.99,0.0,879.89,51.99,571.89,308.0
2025-05-08,EMEA,Online,Apparel,Running Tee,4,24.99,0.0,99.96,11.25,45.0,54.96
2025-05-08,EMEA,Online,Media & Entertainment,Vinyl Record,4,27.99,0.0,111.96,16.79,67.16,44.8
2025-05-08,LATAM,In-store,Beauty & Wellness,Collagen Powder,5,34.99,0.0,174.95,14.0,70.0,104.95
2025-05-08,LATAM,Online,Apparel,Denim Jacket,1,69.99,0.0,69.99,34.99,34.99,35.0
2025-05-08,LATAM,Online,Home & Kitchen,Air Fryer,2,89.99,0.25,134.98,62.99,125.98,9.0
2025-05-08,UK & Ireland,In-store,Electronics,Smart Speaker,5,49.99,0.15,212.46,34.99,174.95,37.51
2025-05-08,UK & Ireland,Online,Home & Kitchen,Coffee Grinder,3,39.99,0.15,101.97,23.99,71.97,30.0
2025-05-08,UK & Ireland,Online,Home & Kitchen,Cookware Set,1,129.99,0.0,129.99,84.49,84.49,45.5
2025-05-08,UK & Ireland,Online,Media & Entertainment,Board Game,3,34.99,0.0,104.97,19.24,57.72,47.25
2025-05-09,APAC,In-store,Home & Kitchen,Coffee Grinder,4,39.99,0.0,159.96,23.99,95.96,64.0
2025-05-09,APAC,Online,Apparel,Denim Jacket,2,69.99,0.0,139.98,34.99,69.98,70.0
2025-05-09,APAC,Online,Home & Kitchen,Air Fryer,9,89.99,0.0,809.91,62.99,566.91,243.0
2025-05-09,LATAM,In-store,Apparel,Denim Jacket,4,69.99,0.0,279.96,34.99,139.96,140.0
2025-05-09,LATAM,In-store,Electronics,USB-C Charger,10,19.99,0.0,199.9,10.99,109.9,90.0
2025-05-09,LATAM,In-store,Electronics,Wireless Earbuds,8,79.99,0.25,479.94,51.99,415.92,64.02
2025-05-09,LATAM,In-store,Home & Kitchen,Cookware Set,2,129.99,0.0,259.98,84.49,168.98,91.0
2025-05-09,LATAM,Online,Apparel,Denim Jacket,5,69.99,0.1,314.95,34.99,174.95,140.0
2025-05-09,LATAM,Online,Media & Entertainment,Blu-ray Box Set,3,39.99,0.0,119.97,29.99,89.97,30.0
2025-05-09,North America,In-store,Home & Kitchen,Air Fryer,4,89.99,0.0,359.96,62.99,251.96,108.0
2025-05-09,North America,In-store,Home & Kitchen,Coffee Grinder,6,39.99,0.25,179.95,23.99,143.94,36.01
2025-05-09,North America,Online,Beauty & Wellness,Collagen Powder,5,34.99,0.2,139.96,14.0,70.0,69.96
2025-05-09,UK & Ireland,In-store,Electronics,Smart Speaker,2,49.99,0.0,99.98,34.99,69.98,30.0
2025-05-10,APAC,In-store,Apparel,Wool Socks 3-pack,3,14.99,0.15,38.22,6.0,18.0,20.22
2025-05-10,APAC,In-store,Beauty & Wellness,Collagen Powder,3,34.99,0.0,104.97,14.0,42.0,62.97
2025-05-10,APAC,In-store,Beauty & Wellness,Vitamin C Serum,10,29.99,0.0,299.9,10.5,105.0,194.9
2025-05-10,APAC,Online,Apparel,Denim Jacket,3,69.99,0.25,157.48,34.99,104.97,52.51
2025-05-10,EMEA,In-store,Media & Entertainment,Vinyl Record,11,27.99,0.15,261.71,16.79,184.69,77.02
2025-05-10,EMEA,Online,Beauty & Wellness,Electric Toothbrush,2,59.99,0.0,119.98,32.99,65.98,54.0
2025-05-10,LATAM,In-store,Home & Kitchen,Coffee Grinder,1,39.99,0.0,39.99,23.99,23.99,16.0
2025-05-10,LATAM,In-store,Media & Entertainment,Board Game,4,34.99,0.0,139.96,19.24,76.96,63.0
2025-05-10,LATAM,In-store,Media & Entertainment,Vinyl Record,4,27.99,0.1,100.76,16.79,67.16,33.6
2025-05-10,LATAM,Online,Electronics,USB-C Charger,8,19.99,0.0,159.92,10.99,87.92,72.0
2025-05-10,North America,In-store,Media & Entertainment,Board Game,16,34.99,0.0,559.84,19.24,307.84,252.0
2025-05-10,North America,Online,Beauty & Wellness,Collagen Powder,4,34.99,0.2,111.97,14.0,56.0,55.97
2025-05-10,North America,Online,Electronics,USB-C Charger,9,19.99,0.0,179.91,10.99,98.91,81.0
2025-05-10,UK & Ireland,In-store,Home & Kitchen,Air Fryer,4,89.99,0.0,359.96,62.99,251.96,108.0
2025-05-10,UK & Ireland,In-store,Home & Kitchen,Coffee Grinder,3,39.99,0.1,107.97,23.99,71.97,36.0
2025-05-10,UK & Ireland,In-store,Home & Kitchen,Cookware Set,5,129.99,0.2,519.96,84.49,422.45,97.51
2025-05-11,APAC,In-store,Apparel,Running Tee,13,24.99,0.2,259.9,11.25,146.25,113.65
2025-05-11,APAC,In-store,Beauty & Wellness,Collagen Powder,9,34.99,0.0,314.91,14.0,126.0,188.91
2025-05-11,APAC,Online,Beauty & Wellness,Electric Toothbrush,5,59.99,0.25,224.96,32.99,164.95,60.01
2025-05-11,EMEA,In-store,Beauty & Wellness,Collagen Powder,5,34.99,0.0,174.95,14.0,70.0,104.95
2025-05-11,EMEA,Online,Apparel,Running Tee,4,24.99,0.0,99.96,11.25,45.0,54.96
2025-05-11,EMEA,Online,Beauty & Wellness,Electric Toothbrush,8,59.99,0.25,359.94,32.99,263.92,96.02
2025-05-11,LATAM,In-store,Electronics,Wireless Earbuds,9,79.99,0.0,719.91,51.99,467.91,252.0
2025-05-11,LATAM,In-store,Media & Entertainment,Blu-ray Box Set,2,39.99,0.25,59.98,29.99,59.98,0.0
2025-05-11,LATAM,Online,Beauty & Wellness,Collagen Powder,3,34.99,0.0,104.97,14.0,42.0,62.97
2025-05-11,North America,In-store,Apparel,Running Tee,8,24.99,0.2,159.94,11.25,90.0,69.94
2025-05-11,North America,In-store,Home & Kitchen,Cookware Set,6,129.99,0.0,779.94,84.49,506.94,273.0
2025-05-11,North America,In-store,Media & Entertainment,Board Game,2,34.99,0.0,69.98,19.24,38.48,31.5
2025-05-11,North America,In-store,Media & Entertainment,Vinyl Record,4,27.99,0.1,100.76,16.79,67.16,33.6
2025-05-11,North America,Online,Electronics,Wireless Earbuds,7,79.99,0.0,559.93,51.99,363.93,196.0
2025-05-11,North America,Online,Home & Kitchen,Cookware Set,1,129.99,0.0,129.99,84.49,84.49,45.5
2025-05-11,UK & Ireland,In-store,Media & Entertainment,Board Game,3,34.99,0.1,94.47,19.24,57.72,36.75
2025-05-12,APAC,In-store,Home & Kitchen,Cookware Set,2,129.99,0.15,220.98,84.49,168.98,52.0
2025-05-12,APAC,Online,Apparel,Running Tee,6,24.99,0.0,149.94,11.25,67.5,82.44
2025-05-12,APAC,Online,Electronics,Smart Speaker,3,49.99,0.15,127.47,34.99,104.97,22.5
2025-05-12,APAC,Online,Media & Entertainment,Board Game,4,34.99,0.15,118.97,19.24,76.96,42.01
2025-05-12,EMEA,In-store,Home & Kitchen,Air Fryer,12,89.99,0.0,1079.88,62.99,755.88,324.0
2025-05-12,EMEA,Online,Apparel,Running Tee,4,24.99,0.0,99.96,11.25,45.0,54.96
2025-05-12,LATAM,In-store,Apparel,Running Tee,3,24.99,0.0,74.97,11.25,33.75,41.22
2025-05-12,LATAM,In-store,Apparel,Wool Socks 3-pack,7,14.99,0.1,94.44,6.0,42.0,52.44
2025-05-12,LATAM,In-store,Electronics,USB-C Charger,4,19.99,0.0,79.96,10.99,43.96,36.0
2025-05-12,LATAM,Online,Beauty & Wellness,Electric Toothbrush,2,59.99,0.0,119.98,32.99,65.98,54.0
2025-05-12,North America,In-store,Apparel,Wool Socks 3-pack,5,14.99,0.15,63.71,6.0,30.0,33.71
2025-05-12,North America,Online,Apparel,Wool Socks 3-pack,1,14.99,0.0,14.99,6.0,6.0,8.99
2025-05-12,UK & Ireland,In-store,Apparel,Denim Jacket,1,69.99,0.0,69.99,34.99,34.99,35.0
2025-05-12,UK & Ireland,In-store,Beauty & Wellness,Electric Toothbrush,4,59.99,0.0,239.96,32.99,131.96,108.0
2025-05-12,UK & Ireland,In-store,Media & Entertainment,Blu-ray Box Set,1,39.99,0.1,35.99,29.99,29.99,6.0
2025-05-13,APAC,In-store,Media & Entertainment,Vinyl Record,4,27.99,0.25,83.97,16.79,67.16,16.81
2025-05-13,APAC,Online,Beauty & Wellness,Electric Toothbrush,2,59.99,0.0,119.98,32.99,65.98,54.0
2025-05-13,APAC,Online,Home & Kitchen,Coffee Grinder,6,39.99,0.0,239.94,23.99,143.94,96.0
2025-05-13,EMEA,Online,Home & Kitchen,Cookware Set,2,129.99,0.25,194.99,84.49,168.98,26.01
2025-05-13,LATAM,In-store,Electronics,USB-C Charger,3,19.99,0.0,59.97,10.99,32.97,27.0
2025-05-13,UK & Ireland,Online,Home & Kitchen,Cookware Set,3,129.99,0.0,389.97,84.49,253.47,136.5
2025-05-14,APAC,In-store,Home & Kitchen,Air Fryer,9,89.99,0.25,607.43,62.99,566.91,40.52
2025-05-14,APAC,In-store,Media & Entertainment,Vinyl Record,2,27.99,0.0,55.98,16.79,33.58,22.4
2025-05-14,APAC,Online,Electronics,Wireless Earbuds,4,79.99,0.25,239.97,51.99,207.96,32.01
2025-05-14,EMEA,In-store,Electronics,Smart Speaker,2,49.99,0.2,79.98,34.99,69.98,10.0
2025-05-14,EMEA,Online,Electronics,USB-C Charger,10,19.99,0.2,159.92,10.99,109.9,50.02
2025-05-14,LATAM,In-store,Apparel,Denim Jacket,5,69.99,0.2,279.96,34.99,174.95,105.01
2025-05-14,LATAM,In-store,Home & Kitchen,Coffee Grinder,4,39.99,0.0,159.96,23.99,95.96,64.0
2025-05-14,LATAM,Online,Apparel,Running Tee,5,24.99,0.0,124.95,11.25,56.25,68.7
2025-05-14,LATAM,Online,Home & Kitchen,Air Fryer,2,89.99,0.1,161.98,62.99,125.98,36.0
2025-05-14,LATAM,Online,Media & Entertainment,Board Game,6,34.99,0.0,209.94,19.24,115.44,94.5
2025-05-14,North America,In-store,Electronics,Smart Speaker,7,49.99,0.25,262.45,34.99,244.93,17.52
2025-05-14,North America,In-store,Electronics,Wireless Earbuds,13,79.99,0.0,1039.87,51.99,675.87,364.0
2025-05-14,North America,Online,Apparel,Wool Socks 3-pack,8,14.99,0.0,119.92,6.0,48.0,71.92
2025-05-14,UK & Ireland,In-store,Electronics,Wireless Earbuds,7,79.99,0.15,475.94,51.99,363.93,112.01
2025-05-14,UK & Ireland,In-store,Home & Kitchen,Coffee Grinder,5,39.99,0.0,199.95,23.99,119.95,80.0
2025-05-15,APAC,In-store,Apparel,Running Tee,10,24.99,0.0,249.9,11.25,112.5,137.4
2025-05-15,APAC,In-store,Beauty & Wellness,Collagen Powder,4,34.99,0.0,139.96,14.0,56.0,83.96
2025-05-15,APAC,In-store,Electronics,USB-C Charger,5,19.99,0.0,99.95,10.99,54.95,45.0
2025-05-15,APAC,In-store,Home & Kitchen,Cookware Set,1,129.99,0.1,116.99,84.49,84.49,32.5
2025-05-15,APAC,Online,Beauty & Wellness,Electric Toothbrush,5,59.99,0.0,299.95,32.99,164.95,135.0
2025-05-15,EMEA,In-store,Beauty & Wellness,Collagen Powder,13,34.99,0.1,409.38,14.0,182.0,227.38
2025-05-15,EMEA,Online,Beauty & Wellness,Electric Toothbrush,4,59.99,0.1,215.96,32.99,131.96,84.0
2025-05-15,EMEA,Online,Media & Entertainment,Blu-ray Box Set,3,39.99,0.15,101.97,29.99,89.97,12.0
2025-05-15,LATAM,Online,Home & Kitchen,Air Fryer,1,89.99,0.0,89.99,62.99,62.99,27.0
2025-05-15,North America,Online,Beauty & Wellness,Collagen Powder,7,34.99,0.15,208.19,14.0,98.0,110.19
2025-05-15,North America,Online,Electronics,USB-C Charger,7,19.99,0.0,139.93,10.99,76.93,63.0
2025-05-16,APAC,In-store,Home & Kitchen,Air Fryer,7,89.99,0.0,629.93,62.99,440.93,189.0
2025-05-16,EMEA,Online,Apparel,Denim Jacket,1,69.99,0.0,69.99,34.99,34.99,35.0
2025-05-16,EMEA,Online,Home & Kitchen,Cookware Set,4,129.99,0.0,519.96,84.49,337.96,182.0
2025-05-16,LATAM,Online,Apparel,Denim Jacket,1,69.99,0.0,69.99,34.99,34.99,35.0
2025-05-16,LATAM,Online,Beauty & Wellness,Collagen Powder,2,34.99,0.0,69.98,14.0,28.0,41.98
2025-05-16,LATAM,Online,Home & Kitchen,Cookware Set,2,129.99,0.2,207.98,84.49,168.98,39.0
2025-05-16,North America,In-store,Beauty & Wellness,Electric Toothbrush,3,59.99,0.0,179.97,32.99,98.97,81.0
2025-05-16,North America,In-store,Home & Kitchen,Cookware Set,6,129.99,0.0,779.94,84.49,506.94,273.0
2025-05-16,North America,In-store,Media & Entertainment,Board Game,9,34.99,0.0,314.91,19.24,173.16,141.75
2025-05-16,North America,Online,Home & Kitchen,Coffee Grinder,4,39.99,0.25,119.97,23.99,95.96,24.01
2025-05-16,UK & Ireland,In-store,Media & Entertainment,Board Game,4,34.99,0.1,125.96,19.24,76.96,49.0
2025-05-16,UK & Ireland,Online,Apparel,Wool Socks 3-pack,4,14.99,0.0,59.96,6.0,24.0,35.96
2025-05-16,UK & Ireland,Online,Beauty & Wellness,Collagen Powder,4,34.99,0.0,139.96,14.0,56.0,83.96
2025-05-17,APAC,In-store,Apparel,Denim Jacket,1,69.99,0.0,69.99,34.99,34.99,35.0
2025-05-17,APAC,In-store,Electronics,Smart Speaker,3,49.99,0.0,149.97,34.99,104.97,45.0
2025-05-17,APAC,In-store,Electronics,Wireless Earbuds,9,79.99,0.0,719.91,51.99,467.91,252.0
2025-05-17,APAC,Online,Electronics,Smart Speaker,1,49.99,0.0,49.99,34.99,34.99,15.0
2025-05-17,APAC,Online,Electronics,Wireless Earbuds,4,79.99,0.0,319.96,51.99,207.96,112.0
2025-05-17,EMEA,In-store,Home & Kitchen,Coffee Grinder,2,39.99,0.1,71.98,23.99,47.98,24.0
2025-05-17,EMEA,Online,Apparel,Running Tee,8,24.99,0.1,179.93,11.25,90.0,89.93
2025-05-17,LATAM,In-store,Electronics,USB-C Charger,14,19.99,0.0,279.86,10.99,153.86,126.0
2025-05-17,North America,Online,Media & Entertainment,Blu-ray Box Set,3,39.99,0.0,119.97,29.99,89.97,30.0
2025-05-17,UK & Ireland,In-store,Apparel,Wool Socks 3-pack,4,14.99,0.0,59.96,6.0,24.0,35.96
2025-05-17,UK & Ireland,In-store,Media & Entertainment,Blu-ray Box Set,6,39.99,0.0,239.94,29.99,179.94,60.0
2025-05-17,UK & Ireland,Online,Apparel,Running Tee,10,24.99,0.0,249.9,11.25,112.5,137.4
2025-05-17,UK & Ireland,Online,Electronics,Wireless Earbuds,3,79.99,0.0,239.97,51.99,155.97,84.0
2025-05-18,APAC,Online,Apparel,Running Tee,4,24.99,0.2,79.97,11.25,45.0,34.97
2025-05-18,APAC,Online,Electronics,Wireless Earbuds,3,79.99,0.0,239.97,51.99,155.97,84.0
2025-05-18,EMEA,In-store,Media & Entertainment,Board Game,5,34.99,0.0,174.95,19.24,96.2,78.75
2025-05-18,EMEA,Online,Home & Kitchen,Air Fryer,2,89.99,0.2,143.98,62.99,125.98,18.0
2025-05-18,EMEA,Online,Media & Entertainment,Blu-ray Box Set,5,39.99,0.0,199.95,29.99,149.95,50.0
2025-05-18,LATAM,In-store,Apparel,Running Tee,6,24.99,0.25,112.45,11.25,67.5,44.95
2025-05-18,LATAM,Online,Electronics,Smart Speaker,2,49.99,0.0,99.98,34.99,69.98,30.0
2025-05-18,LATAM,Online,Electronics,USB-C Charger,5,19.99,0.15,84.96,10.99,54.95,30.01
2025-05-18,LATAM,Online,Home & Kitchen,Air Fryer,1,89.99,0.0,89.99,62.99,62.99,27.0
2025-05-18,North America,In-store,Apparel,Denim Jacket,3,69.99,0.0,209.97,34.99,104.97,105.0
2025-05-18,North America,In-store,Beauty & Wellness,Electric Toothbrush,7,59.99,0.0,419.93,32.99,230.93,189.0
2025-05-18,North America,In-store,Electronics,Smart Speaker,19,49.99,0.0,949.81,34.99,664.81,285.0
2025-05-18,North America,Online,Electronics,Smart Speaker,5,49.99,0.25,187.46,34.99,174.95,12.51
2025-05-18,UK & Ireland,In-store,Beauty & Wellness,Collagen Powder,2,34.99,0.15,59.48,14.0,28.0,31.48
2025-05-18,UK & Ireland,In-store,Media & Entertainment,Blu-ray Box Set,4,39.99,0.0,159.96,29.99,119.96,40.0
2025-05-18,UK & Ireland,Online,Apparel,Running Tee,7,24.99,0.0,174.93,11.25,78.75,96.18
2025-05-18,UK & Ireland,Online,Beauty & Wellness,Collagen Powder,3,34.99,0.0,104.97,14.0,42.0,62.97
2025-05-18,UK & Ireland,Online,Media & Entertainment,Vinyl Record,1,27.99,0.0,27.99,16.79,16.79,11.2
2025-05-19,APAC,In-store,Apparel,Wool Socks 3-pack,5,14.99,0.0,74.95,6.0,30.0,44.95
2025-05-19,APAC,In-store,Beauty & Wellness,Electric Toothbrush,4,59.99,0.0,239.96,32.99,131.96,108.0
2025-05-19,APAC,Online,Beauty & Wellness,Collagen Powder,2,34.99,0.25,52.48,14.0,28.0,24.48
2025-05-19,APAC,Online,Media & Entertainment,Vinyl Record,1,27.99,0.0,27.99,16.79,16.79,11.2
2025-05-19,EMEA,In-store,Beauty & Wellness,Vitamin C Serum,5,29.99,0.0,149.95,10.5,52.5,97.45
2025-05-19,EMEA,In-store,Media & Entertainment,Vinyl Record,5,27.99,0.0,139.95,16.79,83.95,56.0
2025-05-19,EMEA,Online,Electronics,Smart Speaker,7,49.99,0.25,262.45,34.99,244.93,17.52
2025-05-19,EMEA,Online,Media & Entertainment,Vinyl Record,1,27.99,0.0,27.99,16.79,16.79,11.2
2025-05-19,LATAM,In-store,Media & Entertainment,Board Game,3,34.99,0.0,104.97,19.24,57.72,47.25
2025-05-19,LATAM,In-store,Media & Entertainment,Vinyl Record,1,27.99,0.0,27.99,16.79,16.79,11.2
2025-05-19,LATAM,Online,Electronics,USB-C Charger,2,19.99,0.25,29.98,10.99,21.98,8.0
2025-05-19,North America,In-store,Media & Entertainment,Blu-ray Box Set,9,39.99,0.0,359.91,29.99,269.91,90.0
2025-05-19,UK & Ireland,In-store,Apparel,Running Tee,10,24.99,0.15,212.41,11.25,112.5,99.91
2025-05-20,APAC,In-store,Electronics,Wireless Earbuds,11,79.99,0.0,879.89,51.99,571.89,308.0
2025-05-20,APAC,Online,Home & Kitchen,Air Fryer,2,89.99,0.1,161.98,62.99,125.98,36.0
2025-05-20,EMEA,Online,Media & Entertainment,Board Game,3,34.99,0.15,89.22,19.24,57.72,31.5
2025-05-20,LATAM,In-store,Apparel,Denim Jacket,1,69.99,0.0,69.99,34.99,34.99,35.0
2025-05-20,LATAM,Online,Apparel,Running Tee,3,24.99,0.0,74.97,11.25,33.75,41.22
2025-05-20,LATAM,Online,Media & Entertainment,Blu-ray Box Set,2,39.99,0.0,79.98,29.99,59.98,20.0
2025-05-20,North America,In-store,Electronics,Smart Speaker,6,49.99,0.0,299.94,34.99,209.94,90.0
2025-05-20,North America,Online,Electronics,USB-C Charger,6,19.99,0.0,119.94,10.99,65.94,54.0
2025-05-20,North America,Online,Media & Entertainment,Board Game,4,34.99,0.2,111.97,19.24,76.96,35.01
2025-05-20,UK & Ireland,In-store,Beauty & Wellness,Vitamin C Serum,4,29.99,0.0,119.96,10.5,42.0,77.96
2025-05-20,UK & Ireland,Online,Electronics,Smart Speaker,1,49.99,0.0,49.99,34.99,34.99,15.0
2025-05-21,APAC,In-store,Apparel,Running Tee,6,24.99,0.0,149.94,11.25,67.5,82.44
2025-05-21,APAC,In-store,Electronics,Wireless Earbuds,12,79.99,0.0,959.88,51.99,623.88,336.0
2025-05-21,EMEA,Online,Home & Kitchen,Cookware Set,4,129.99,0.0,519.96,84.49,337.96,182.0
2025-05-21,LATAM,Online,Apparel,Wool Socks 3-pack,1,14.99,0.0,14.99,6.0,6.0,8.99
2025-05-21,North America,In-store,Electronics,Smart Speaker,13,49.99,0.0,649.87,34.99,454.87,195.0
2025-05-21,North America,In-store,Electronics,USB-C Charger,15,19.99,0.1,269.86,10.99,164.85,105.01
2025-05-21,North America,Online,Electronics,Smart Speaker,3,49.99,0.0,149.97,34.99,104.97,45.0
2025-05-21,North America,Online,Electronics,Wireless Earbuds,7,79.99,0.1,503.94,51.99,363.93,140.01
2025-05-22,APAC,In-store,Media & Entertainment,Blu-ray Box Set,4,39.99,0.0,159.96,29.99,119.96,40.0
2025-05-22,APAC,Online,Apparel,Denim Jacket,2,69.99,0.1,125.98,34.99,69.98,56.0
2025-05-22,EMEA,In-store,Electronics,Smart Speaker,2,49.99,0.0,99.98,34.99,69.98,30.0
2025-05-22,EMEA,In-store,Electronics,Wireless Earbuds,9,79.99,0.0,719.91,51.99,467.91,252.0
2025-05-22,EMEA,Online,Electronics,Wireless Earbuds,8,79.99,0.0,639.92,51.99,415.92,224.0
2025-05-22,LATAM,In-store,Apparel,Denim Jacket,2,69.99,0.0,139.98,34.99,69.98,70.0
2025-05-22,LATAM,In-store,Electronics,Smart Speaker,3,49.99,0.0,149.97,34.99,104.97,45.0
2025-05-22,North America,In-store,Beauty & Wellness,Electric Toothbrush,11,59.99,0.0,659.89,32.99,362.89,297.0
2025-05-22,North America,Online,Media & Entertainment,Board Game,10,34.99,0.2,279.92,19.24,192.4,87.52
2025-05-22,UK & Ireland,In-store,Electronics,USB-C Charger,7,19.99,0.0,139.93,10.99,76.93,63.0
2025-05-22,UK & Ireland,In-store,Media & Entertainment,Board Game,3,34.99,0.0,104.97,19.24,57.72,47.25
2025-05-22,UK & Ireland,Online,Home & Kitchen,Cookware Set,2,129.99,0.0,259.98,84.49,168.98,91.0
2025-05-22,UK & Ireland,Online,Media & Entertainment,Blu-ray Box Set,5,39.99,0.0,199.95,29.99,149.95,50.0
2025-05-23,APAC,In-store,Apparel,Wool Socks 3-pack,5,14.99,0.0,74.95,6.0,30.0,44.95
2025-05-23,EMEA,In-store,Beauty & Wellness,Collagen Powder,7,34.99,0.0,244.93,14.0,98.0,146.93
2025-05-23,EMEA,In-store,Home & Kitchen,Cookware Set,5,129.99,0.25,487.46,84.49,422.45,65.01
2025-05-23,EMEA,Online,Apparel,Running Tee,5,24.99,0.15,106.21,11.25,56.25,49.96
2025-05-23,EMEA,Online,Home & Kitchen,Air Fryer,8,89.99,0.0,719.92,62.99,503.92,216.0
2025-05-23,LATAM,In-store,Electronics,Wireless Earbuds,6,79.99,0.1,431.95,51.99,311.94,120.01
2025-05-23,LATAM,Online,Media & Entertainment,Blu-ray Box Set,3,39.99,0.0,119.97,29.99,89.97,30.0
2025-05-23,North America,In-store,Electronics,USB-C Charger,9,19.99,0.0,179.91,10.99,98.91,81.0
2025-05-23,North America,In-store,Home & Kitchen,Cookware Set,4,129.99,0.0,519.96,84.49,337.96,182.0
2025-05-23,North America,Online,Media & Entertainment,Board Game,4,34.99,0.0,139.96,19.24,76.96,63.0
2025-05-23,UK & Ireland,In-store,Beauty & Wellness,Collagen Powder,5,34.99,0.0,174.95,14.0,70.0,104.95
2025-05-23,UK & Ireland,In-store,Home & Kitchen,Air Fryer,9,89.99,0.0,809.91,62.99,566.91,243.0
2025-05-23,UK & Ireland,In-store,Media & Entertainment,Board Game,7,34.99,0.1,220.44,19.24,134.68,85.76
2025-05-23,UK & Ireland,Online,Home & Kitchen,Cookware Set,2,129.99,0.0,259.98,84.49,168.98,91.0
2025-05-24,EMEA,In-store,Apparel,Wool Socks 3-pack,8,14.99,0.25,89.94,6.0,48.0,41.94
2025-05-24,EMEA,Online,Apparel,Denim Jacket,1,69.99,0.0,69.99,34.99,34.99,35.0
2025-05-24,LATAM,In-store,Apparel,Wool Socks 3-pack,2,14.99,0.0,29.98,6.0,12.0,17.98
2025-05-24,LATAM,In-store,Electronics,USB-C Charger,13,19.99,0.0,259.87,10.99,142.87,117.0
2025-05-24,North America,In-store,Apparel,Wool Socks 3-pack,6,14.99,0.0,89.94,6.0,36.0,53.94
2025-05-24,North America,In-store,Media & Entertainment,Board Game,6,34.99,0.1,188.95,19.24,115.44,73.51
2025-05-24,North America,Online,Beauty & Wellness,Collagen Powder,8,34.99,0.0,279.92,14.0,112.0,167.92
2025-05-24,North America,Online,Electronics,USB-C Charger,10,19.99,0.0,199.9,10.99,109.9,90.0
2025-05-24,UK & Ireland,In-store,Electronics,Smart Speaker,7,49.99,0.0,349.93,34.99,244.93,105.0
2025-05-24,UK & Ireland,In-store,Media & Entertainment,Vinyl Record,3,27.99,0.25,62.98,16.79,50.37,12.61
2025-05-24,UK & Ireland,Online,Electronics,Smart Speaker,5,49.99,0.2,199.96,34.99,174.95,25.01
2025-05-25,APAC,In-store,Apparel,Denim Jacket,3,69.99,0.0,209.97,34.99,104.97,105.0
2025-05-25,APAC,In-store,Electronics,Smart Speaker,13,49.99,0.0,649.87,34.99,454.87,195.0
2025-05-25,APAC,Online,Beauty & Wellness,Vitamin C Serum,8,29.99,0.0,239.92,10.5,84.0,155.92
2025-05-25,APAC,Online,Home & Kitchen,Coffee Grinder,5,39.99,0.0,199.95,23.99,119.95,80.0
2025-05-25,EMEA,In-store,Home & Kitchen,Air Fryer,8,89.99,0.0,719.92,62.99,503.92,216.0
2025-05-25,EMEA,Online,Apparel,Denim Jacket,2,69.99,0.1,125.98,34.99,69.98,56.0
2025-05-25,EMEA,Online,Beauty & Wellness,Collagen Powder,1,34.99,0.2,27.99,14.0,14.0,13.99
2025-05-25,EMEA,Online,Beauty & Wellness,Electric Toothbrush,3,59.99,0.0,179.97,32.99,98.97,81.0
2025-05-25,EMEA,Online,Home & Kitchen,Air Fryer,7,89.99,0.0,629.93,62.99,440.93,189.0
2025-05-25,EMEA,Online,Media & Entertainment,Vinyl Record,3,27.99,0.0,83.97,16.79,50.37,33.6
2025-05-25,LATAM,In-store,Media & Entertainment,Vinyl Record,4,27.99,0.0,111.96,16.79,67.16,44.8
2025-05-25,LATAM,Online,Apparel,Denim Jacket,1,69.99,0.0,69.99,34.99,34.99,35.0
2025-05-25,North America,In-store,Apparel,Denim Jacket,9,69.99,0.0,629.91,34.99,314.91,315.0
2025-05-25,North America,In-store,Apparel,Wool Socks 3-pack,13,14.99,0.2,155.9,6.0,78.0,77.9
2025-05-25,North America,Online,Apparel,Wool Socks 3-pack,5,14.99,0.0,74.95,6.0,30.0,44.95
2025-05-25,UK & Ireland,In-store,Electronics,Wireless Earbuds,8,79.99,0.0,639.92,51.99,415.92,224.0
2025-05-25,UK & Ireland,In-store,Media & Entertainment,Blu-ray Box Set,4,39.99,0.0,159.96,29.99,119.96,40.0
2025-05-26,APAC,In-store,Apparel,Running Tee,6,24.99,0.0,149.94,11.25,67.5,82.44
2025-05-26,APAC,In-store,Electronics,Smart Speaker,4,49.99,0.0,199.96,34.99,139.96,60.0
2025-05-26,APAC,Online,Apparel,Wool Socks 3-pack,3,14.99,0.2,35.98,6.0,18.0,17.98
2025-05-26,APAC,Online,Beauty & Wellness,Collagen Powder,3,34.99,0.0,104.97,14.0,42.0,62.97
2025-05-26,EMEA,In-store,Media & Entertainment,Blu-ray Box Set,5,39.99,0.0,199.95,29.99,149.95,50.0
2025-05-26,EMEA,Online,Apparel,Running Tee,2,24.99,0.0,49.98,11.25,22.5,27.48
2025-05-26,EMEA,Online,Beauty & Wellness,Vitamin C Serum,6,29.99,0.15,152.95,10.5,63.0,89.95
2025-05-26,EMEA,Online,Electronics,Wireless Earbuds,3,79.99,0.0,239.97,51.99,155.97,84.0
2025-05-26,LATAM,In-store,Apparel,Denim Jacket,4,69.99,0.0,279.96,34.99,139.96,140.0
2025-05-26,LATAM,In-store,Media & Entertainment,Blu-ray Box Set,2,39.99,0.0,79.98,29.99,59.98,20.0
2025-05-26,LATAM,Online,Media & Entertainment,Board Game,1,34.99,0.0,34.99,19.24,19.24,15.75
2025-05-26,LATAM,Online,Media & Entertainment,Vinyl Record,1,27.99,0.25,20.99,16.79,16.79,4.2
2025-05-26,North America,Online,Apparel,Running Tee,6,24.99,0.0,149.94,11.25,67.5,82.44
2025-05-26,North America,Online,Electronics,Smart Speaker,2,49.99,0.0,99.98,34.99,69.98,30.0
2025-05-26,North America,Online,Media & Entertainment,Blu-ray Box Set,2,39.99,0.0,79.98,29.99,59.98,20.0
2025-05-26,UK & Ireland,In-store,Electronics,USB-C Charger,4,19.99,0.0,79.96,10.99,43.96,36.0
2025-05-26,UK & Ireland,Online,Apparel,Denim Jacket,2,69.99,0.0,139.98,34.99,69.98,70.0
2025-05-26,UK & Ireland,Online,Beauty & Wellness,Collagen Powder,5,34.99,0.25,131.21,14.0,70.0,61.21
2025-05-26,UK & Ireland,Online,Electronics,Wireless Earbuds,1,79.99,0.0,79.99,51.99,51.99,28.0
2025-05-26,UK & Ireland,Online,Home & Kitchen,Air Fryer,2,89.99,0.0,179.98,62.99,125.98,54.0
2025-05-26,UK & Ireland,Online,Home & Kitchen,Coffee Grinder,2,39.99,0.15,67.98,23.99,47.98,20.0
2025-05-27,APAC,In-store,Apparel,Running Tee,10,24.99,0.15,212.41,11.25,112.5,99.91
2025-05-27,APAC,Online,Electronics,Wireless Earbuds,4,79.99,0.15,271.97,51.99,207.96,64.01
2025-05-27,APAC,Online,Home & Kitchen,Air Fryer,4,89.99,0.0,359.96,62.99,251.96,108.0
2025-05-27,EMEA,In-store,Apparel,Denim Jacket,3,69.99,0.2,167.98,34.99,104.97,63.01
2025-05-27,EMEA,In-store,Apparel,Wool Socks 3-pack,6,14.99,0.0,89.94,6.0,36.0,53.94
2025-05-27,EMEA,In-store,Beauty & Wellness,Electric Toothbrush,5,59.99,0.15,254.96,32.99,164.95,90.01
2025-05-27,EMEA,Online,Apparel,Running Tee,4,24.99,0.15,84.97,11.25,45.0,39.97
2025-05-27,EMEA,Online,Media & Entertainment,Vinyl Record,5,27.99,0.25,104.96,16.79,83.95,21.01
2025-05-27,LATAM,In-store,Electronics,Smart Speaker,3,49.99,0.0,149.97,34.99,104.97,45.0
2025-05-27,LATAM,Online,Apparel,Wool Socks 3-pack,6,14.99,0.0,89.94,6.0,36.0,53.94
2025-05-27,LATAM,Online,Electronics,USB-C Charger,3,19.99,0.0,59.97,10.99,32.97,27.0
2025-05-27,North America,In-store,Apparel,Denim Jacket,4,69.99,0.25,209.97,34.99,139.96,70.01
2025-05-27,North America,In-store,Beauty & Wellness,Vitamin C Serum,6,29.99,0.0,179.94,10.5,63.0,116.94
2025-05-27,North America,Online,Apparel,Wool Socks 3-pack,4,14.99,0.1,53.96,6.0,24.0,29.96
2025-05-27,North America,Online,Home & Kitchen,Air Fryer,9,89.99,0.0,809.91,62.99,566.91,243.0
2025-05-27,North America,Online,Media & Entertainment,Blu-ray Box Set,5,39.99,0.0,199.95,29.99,149.95,50.0
2025-05-27,UK & Ireland,In-store,Beauty & Wellness,Electric Toothbrush,3,59.99,0.0,179.97,32.99,98.97,81.0
2025-05-27,UK & Ireland,In-store,Electronics,Wireless Earbuds,10,79.99,0.0,799.9,51.99,519.9,280.0
2025-05-27,UK & Ireland,In-store,Home & Kitchen,Coffee Grinder,3,39.99,0.2,95.98,23.99,71.97,24.01
2025-05-27,UK & Ireland,Online,Electronics,USB-C Charger,3,19.99,0.2,47.98,10.99,32.97,15.01
2025-05-27,UK & Ireland,Online,Home & Kitchen,Coffee Grinder,2,39.99,0.0,79.98,23.99,47.98,32.0
2025-05-27,UK & Ireland,Online,Media & Entertainment,Blu-ray Box Set,3,39.99,0.2,95.98,29.99,89.97,6.01
2025-05-28,APAC,Online,Apparel,Denim Jacket,2,69.99,0.0,139.98,34.99,69.98,70.0
2025-05-28,APAC,Online,Home & Kitchen,Air Fryer,6,89.99,0.0,539.94,62.99,377.94,162.0
2025-05-28,EMEA,In-store,Apparel,Running Tee,10,24.99,0.0,249.9,11.25,112.5,137.4
2025-05-28,EMEA,Online,Media & Entertainment,Blu-ray Box Set,2,39.99,0.0,79.98,29.99,59.98,20.0
2025-05-28,LATAM,In-store,Apparel,Denim Jacket,2,69.99,0.0,139.98,34.99,69.98,70.0
2025-05-28,North America,Online,Home & Kitchen,Cookware Set,3,129.99,0.0,389.97,84.49,253.47,136.5
2025-05-28,UK & Ireland,In-store,Beauty & Wellness,Electric Toothbrush,4,59.99,0.1,215.96,32.99,131.96,84.0
2025-05-28,UK & Ireland,Online,Beauty & Wellness,Collagen Powder,6,34.99,0.2,167.95,14.0,84.0,83.95
2025-05-28,UK & Ireland,Online,Home & Kitchen,Coffee Grinder,4,39.99,0.0,159.96,23.99,95.96,64.0
2025-05-28,UK & Ireland,Online,Media & Entertainment,Blu-ray Box Set,3,39.99,0.0,119.97,29.99,89.97,30.0
2025-05-28,UK & Ireland,Online,Media & Entertainment,Board Game,5,34.99,0.0,174.95,19.24,96.2,78.75
2025-05-29,APAC,In-store,Home & Kitchen,Air Fryer,6,89.99,0.1,485.95,62.99,377.94,108.01
2025-05-29,APAC,Online,Apparel,Denim Jacket,6,69.99,0.1,377.95,34.99,209.94,168.01
2025-05-29,APAC,Online,Beauty & Wellness,Collagen Powder,4,34.99,0.0,139.96,14.0,56.0,83.96
2025-05-29,APAC,Online,Home & Kitchen,Coffee Grinder,4,39.99,0.0,159.96,23.99,95.96,64.0
2025-05-29,APAC,Online,Media & Entertainment,Blu-ray Box Set,1,39.99,0.0,39.99,29.99,29.99,10.0
2025-05-29,EMEA,In-store,Apparel,Wool Socks 3-pack,5,14.99,0.15,63.71,6.0,30.0,33.71
2025-05-29,EMEA,Online,Media & Entertainment,Blu-ray Box Set,2,39.99,0.25,59.98,29.99,59.98,0.0
2025-05-29,LATAM,In-store,Apparel,Running Tee,6,24.99,0.2,119.95,11.25,67.5,52.45
2025-05-29,LATAM,In-store,Home & Kitchen,Cookware Set,2,129.99,0.0,259.98,84.49,168.98,91.0
2025-05-29,North America,Online,Electronics,Wireless Earbuds,5,79.99,0.0,399.95,51.99,259.95,140.0
2025-05-29,UK & Ireland,In-store,Apparel,Denim Jacket,7,69.99,0.2,391.94,34.99,244.93,147.01
2025-05-29,UK & Ireland,Online,Apparel,Denim Jacket,6,69.99,0.0,419.94,34.99,209.94,210.0
2025-05-29,UK & Ireland,Online,Beauty & Wellness,Vitamin C Serum,6,29.99,0.0,179.94,10.5,63.0,116.94
2025-05-29,UK & Ireland,Online,Electronics,Smart Speaker,2,49.99,0.0,99.98,34.99,69.98,30.0
2025-05-29,UK & Ireland,Online,Home & Kitchen,Coffee Grinder,3,39.99,0.0,119.97,23.99,71.97,48.0
2025-05-30,APAC,In-store,Beauty & Wellness,Electric Toothbrush,4,59.99,0.0,239.96,32.99,131.96,108.0
2025-05-30,APAC,In-store,Home & Kitchen,Air Fryer,4,89.99,0.0,359.96,62.99,251.96,108.0
2025-05-30,APAC,Online,Beauty & Wellness,Vitamin C Serum,7,29.99,0.2,167.94,10.5,73.5,94.44
2025-05-30,EMEA,Online,Home & Kitchen,Air Fryer,2,89.99,0.0,179.98,62.99,125.98,54.0
2025-05-30,EMEA,Online,Media & Entertainment,Vinyl Record,4,27.99,0.0,111.96,16.79,67.16,44.8
2025-05-30,LATAM,In-store,Apparel,Running Tee,6,24.99,0.0,149.94,11.25,67.5,82.44
2025-05-30,LATAM,In-store,Apparel,Wool Socks 3-pack,4,14.99,0.1,53.96,6.0,24.0,29.96
2025-05-30,LATAM,Online,Apparel,Wool Socks 3-pack,3,14.99,0.0,44.97,6.0,18.0,26.97
2025-05-30,LATAM,Online,Beauty & Wellness,Vitamin C Serum,2,29.99,0.0,59.98,10.5,21.0,38.98
2025-05-30,UK & Ireland,In-store,Home & Kitchen,Cookware Set,2,129.99,0.0,259.98,84.49,168.98,91.0
2025-05-30,UK & Ireland,Online,Home & Kitchen,Air Fryer,3,89.99,0.0,269.97,62.99,188.97,81.0
2025-05-30,UK & Ireland,Online,Home & Kitchen,Coffee Grinder,4,39.99,0.0,159.96,23.99,95.96,64.0
2025-05-31,APAC,In-store,Media & Entertainment,Blu-ray Box Set,8,39.99,0.0,319.92,29.99,239.92,80.0
2025-05-31,APAC,Online,Media & Entertainment,Vinyl Record,6,27.99,0.0,167.94,16.79,100.74,67.2
2025-05-31,EMEA,In-store,Apparel,Denim Jacket,6,69.99,0.0,419.94,34.99,209.94,210.0
2025-05-31,EMEA,In-store,Apparel,Wool Socks 3-pack,10,14.99,0.0,149.9,6.0,60.0,89.9
2025-05-31,EMEA,In-store,Media & Entertainment,Board Game,3,34.99,0.0,104.97,19.24,57.72,47.25
2025-05-31,EMEA,Online,Home & Kitchen,Air Fryer,5,89.99,0.15,382.46,62.99,314.95,67.51
2025-05-31,LATAM,In-store,Home & Kitchen,Coffee Grinder,3,39.99,0.0,119.97,23.99,71.97,48.0
2025-05-31,LATAM,Online,Apparel,Running Tee,3,24.99,0.0,74.97,11.25,33.75,41.22
2025-05-31,LATAM,Online,Beauty & Wellness,Electric Toothbrush,3,59.99,0.2,143.98,32.99,98.97,45.01
2025-05-31,LATAM,Online,Media & Entertainment,Blu-ray Box Set,2,39.99,0.0,79.98,29.99,59.98,20.0
2025-05-31,North America,In-store,Apparel,Wool Socks 3-pack,14,14.99,0.0,209.86,6.0,84.0,125.86
2025-05-31,North America,In-store,Electronics,Wireless Earbuds,12,79.99,0.2,767.9,51.99,623.88,144.02
2025-05-31,North America,Online,Electronics,Wireless Earbuds,2,79.99,0.0,159.98,51.99,103.98,56.0
2025-05-31,North America,Online,Media & Entertainment,Vinyl Record,6,27.99,0.0,167.94,16.79,100.74,67.2
2025-05-31,UK & Ireland,In-store,Electronics,Smart Speaker,7,49.99,0.0,349.93,34.99,244.93,105.0
2025-05-31,UK & Ireland,Online,Apparel,Wool Socks 3-pack,4,14.99,0.2,47.97,6.0,24.0,23.97
2025-05-31,UK & Ireland,Online,Media & Entertainment,Vinyl Record,1,27.99,0.0,27.99,16.79,16.79,11.2
2025-06-01,APAC,In-store,Apparel,Wool Socks 3-pack,9,14.99,0.25,101.18,6.0,54.0,47.18
2025-06-01,EMEA,In-store,Beauty & Wellness,Collagen Powder,8,34.99,0.0,279.92,14.0,112.0,167.92
2025-06-01,EMEA,In-store,Electronics,Smart Speaker,3,49.99,0.25,112.48,34.99,104.97,7.51
2025-06-01,EMEA,Online,Apparel,Running Tee,6,24.99,0.0,149.94,11.25,67.5,82.44
2025-06-01,EMEA,Online,Beauty & Wellness,Collagen Powder,5,34.99,0.0,174.95,14.0,70.0,104.95
2025-06-01,EMEA,Online,Home & Kitchen,Coffee Grinder,7,39.99,0.0,279.93,23.99,167.93,112.0
2025-06-01,LATAM,In-store,Media & Entertainment,Blu-ray Box Set,1,39.99,0.25,29.99,29.99,29.99,0.0
2025-06-01,LATAM,In-store,Media & Entertainment,Board Game,6,34.99,0.2,167.95,19.24,115.44,52.51
2025-06-01,North America,In-store,Apparel,Denim Jacket,4,69.99,0.0,279.96,34.99,139.96,140.0
2025-06-01,North America,In-store,Beauty & Wellness,Collagen Powder,5,34.99,0.0,174.95,14.0,70.0,104.95
2025-06-01,North America,In-store,Beauty & Wellness,Vitamin C Serum,10,29.99,0.0,299.9,10.5,105.0,194.9
2025-06-01,UK & Ireland,In-store,Beauty & Wellness,Vitamin C Serum,4,29.99,0.0,119.96,10.5,42.0,77.96
2025-06-01,UK & Ireland,In-store,Electronics,Wireless Earbuds,11,79.99,0.2,703.91,51.99,571.89,132.02
2025-06-01,UK & Ireland,Online,Electronics,USB-C Charger,8,19.99,0.0,159.92,10.99,87.92,72.0
2025-06-02,APAC,In-store,Beauty & Wellness,Collagen Powder,4,34.99,0.0,139.96,14.0,56.0,83.96
2025-06-02,APAC,Online,Beauty & Wellness,Collagen Powder,3,34.99,0.15,89.22,14.0,42.0,47.22
2025-06-02,APAC,Online,Beauty & Wellness,Electric Toothbrush,4,59.99,0.2,191.97,32.99,131.96,60.01
2025-06-02,EMEA,In-store,Beauty & Wellness,Vitamin C Serum,7,29.99,0.0,209.93,10.5,73.5,136.43
2025-06-02,EMEA,In-store,Media & Entertainment,Vinyl Record,4,27.99,0.0,111.96,16.79,67.16,44.8
2025-06-02,EMEA,Online,Media & Entertainment,Blu-ray Box Set,3,39.99,0.0,119.97,29.99,89.97,30.0
2025-06-02,EMEA,Online,Media & Entertainment,Vinyl Record,8,27.99,0.0,223.92,16.79,134.32,89.6
2025-06-02,LATAM,In-store,Beauty & Wellness,Electric Toothbrush,2,59.99,0.0,119.98,32.99,65.98,54.0
2025-06-02,LATAM,In-store,Beauty & Wellness,Vitamin C Serum,5,29.99,0.15,127.46,10.5,52.5,74.96
2025-06-02,LATAM,In-store,Home & Kitchen,Coffee Grinder,1,39.99,0.0,39.99,23.99,23.99,16.0
2025-06-02,UK & Ireland,In-store,Beauty & Wellness,Collagen Powder,3,34.99,0.1,94.47,14.0,42.0,52.47
2025-06-02,UK & Ireland,Online,Apparel,Denim Jacket,3,69.99,0.15,178.47,34.99,104.97,73.5
2025-06-03,APAC,Online,Beauty & Wellness,Vitamin C Serum,8,29.99,0.0,239.92,10.5,84.0,155.92
2025-06-03,EMEA,In-store,Apparel,Denim Jacket,2,69.99,0.0,139.98,34.99,69.98,70.0
2025-06-03,EMEA,Online,Electronics,Smart Speaker,7,49.99,0.0,349.93,34.99,244.93,105.0
2025-06-03,EMEA,Online,Home & Kitchen,Coffee Grinder,6,39.99,0.25,179.95,23.99,143.94,36.01
2025-06-03,LATAM,In-store,Apparel,Wool Socks 3-pack,11,14.99,0.0,164.89,6.0,66.0,98.89
2025-06-03,LATAM,In-store,Home & Kitchen,Air Fryer,3,89.99,0.2,215.98,62.99,188.97,27.01
2025-06-03,LATAM,In-store,Home & Kitchen,Coffee Grinder,3,39.99,0.1,107.97,23.99,71.97,36.0
2025-06-03,LATAM,Online,Beauty & Wellness,Vitamin C Serum,2,29.99,0.0,59.98,10.5,21.0,38.98
2025-06-03,LATAM,Online,Home & Kitchen,Air Fryer,2,89.99,0.0,179.98,62.99,125.98,54.0
2025-06-03,North America,In-store,Home & Kitchen,Air Fryer,6,89.99,0.0,539.94,62.99,377.94,162.0
2025-06-03,North America,In-store,Home & Kitchen,Cookware Set,2,129.99,0.0,259.98,84.49,168.98,91.0
2025-06-03,North America,In-store,Media & Entertainment,Vinyl Record,4,27.99,0.1,100.76,16.79,67.16,33.6
2025-06-03,North America,Online,Apparel,Denim Jacket,1,69.99,0.0,69.99,34.99,34.99,35.0
2025-06-03,North America,Online,Beauty & Wellness,Electric Toothbrush,1,59.99,0.0,59.99,32.99,32.99,27.0
2025-06-03,North America,Online,Home & Kitchen,Cookware Set,5,129.99,0.0,649.95,84.49,422.45,227.5
2025-06-03,UK & Ireland,In-store,Apparel,Wool Socks 3-pack,7,14.99,0.0,104.93,6.0,42.0,62.93
2025-06-03,UK & Ireland,In-store,Media & Entertainment,Blu-ray Box Set,8,39.99,0.15,271.93,29.99,239.92,32.01
2025-06-03,UK & Ireland,Online,Beauty & Wellness,Vitamin C Serum,1,29.99,0.0,29.99,10.5,10.5,19.49
2025-06-03,UK & Ireland,Online,Media & Entertainment,Board Game,2,34.99,0.0,69.98,19.24,38.48,31.5
2025-06-04,APAC,In-store,Home & Kitchen,Air Fryer,3,89.99,0.0,269.97,62.99,188.97,81.0
2025-06-04,APAC,Online,Apparel,Running Tee,1,24.99,0.1,22.49,11.25,11.25,11.24
2025-06-04,EMEA,In-store,Apparel,Running Tee,9,24.99,0.0,224.91,11.25,101.25,123.66
2025-06-04,EMEA,In-store,Electronics,USB-C Charger,12,19.99,0.0,239.88,10.99,131.88,108.0
2025-06-04,LATAM,In-store,Media & Entertainment,Board Game,5,34.99,0.1,157.46,19.24,96.2,61.26
2025-06-04,LATAM,Online,Electronics,Wireless Earbuds,2,79.99,0.0,159.98,51.99,103.98,56.0
2025-06-04,North America,In-store,Media & Entertainment,Vinyl Record,3,27.99,0.15,71.37,16.79,50.37,21.0
2025-06-04,North America,Online,Apparel,Denim Jacket,2,69.99,0.2,111.98,34.99,69.98,42.0
2025-06-04,UK & Ireland,In-store,Apparel,Wool Socks 3-pack,5,14.99,0.0,74.95,6.0,30.0,44.95
2025-06-04,UK & Ireland,Online,Apparel,Denim Jacket,1,69.99,0.0,69.99,34.99,34.99,35.0
2025-06-04,UK & Ireland,Online,Apparel,Wool Socks 3-pack,4,14.99,0.0,59.96,6.0,24.0,35.96
2025-06-04,UK & Ireland,Online,Electronics,USB-C Charger,11,19.99,0.0,219.89,10.99,120.89,99.0
2025-06-05,APAC,In-store,Home & Kitchen,Cookware Set,3,129.99,0.1,350.97,84.49,253.47,97.5
2025-06-05,APAC,Online,Media & Entertainment,Vinyl Record,2,27.99,0.0,55.98,16.79,33.58,22.4
2025-06-05,EMEA,In-store,Beauty & Wellness,Electric Toothbrush,9,59.99,0.0,539.91,32.99,296.91,243.0
2025-06-05,EMEA,Online,Apparel,Denim Jacket,7,69.99,0.15,416.44,34.99,244.93,171.51
2025-06-05,North America,Online,Apparel,Wool Socks 3-pack,5,14.99,0.25,56.21,6.0,30.0,26.21
2025-06-05,UK & Ireland,In-store,Electronics,Smart Speaker,4,49.99,0.0,199.96,34.99,139.96,60.0
2025-06-05,UK & Ireland,Online,Apparel,Wool Socks 3-pack,1,14.99,0.0,14.99,6.0,6.0,8.99
2025-06-05,UK & Ireland,Online,Electronics,Wireless Earbuds,5,79.99,0.0,399.95,51.99,259.95,140.0
2025-06-06,APAC,Online,Electronics,Smart Speaker,5,49.99,0.0,249.95,34.99,174.95,75.0
2025-06-06,EMEA,In-store,Apparel,Denim Jacket,4,69.99,0.25,209.97,34.99,139.96,70.01
2025-06-06,EMEA,Online,Electronics,Smart Speaker,2,49.99,0.0,99.98,34.99,69.98,30.0
2025-06-06,EMEA,Online,Electronics,Wireless Earbuds,6,79.99,0.0,479.94,51.99,311.94,168.0
2025-06-06,LATAM,In-store,Beauty & Wellness,Vitamin C Serum,5,29.99,0.0,149.95,10.5,52.5,97.45
2025-06-06,LATAM,Online,Media & Entertainment,Board Game,5,34.99,0.1,157.46,19.24,96.2,61.26
2025-06-06,North America,In-store,Apparel,Wool Socks 3-pack,9,14.99,0.0,134.91,6.0,54.0,80.91
2025-06-06,North America,In-store,Electronics,Smart Speaker,7,49.99,0.0,349.93,34.99,244.93,105.0
2025-06-06,North America,Online,Media & Entertainment,Vinyl Record,2,27.99,0.0,55.98,16.79,33.58,22.4
2025-06-06,UK & Ireland,Online,Apparel,Running Tee,6,24.99,0.25,112.45,11.25,67.5,44.95
2025-06-06,UK & Ireland,Online,Home & Kitchen,Cookware Set,2,129.99,0.0,259.98,84.49,168.98,91.0
2025-06-06,UK & Ireland,Online,Media & Entertainment,Board Game,5,34.99,0.2,139.96,19.24,96.2,43.76
2025-06-06,UK & Ireland,Online,Media & Entertainment,Vinyl Record,2,27.99,0.0,55.98,16.79,33.58,22.4
2025-06-07,APAC,In-store,Apparel,Wool Socks 3-pack,3,14.99,0.0,44.97,6.0,18.0,26.97
2025-06-07,APAC,In-store,Beauty & Wellness,Collagen Powder,11,34.99,0.0,384.89,14.0,154.0,230.89
2025-06-07,APAC,In-store,Beauty & Wellness,Vitamin C Serum,12,29.99,0.0,359.88,10.5,126.0,233.88
2025-06-07,APAC,In-store,Electronics,USB-C Charger,6,19.99,0.1,107.95,10.99,65.94,42.01
2025-06-07,EMEA,Online,Media & Entertainment,Vinyl Record,2,27.99,0.0,55.98,16.79,33.58,22.4
2025-06-07,LATAM,In-store,Apparel,Wool Socks 3-pack,7,14.99,0.0,104.93,6.0,42.0,62.93
2025-06-07,North America,Online,Apparel,Denim Jacket,2,69.99,0.0,139.98,34.99,69.98,70.0
2025-06-07,UK & Ireland,In-store,Electronics,USB-C Charger,15,19.99,0.15,254.87,10.99,164.85,90.02
2025-06-07,UK & Ireland,In-store,Electronics,Wireless Earbuds,9,79.99,0.0,719.91,51.99,467.91,252.0
2025-06-07,UK & Ireland,Online,Apparel,Running Tee,6,24.99,0.0,149.94,11.25,67.5,82.44
2025-06-08,APAC,In-store,Apparel,Running Tee,8,24.99,0.0,199.92,11.25,90.0,109.92
2025-06-08,APAC,In-store,Beauty & Wellness,Vitamin C Serum,6,29.99,0.0,179.94,10.5,63.0,116.94
2025-06-08,APAC,Online,Apparel,Wool Socks 3-pack,6,14.99,0.2,71.95,6.0,36.0,35.95
2025-06-08,APAC,Online,Home & Kitchen,Cookware Set,5,129.99,0.1,584.96,84.49,422.45,162.51
2025-06-08,EMEA,In-store,Apparel,Denim Jacket,4,69.99,0.0,279.96,34.99,139.96,140.0
2025-06-08,EMEA,In-store,Beauty & Wellness,Collagen Powder,14,34.99,0.1,440.87,14.0,196.0,244.87
2025-06-08,EMEA,Online,Electronics,Wireless Earbuds,7,79.99,0.0,559.93,51.99,363.93,196.0
2025-06-08,EMEA,Online,Home & Kitchen,Cookware Set,3,129.99,0.0,389.97,84.49,253.47,136.5
2025-06-08,LATAM,In-store,Home & Kitchen,Cookware Set,4,129.99,0.0,519.96,84.49,337.96,182.0
2025-06-08,LATAM,Online,Media & Entertainment,Board Game,3,34.99,0.2,83.98,19.24,57.72,26.26
2025-06-08,LATAM,Online,Media & Entertainment,Vinyl Record,2,27.99,0.0,55.98,16.79,33.58,22.4
2025-06-08,North America,In-store,Beauty & Wellness,Electric Toothbrush,5,59.99,0.1,269.95,32.99,164.95,105.0
2025-06-08,North America,In-store,Media & Entertainment,Blu-ray Box Set,8,39.99,0.0,319.92,29.99,239.92,80.0
2025-06-08,North America,Online,Apparel,Denim Jacket,1,69.99,0.2,55.99,34.99,34.99,21.0
2025-06-08,North America,Online,Electronics,Wireless Earbuds,10,79.99,0.1,719.91,51.99,519.9,200.01
2025-06-08,UK & Ireland,In-store,Beauty & Wellness,Collagen Powder,9,34.99,0.1,283.42,14.0,126.0,157.42
2025-06-08,UK & Ireland,In-store,Electronics,Wireless Earbuds,5,79.99,0.0,399.95,51.99,259.95,140.0
2025-06-08,UK & Ireland,Online,Electronics,USB-C Charger,4,19.99,0.0,79.96,10.99,43.96,36.0
2025-06-08,UK & Ireland,Online,Electronics,Wireless Earbuds,3,79.99,0.0,239.97,51.99,155.97,84.0
2025-06-09,APAC,In-store,Beauty & Wellness,Collagen Powder,8,34.99,0.0,279.92,14.0,112.0,167.92
2025-06-09,APAC,In-store,Beauty & Wellness,Electric Toothbrush,9,59.99,0.0,539.91,32.99,296.91,243.0
2025-06-09,APAC,In-store,Media & Entertainment,Blu-ray Box Set,4,39.99,0.0,159.96,29.99,119.96,40.0
2025-06-09,EMEA,In-store,Media & Entertainment,Vinyl Record,3,27.99,0.2,67.18,16.79,50.37,16.81
2025-06-09,EMEA,Online,Beauty & Wellness,Collagen Powder,2,34.99,0.0,69.98,14.0,28.0,41.98
2025-06-09,EMEA,Online,Media & Entertainment,Blu-ray Box Set,1,39.99,0.0,39.99,29.99,29.99,10.0
2025-06-09,LATAM,In-store,Electronics,Smart Speaker,1,49.99,0.0,49.99,34.99,34.99,15.0
2025-06-09,LATAM,In-store,Media & Entertainment,Vinyl Record,4,27.99,0.0,111.96,16.79,67.16,44.8
2025-06-09,LATAM,Online,Electronics,USB-C Charger,5,19.99,0.0,99.95,10.99,54.95,45.0
2025-06-09,LATAM,Online,Media & Entertainment,Blu-ray Box Set,1,39.99,0.15,33.99,29.99,29.99,4.0
2025-06-09,North America,In-store,Electronics,Smart Speaker,6,49.99,0.0,299.94,34.99,209.94,90.0
2025-06-09,UK & Ireland,In-store,Beauty & Wellness,Electric Toothbrush,3,59.99,0.0,179.97,32.99,98.97,81.0
2025-06-09,UK & Ireland,Online,Apparel,Denim Jacket,2,69.99,0.1,125.98,34.99,69.98,56.0
2025-06-09,UK & Ireland,Online,Beauty & Wellness,Electric Toothbrush,7,59.99,0.0,419.93,32.99,230.93,189.0
2025-06-09,UK & Ireland,Online,Electronics,USB-C Charger,8,19.99,0.0,159.92,10.99,87.92,72.0
2025-06-10,APAC,In-store,Apparel,Running Tee,6,24.99,0.2,119.95,11.25,67.5,52.45
2025-06-10,APAC,Online,Apparel,Wool Socks 3-pack,5,14.99,0.2,59.96,6.0,30.0,29.96
2025-06-10,EMEA,In-store,Electronics,USB-C Charger,8,19.99,0.0,159.92,10.99,87.92,72.0
2025-06-10,EMEA,Online,Apparel,Wool Socks 3-pack,3,14.99,0.1,40.47,6.0,18.0,22.47
2025-06-10,EMEA,Online,Electronics,USB-C Charger,5,19.99,0.15,84.96,10.99,54.95,30.01
2025-06-10,LATAM,Online,Beauty & Wellness,Electric Toothbrush,3,59.99,0.0,179.97,32.99,98.97,81.0
2025-06-10,North America,In-store,Electronics,USB-C Charger,9,19.99,0.25,134.93,10.99,98.91,36.02
2025-06-10,UK & Ireland,In-store,Electronics,Wireless Earbuds,2,79.99,0.0,159.98,51.99,103.98,56.0
2025-06-11,APAC,In-store,Electronics,Wireless Earbuds,11,79.99,0.0,879.89,51.99,571.89,308.0
2025-06-11,APAC,Online,Electronics,Smart Speaker,5,49.99,0.0,249.95,34.99,174.95,75.0
2025-06-11,EMEA,In-store,Apparel,Wool Socks 3-pack,14,14.99,0.0,209.86,6.0,84.0,125.86
2025-06-11,EMEA,Online,Electronics,Smart Speaker,3,49.99,0.0,149.97,34.99,104.97,45.0
2025-06-11,EMEA,Online,Media & Entertainment,Blu-ray Box Set,9,39.99,0.0,359.91,29.99,269.91,90.0
2025-06-11,LATAM,In-store,Beauty & Wellness,Collagen Powder,1,34.99,0.0,34.99,14.0,14.0,20.99
2025-06-11,LATAM,Online,Home & Kitchen,Air Fryer,3,89.99,0.0,269.97,62.99,188.97,81.0
2025-06-11,North America,In-store,Electronics,Smart Speaker,12,49.99,0.25,449.91,34.99,419.88,30.03
2025-06-11,North America,In-store,Electronics,USB-C Charger,11,19.99,0.0,219.89,10.99,120.89,99.0
2025-06-11,North America,Online,Apparel,Wool Socks 3-pack,3,14.99,0.2,35.98,6.0,18.0,17.98
2025-06-12,APAC,In-store,Apparel,Denim Jacket,7,69.99,0.0,489.93,34.99,244.93,245.0
2025-06-12,APAC,Online,Apparel,Denim Jacket,3,69.99,0.0,209.97,34.99,104.97,105.0
2025-06-12,EMEA,In-store,Apparel,Running Tee,13,24.99,0.1,292.38,11.25,146.25,146.13
2025-06-12,EMEA,In-store,Electronics,Smart Speaker,4,49.99,0.0,199.96,34.99,139.96,60.0
2025-06-12,EMEA,In-store,Home & Kitchen,Cookware Set,5,129.99,0.0,649.95,84.49,422.45,227.5
2025-06-12,EMEA,Online,Home & Kitchen,Coffee Grinder,2,39.99,0.0,79.98,23.99,47.98,32.0
2025-06-12,LATAM,In-store,Beauty & Wellness,Collagen Powder,6,34.99,0.0,209.94,14.0,84.0,125.94
2025-06-12,North America,In-store,Beauty & Wellness,Electric Toothbrush,4,59.99,0.0,239.96,32.99,131.96,108.0
2025-06-12,North America,Online,Apparel,Wool Socks 3-pack,7,14.99,0.0,104.93,6.0,42.0,62.93
2025-06-12,UK & Ireland,Online,Apparel,Running Tee,7,24.99,0.0,174.93,11.25,78.75,96.18
2025-06-12,UK & Ireland,Online,Apparel,Wool Socks 3-pack,2,14.99,0.0,29.98,6.0,12.0,17.98
2025-06-12,UK & Ireland,Online,Home & Kitchen,Coffee Grinder,1,39.99,0.0,39.99,23.99,23.99,16.0
2025-06-12,UK & Ireland,Online,Home & Kitchen,Cookware Set,1,129.99,0.25,97.49,84.49,84.49,13.0
2025-06-13,EMEA,In-store,Electronics,Wireless Earbuds,6,79.99,0.0,479.94,51.99,311.94,168.0
2025-06-13,EMEA,Online,Home & Kitchen,Cookware Set,2,129.99,0.0,259.98,84.49,168.98,91.0
2025-06-13,EMEA,Online,Media & Entertainment,Blu-ray Box Set,2,39.99,0.0,79.98,29.99,59.98,20.0
2025-06-13,LATAM,In-store,Apparel,Wool Socks 3-pack,4,14.99,0.0,59.96,6.0,24.0,35.96
2025-06-13,LATAM,In-store,Electronics,Smart Speaker,3,49.99,0.0,149.97,34.99,104.97,45.0
2025-06-13,LATAM,Online,Apparel,Running Tee,2,24.99,0.0,49.98,11.25,22.5,27.48
2025-06-13,LATAM,Online,Beauty & Wellness,Vitamin C Serum,2,29.99,0.0,59.98,10.5,21.0,38.98
2025-06-13,LATAM,Online,Home & Kitchen,Cookware Set,1,129.99,0.0,129.99,84.49,84.49,45.5
2025-06-13,LATAM,Online,Media & Entertainment,Board Game,2,34.99,0.0,69.98,19.24,38.48,31.5
2025-06-13,North America,In-store,Apparel,Wool Socks 3-pack,6,14.99,0.0,89.94,6.0,36.0,53.94
2025-06-13,North America,In-store,Beauty & Wellness,Collagen Powder,11,34.99,0.0,384.89,14.0,154.0,230.89
2025-06-13,North America,In-store,Beauty & Wellness,Electric Toothbrush,7,59.99,0.0,419.93,32.99,230.93,189.0
2025-06-13,North America,Online,Apparel,Running Tee,3,24.99,0.0,74.97,11.25,33.75,41.22
2025-06-14,APAC,Online,Media & Entertainment,Vinyl Record,2,27.99,0.0,55.98,16.79,33.58,22.4
2025-06-14,EMEA,In-store,Beauty & Wellness,Collagen Powder,6,34.99,0.1,188.95,14.0,84.0,104.95
2025-06-14,EMEA,In-store,Beauty & Wellness,Vitamin C Serum,5,29.99,0.2,119.96,10.5,52.5,67.46
2025-06-14,EMEA,In-store,Media & Entertainment,Board Game,5,34.99,0.0,174.95,19.24,96.2,78.75
2025-06-14,EMEA,Online,Apparel,Denim Jacket,8,69.99,0.25,419.94,34.99,279.92,140.02
2025-06-14,LATAM,In-store,Beauty & Wellness,Vitamin C Serum,6,29.99,0.25,134.95,10.5,63.0,71.95
2025-06-14,LATAM,Online,Media & Entertainment,Blu-ray Box Set,2,39.99,0.0,79.98,29.99,59.98,20.0
2025-06-14,North America,In-store,Apparel,Wool Socks 3-pack,14,14.99,0.0,209.86,6.0,84.0,125.86
2025-06-14,North America,In-store,Home & Kitchen,Cookware Set,4,129.99,0.0,519.96,84.49,337.96,182.0
2025-06-14,North America,Online,Media & Entertainment,Blu-ray Box Set,7,39.99,0.25,209.95,29.99,209.93,0.02
2025-06-14,North America,Online,Media & Entertainment,Vinyl Record,5,27.99,0.0,139.95,16.79,83.95,56.0
2025-06-14,UK & Ireland,In-store,Beauty & Wellness,Vitamin C Serum,9,29.99,0.0,269.91,10.5,94.5,175.41
2025-06-15,APAC,In-store,Beauty & Wellness,Electric Toothbrush,9,59.99,0.0,539.91,32.99,296.91,243.0
2025-06-15,APAC,In-store,Electronics,Wireless Earbuds,7,79.99,0.15,475.94,51.99,363.93,112.01
2025-06-15,APAC,Online,Electronics,USB-C Charger,5,19.99,0.0,99.95,10.99,54.95,45.0
2025-06-15,EMEA,In-store,Beauty & Wellness,Vitamin C Serum,7,29.99,0.15,178.44,10.5,73.5,104.94
2025-06-15,EMEA,In-store,Home & Kitchen,Cookware Set,1,129.99,0.0,129.99,84.49,84.49,45.5
2025-06-15,EMEA,In-store,Media & Entertainment,Board Game,3,34.99,0.0,104.97,19.24,57.72,47.25
2025-06-15,EMEA,Online,Apparel,Denim Jacket,2,69.99,0.1,125.98,34.99,69.98,56.0
2025-06-15,LATAM,In-store,Media & Entertainment,Vinyl Record,3,27.99,0.0,83.97,16.79,50.37,33.6
2025-06-15,LATAM,Online,Media & Entertainment,Board Game,7,34.99,0.0,244.93,19.24,134.68,110.25
2025-06-15,North America,Online,Apparel,Wool Socks 3-pack,9,14.99,0.1,121.42,6.0,54.0,67.42
2025-06-15,North America,Online,Beauty & Wellness,Electric Toothbrush,1,59.99,0.15,50.99,32.99,32.99,18.0
2025-06-15,North America,Online,Home & Kitchen,Coffee Grinder,3,39.99,0.0,119.97,23.99,71.97,48.0
2025-06-15,North America,Online,Media & Entertainment,Vinyl Record,7,27.99,0.0,195.93,16.79,117.53,78.4
2025-06-15,UK & Ireland,Online,Home & Kitchen,Air Fryer,2,89.99,0.0,179.98,62.99,125.98,54.0
2025-06-16,APAC,In-store,Apparel,Denim Jacket,2,69.99,0.0,139.98,34.99,69.98,70.0
2025-06-16,APAC,In-store,Media & Entertainment,Board Game,4,34.99,0.0,139.96,19.24,76.96,63.0
2025-06-16,APAC,Online,Apparel,Wool Socks 3-pack,5,14.99,0.0,74.95,6.0,30.0,44.95
2025-06-16,APAC,Online,Electronics,USB-C Charger,5,19.99,0.0,99.95,10.99,54.95,45.0
2025-06-16,LATAM,Online,Apparel,Denim Jacket,2,69.99,0.0,139.98,34.99,69.98,70.0
2025-06-16,LATAM,Online,Home & Kitchen,Coffee Grinder,4,39.99,0.0,159.96,23.99,95.96,64.0
2025-06-16,North America,In-store,Apparel,Denim Jacket,5,69.99,0.0,349.95,34.99,174.95,175.0
2025-06-16,North America,Online,Media & Entertainment,Board Game,12,34.99,0.0,419.88,19.24,230.88,189.0
2025-06-16,UK & Ireland,In-store,Media & Entertainment,Board Game,5,34.99,0.15,148.71,19.24,96.2,52.51
2025-06-16,UK & Ireland,Online,Beauty & Wellness,Electric Toothbrush,3,59.99,0.0,179.97,32.99,98.97,81.0
2025-06-16,UK & Ireland,Online,Electronics,Wireless Earbuds,6,79.99,0.15,407.95,51.99,311.94,96.01
2025-06-16,UK & Ireland,Online,Home & Kitchen,Cookware Set,3,129.99,0.0,389.97,84.49,253.47,136.5
2025-06-16,UK & Ireland,Online,Media & Entertainment,Vinyl Record,2,27.99,0.0,55.98,16.79,33.58,22.4
2025-06-17,APAC,In-store,Electronics,Wireless Earbuds,10,79.99,0.0,799.9,51.99,519.9,280.0
2025-06-17,APAC,Online,Apparel,Wool Socks 3-pack,3,14.99,0.0,44.97,6.0,18.0,26.97
2025-06-17,EMEA,In-store,Home & Kitchen,Cookware Set,3,129.99,0.0,389.97,84.49,253.47,136.5
2025-06-17,EMEA,Online,Home & Kitchen,Coffee Grinder,1,39.99,0.0,39.99,23.99,23.99,16.0
2025-06-17,LATAM,In-store,Beauty & Wellness,Collagen Powder,4,34.99,0.0,139.96,14.0,56.0,83.96
2025-06-17,LATAM,In-store,Media & Entertainment,Board Game,4,34.99,0.2,111.97,19.24,76.96,35.01
2025-06-17,North America,In-store,Beauty & Wellness,Collagen Powder,4,34.99,0.2,111.97,14.0,56.0,55.97
2025-06-17,UK & Ireland,In-store,Beauty & Wellness,Electric Toothbrush,3,59.99,0.0,179.97,32.99,98.97,81.0
2025-06-17,UK & Ireland,In-store,Beauty & Wellness,Vitamin C Serum,2,29.99,0.0,59.98,10.5,21.0,38.98
2025-06-17,UK & Ireland,In-store,Media & Entertainment,Vinyl Record,3,27.99,0.0,83.97,16.79,50.37,33.6
2025-06-17,UK & Ireland,Online,Apparel,Running Tee,5,24.99,0.0,124.95,11.25,56.25,68.7
2025-06-18,APAC,In-store,Beauty & Wellness,Vitamin C Serum,10,29.99,0.0,299.9,10.5,105.0,194.9
2025-06-18,APAC,In-store,Electronics,Smart Speaker,3,49.99,0.0,149.97,34.99,104.97,45.0
2025-06-18,APAC,In-store,Electronics,USB-C Charger,6,19.99,0.25,89.95,10.99,65.94,24.01
2025-06-18,APAC,Online,Beauty & Wellness,Collagen Powder,3,34.99,0.1,94.47,14.0,42.0,52.47
2025-06-18,APAC,Online,Electronics,Wireless Earbuds,2,79.99,0.0,159.98,51.99,103.98,56.0
2025-06-18,APAC,Online,Media & Entertainment,Board Game,3,34.99,0.0,104.97,19.24,57.72,47.25
2025-06-18,EMEA,In-store,Apparel,Wool Socks 3-pack,4,14.99,0.2,47.97,6.0,24.0,23.97
2025-06-18,EMEA,In-store,Beauty & Wellness,Vitamin C Serum,6,29.99,0.25,134.95,10.5,63.0,71.95
2025-06-18,EMEA,In-store,Electronics,Wireless Earbuds,6,79.99,0.0,479.94,51.99,311.94,168.0
2025-06-18,EMEA,In-store,Home & Kitchen,Air Fryer,5,89.99,0.0,449.95,62.99,314.95,135.0
2025-06-18,LATAM,Online,Apparel,Running Tee,3,24.99,0.0,74.97,11.25,33.75,41.22
2025-06-18,North America,Online,Media & Entertainment,Vinyl Record,3,27.99,0.0,83.97,16.79,50.37,33.6
2025-06-18,UK & Ireland,In-store,Beauty & Wellness,Electric Toothbrush,1,59.99,0.0,59.99,32.99,32.99,27.0
2025-06-18,UK & Ireland,In-store,Home & Kitchen,Coffee Grinder,6,39.99,0.15,203.95,23.99,143.94,60.01
2025-06-18,UK & Ireland,Online,Apparel,Running Tee,5,24.99,0.25,93.71,11.25,56.25,37.46
2025-06-18,UK & Ireland,Online,Home & Kitchen,Air Fryer,4,89.99,0.0,359.96,62.99,251.96,108.0
2025-06-19,APAC,Online,Electronics,Wireless Earbuds,3,79.99,0.15,203.97,51.99,155.97,48.0
2025-06-19,EMEA,In-store,Apparel,Running Tee,4,24.99,0.1,89.96,11.25,45.0,44.96
2025-06-19,EMEA,In-store,Electronics,Smart Speaker,8,49.99,0.2,319.94,34.99,279.92,40.02
2025-06-19,EMEA,In-store,Electronics,USB-C Charger,10,19.99,0.0,199.9,10.99,109.9,90.0
2025-06-19,LATAM,In-store,Beauty & Wellness,Collagen Powder,4,34.99,0.0,139.96,14.0,56.0,83.96
2025-06-19,LATAM,In-store,Electronics,Smart Speaker,4,49.99,0.0,199.96,34.99,139.96,60.0
2025-06-19,LATAM,In-store,Home & Kitchen,Coffee Grinder,5,39.99,0.0,199.95,23.99,119.95,80.0
2025-06-19,LATAM,Online,Home & Kitchen,Air Fryer,1,89.99,0.2,71.99,62.99,62.99,9.0
2025-06-19,North America,In-store,Apparel,Denim Jacket,8,69.99,0.0,559.92,34.99,279.92,280.0
2025-06-19,North America,Online,Beauty & Wellness,Electric Toothbrush,7,59.99,0.0,419.93,32.99,230.93,189.0
2025-06-19,UK & Ireland,Online,Media & Entertainment,Blu-ray Box Set,6,39.99,0.0,239.94,29.99,179.94,60.0
2025-06-20,APAC,Online,Beauty & Wellness,Collagen Powder,3,34.99,0.0,104.97,14.0,42.0,62.97
2025-06-20,APAC,Online,Beauty & Wellness,Electric Toothbrush,1,59.99,0.0,59.99,32.99,32.99,27.0
2025-06-20,EMEA,In-store,Home & Kitchen,Air Fryer,7,89.99,0.0,629.93,62.99,440.93,189.0
2025-06-20,LATAM,In-store,Beauty & Wellness,Collagen Powder,3,34.99,0.0,104.97,14.0,42.0,62.97
2025-06-20,LATAM,Online,Apparel,Denim Jacket,3,69.99,0.0,209.97,34.99,104.97,105.0
2025-06-20,LATAM,Online,Home & Kitchen,Coffee Grinder,1,39.99,0.0,39.99,23.99,23.99,16.0
2025-06-20,North America,In-store,Beauty & Wellness,Electric Toothbrush,7,59.99,0.15,356.94,32.99,230.93,126.01
2025-06-20,UK & Ireland,In-store,Beauty & Wellness,Collagen Powder,6,34.99,0.0,209.94,14.0,84.0,125.94
2025-06-20,UK & Ireland,In-store,Beauty & Wellness,Vitamin C Serum,8,29.99,0.25,179.94,10.5,84.0,95.94
2025-06-20,UK & Ireland,In-store,Home & Kitchen,Coffee Grinder,6,39.99,0.1,215.95,23.99,143.94,72.01
2025-06-21,APAC,Online,Electronics,Smart Speaker,5,49.99,0.0,249.95,34.99,174.95,75.0
2025-06-21,APAC,Online,Electronics,USB-C Charger,2,19.99,0.1,35.98,10.99,21.98,14.0
2025-06-21,APAC,Online,Electronics,Wireless Earbuds,13,79.99,0.0,1039.87,51.99,675.87,364.0
2025-06-21,EMEA,In-store,Apparel,Wool Socks 3-pack,10,14.99,0.0,149.9,6.0,60.0,89.9
2025-06-21,EMEA,Online,Media & Entertainment,Vinyl Record,2,27.99,0.1,50.38,16.79,33.58,16.8
2025-06-21,LATAM,Online,Home & Kitchen,Cookware Set,1,129.99,0.0,129.99,84.49,84.49,45.5
2025-06-21,LATAM,Online,Media & Entertainment,Blu-ray Box Set,1,39.99,0.25,29.99,29.99,29.99,0.0
2025-06-21,North America,Online,Apparel,Wool Socks 3-pack,7,14.99,0.0,104.93,6.0,42.0,62.93
2025-06-21,North America,Online,Media & Entertainment,Blu-ray Box Set,6,39.99,0.0,239.94,29.99,179.94,60.0
2025-06-21,UK & Ireland,In-store,Beauty & Wellness,Collagen Powder,3,34.99,0.0,104.97,14.0,42.0,62.97
2025-06-21,UK & Ireland,In-store,Media & Entertainment,Vinyl Record,6,27.99,0.15,142.75,16.79,100.74,42.01
2025-06-21,UK & Ireland,Online,Apparel,Running Tee,8,24.99,0.0,199.92,11.25,90.0,109.92
2025-06-21,UK & Ireland,Online,Apparel,Wool Socks 3-pack,9,14.99,0.0,134.91,6.0,54.0,80.91
2025-06-21,UK & Ireland,Online,Beauty & Wellness,Collagen Powder,9,34.99,0.0,314.91,14.0,126.0,188.91
2025-06-21,UK & Ireland,Online,Beauty & Wellness,Electric Toothbrush,4,59.99,0.0,239.96,32.99,131.96,108.0
2025-06-21,UK & Ireland,Online,Home & Kitchen,Cookware Set,1,129.99,0.0,129.99,84.49,84.49,45.5
2025-06-22,APAC,Online,Home & Kitchen,Cookware Set,2,129.99,0.25,194.99,84.49,168.98,26.01
2025-06-22,EMEA,In-store,Home & Kitchen,Cookware Set,4,129.99,0.0,519.96,84.49,337.96,182.0
2025-06-22,LATAM,In-store,Electronics,Wireless Earbuds,9,79.99,0.15,611.92,51.99,467.91,144.01
2025-06-22,LATAM,In-store,Home & Kitchen,Air Fryer,3,89.99,0.0,269.97,62.99,188.97,81.0
2025-06-22,LATAM,In-store,Home & Kitchen,Coffee Grinder,9,39.99,0.0,359.91,23.99,215.91,144.0
2025-06-22,LATAM,In-store,Media & Entertainment,Vinyl Record,1,27.99,0.0,27.99,16.79,16.79,11.2
2025-06-22,LATAM,Online,Media & Entertainment,Blu-ray Box Set,1,39.99,0.0,39.99,29.99,29.99,10.0
2025-06-22,North America,In-store,Beauty & Wellness,Electric Toothbrush,3,59.99,0.15,152.97,32.99,98.97,54.0
2025-06-22,North America,In-store,Home & Kitchen,Cookware Set,6,129.99,0.0,779.94,84.49,506.94,273.0
2025-06-22,North America,Online,Apparel,Denim Jacket,6,69.99,0.0,419.94,34.99,209.94,210.0
2025-06-22,North America,Online,Apparel,Wool Socks 3-pack,6,14.99,0.0,89.94,6.0,36.0,53.94
2025-06-22,North America,Online,Beauty & Wellness,Electric Toothbrush,5,59.99,0.0,299.95,32.99,164.95,135.0
2025-06-22,UK & Ireland,Online,Electronics,Wireless Earbuds,5,79.99,0.0,399.95,51.99,259.95,140.0
2025-06-23,APAC,Online,Apparel,Wool Socks 3-pack,5,14.99,0.25,56.21,6.0,30.0,26.21
2025-06-23,EMEA,In-store,Home & Kitchen,Air Fryer,5,89.99,0.25,337.46,62.99,314.95,22.51
2025-06-23,EMEA,Online,Apparel,Wool Socks 3-pack,3,14.99,0.0,44.97,6.0,18.0,26.97
2025-06-23,LATAM,In-store,Home & Kitchen,Cookware Set,2,129.99,0.0,259.98,84.49,168.98,91.0
2025-06-23,LATAM,Online,Beauty & Wellness,Collagen Powder,4,34.99,0.0,139.96,14.0,56.0,83.96
2025-06-23,LATAM,Online,Media & Entertainment,Blu-ray Box Set,2,39.99,0.0,79.98,29.99,59.98,20.0
2025-06-23,North America,In-store,Home & Kitchen,Coffee Grinder,1,39.99,0.0,39.99,23.99,23.99,16.0
2025-06-23,North America,Online,Apparel,Running Tee,14,24.99,0.2,279.89,11.25,157.5,122.39
2025-06-23,North America,Online,Media & Entertainment,Board Game,6,34.99,0.1,188.95,19.24,115.44,73.51
2025-06-23,UK & Ireland,In-store,Home & Kitchen,Air Fryer,1,89.99,0.0,89.99,62.99,62.99,27.0
2025-06-23,UK & Ireland,In-store,Media & Entertainment,Board Game,1,34.99,0.0,34.99,19.24,19.24,15.75
2025-06-23,UK & Ireland,Online,Electronics,Smart Speaker,8,49.99,0.0,399.92,34.99,279.92,120.0
2025-06-24,APAC,In-store,Apparel,Denim Jacket,4,69.99,0.15,237.97,34.99,139.96,98.01
2025-06-24,APAC,In-store,Electronics,USB-C Charger,11,19.99,0.0,219.89,10.99,120.89,99.0
2025-06-24,APAC,In-store,Home & Kitchen,Air Fryer,5,89.99,0.1,404.95,62.99,314.95,90.0
2025-06-24,APAC,Online,Electronics,Smart Speaker,4,49.99,0.0,199.96,34.99,139.96,60.0
2025-06-24,EMEA,In-store,Media & Entertainment,Blu-ray Box Set,5,39.99,0.0,199.95,29.99,149.95,50.0
2025-06-24,EMEA,Online,Home & Kitchen,Coffee Grinder,4,39.99,0.0,159.96,23.99,95.96,64.0
2025-06-24,LATAM,In-store,Media & Entertainment,Board Game,3,34.99,0.1,94.47,19.24,57.72,36.75
2025-06-24,North America,In-store,Apparel,Denim Jacket,3,69.99,0.0,209.97,34.99,104.97,105.0
2025-06-24,North America,In-store,Home & Kitchen,Air Fryer,7,89.99,0.0,629.93,62.99,440.93,189.0
2025-06-24,North America,In-store,Media & Entertainment,Blu-ray Box Set,4,39.99,0.15,135.97,29.99,119.96,16.01
2025-06-24,North America,Online,Beauty & Wellness,Collagen Powder,3,34.99,0.0,104.97,14.0,42.0,62.97
2025-06-24,UK & Ireland,In-store,Apparel,Running Tee,5,24.99,0.0,124.95,11.25,56.25,68.7
2025-06-24,UK & Ireland,In-store,Electronics,Smart Speaker,1,49.99,0.0,49.99,34.99,34.99,15.0
2025-06-24,UK & Ireland,Online,Apparel,Running Tee,4,24.99,0.0,99.96,11.25,45.0,54.96
2025-06-24,UK & Ireland,Online,Beauty & Wellness,Vitamin C Serum,5,29.99,0.0,149.95,10.5,52.5,97.45
2025-06-24,UK & Ireland,Online,Media & Entertainment,Board Game,2,34.99,0.0,69.98,19.24,38.48,31.5
2025-06-25,APAC,In-store,Home & Kitchen,Cookware Set,4,129.99,0.0,519.96,84.49,337.96,182.0
2025-06-25,APAC,Online,Beauty & Wellness,Vitamin C Serum,1,29.99,0.0,29.99,10.5,10.5,19.49
2025-06-25,APAC,Online,Electronics,Smart Speaker,6,49.99,0.15,254.95,34.99,209.94,45.01
2025-06-25,APAC,Online,Home & Kitchen,Air Fryer,3,89.99,0.0,269.97,62.99,188.97,81.0
2025-06-25,APAC,Online,Media & Entertainment,Blu-ray Box Set,4,39.99,0.0,159.96,29.99,119.96,40.0
2025-06-25,EMEA,In-store,Beauty & Wellness,Vitamin C Serum,5,29.99,0.15,127.46,10.5,52.5,74.96
2025-06-25,LATAM,In-store,Apparel,Denim Jacket,3,69.99,0.0,209.97,34.99,104.97,105.0
2025-06-25,LATAM,In-store,Beauty & Wellness,Electric Toothbrush,2,59.99,0.1,107.98,32.99,65.98,42.0
2025-06-25,LATAM,In-store,Beauty & Wellness,Vitamin C Serum,6,29.99,0.0,179.94,10.5,63.0,116.94
2025-06-25,LATAM,In-store,Electronics,Wireless Earbuds,5,79.99,0.0,399.95,51.99,259.95,140.0
2025-06-25,LATAM,In-store,Home & Kitchen,Coffee Grinder,4,39.99,0.0,159.96,23.99,95.96,64.0
2025-06-25,LATAM,Online,Beauty & Wellness,Vitamin C Serum,6,29.99,0.1,161.95,10.5,63.0,98.95
2025-06-25,LATAM,Online,Electronics,Smart Speaker,2,49.99,0.0,99.98,34.99,69.98,30.0
2025-06-25,UK & Ireland,In-store,Electronics,Smart Speaker,3,49.99,0.0,149.97,34.99,104.97,45.0
2025-06-25,UK & Ireland,In-store,Electronics,USB-C Charger,8,19.99,0.0,159.92,10.99,87.92,72.0
2025-06-25,UK & Ireland,Online,Home & Kitchen,Coffee Grinder,3,39.99,0.0,119.97,23.99,71.97,48.0
2025-06-26,EMEA,In-store,Beauty & Wellness,Electric Toothbrush,2,59.99,0.0,119.98,32.99,65.98,54.0
2025-06-26,EMEA,In-store,Home & Kitchen,Coffee Grinder,4,39.99,0.0,159.96,23.99,95.96,64.0
2025-06-26,LATAM,In-store,Electronics,USB-C Charger,9,19.99,0.0,179.91,10.99,98.91,81.0
2025-06-26,LATAM,In-store,Home & Kitchen,Cookware Set,2,129.99,0.0,259.98,84.49,168.98,91.0
2025-06-26,LATAM,Online,Apparel,Denim Jacket,6,69.99,0.0,419.94,34.99,209.94,210.0
2025-06-26,LATAM,Online,Electronics,Smart Speaker,4,49.99,0.0,199.96,34.99,139.96,60.0
2025-06-26,LATAM,Online,Electronics,USB-C Charger,4,19.99,0.0,79.96,10.99,43.96,36.0
2025-06-26,LATAM,Online,Home & Kitchen,Cookware Set,2,129.99,0.0,259.98,84.49,168.98,91.0
2025-06-26,North America,In-store,Beauty & Wellness,Collagen Powder,4,34.99,0.15,118.97,14.0,56.0,62.97
2025-06-26,North America,In-store,Home & Kitchen,Cookware Set,3,129.99,0.0,389.97,84.49,253.47,136.5
2025-06-26,North America,Online,Electronics,Wireless Earbuds,9,79.99,0.0,719.91,51.99,467.91,252.0
2025-06-26,UK & Ireland,Online,Home & Kitchen,Air Fryer,4,89.99,0.15,305.97,62.99,251.96,54.01
2025-06-27,APAC,In-store,Electronics,Smart Speaker,5,49.99,0.0,249.95,34.99,174.95,75.0
2025-06-27,APAC,Online,Beauty & Wellness,Electric Toothbrush,5,59.99,0.15,254.96,32.99,164.95,90.01
2025-06-27,APAC,Online,Electronics,USB-C Charger,8,19.99,0.25,119.94,10.99,87.92,32.02
2025-06-27,EMEA,In-store,Beauty & Wellness,Collagen Powder,4,34.99,0.15,118.97,14.0,56.0,62.97
2025-06-27,EMEA,In-store,Electronics,Smart Speaker,8,49.99,0.2,319.94,34.99,279.92,40.02
2025-06-27,LATAM,Online,Apparel,Running Tee,4,24.99,0.0,99.96,11.25,45.0,54.96
2025-06-27,LATAM,Online,Apparel,Wool Socks 3-pack,3,14.99,0.0,44.97,6.0,18.0,26.97
2025-06-27,LATAM,Online,Electronics,USB-C Charger,6,19.99,0.0,119.94,10.99,65.94,54.0
2025-06-27,LATAM,Online,Home & Kitchen,Air Fryer,4,89.99,0.0,359.96,62.99,251.96,108.0
2025-06-27,North America,In-store,Home & Kitchen,Coffee Grinder,4,39.99,0.1,143.96,23.99,95.96,48.0
2025-06-27,North America,Online,Electronics,USB-C Charger,9,19.99,0.0,179.91,10.99,98.91,81.0
2025-06-27,UK & Ireland,In-store,Beauty & Wellness,Electric Toothbrush,2,59.99,0.2,95.98,32.99,65.98,30.0
2025-06-28,APAC,In-store,Media & Entertainment,Vinyl Record,10,27.99,0.0,279.9,16.79,167.9,112.0
2025-06-28,APAC,Online,Apparel,Wool Socks 3-pack,3,14.99,0.1,40.47,6.0,18.0,22.47
2025-06-28,APAC,Online,Beauty & Wellness,Vitamin C Serum,4,29.99,0.2,95.97,10.5,42.0,53.97
2025-06-28,EMEA,In-store,Home & Kitchen,Air Fryer,11,89.99,0.15,841.41,62.99,692.89,148.52
2025-06-28,EMEA,Online,Beauty & Wellness,Collagen Powder,6,34.99,0.0,209.94,14.0,84.0,125.94
2025-06-28,EMEA,Online,Home & Kitchen,Cookware Set,2,129.99,0.2,207.98,84.49,168.98,39.0
2025-06-28,LATAM,In-store,Media & Entertainment,Blu-ray Box Set,3,39.99,0.0,119.97,29.99,89.97,30.0
2025-06-28,LATAM,Online,Media & Entertainment,Board Game,2,34.99,0.0,69.98,19.24,38.48,31.5
2025-06-28,North America,In-store,Electronics,Smart Speaker,11,49.99,0.0,549.89,34.99,384.89,165.0
2025-06-28,North America,In-store,Home & Kitchen,Coffee Grinder,7,39.99,0.0,279.93,23.99,167.93,112.0
2025-06-28,North America,In-store,Media & Entertainment,Vinyl Record,8,27.99,0.0,223.92,16.79,134.32,89.6
2025-06-28,North America,Online,Beauty & Wellness,Collagen Powder,3,34.99,0.0,104.97,14.0,42.0,62.97
2025-06-28,UK & Ireland,Online,Media & Entertainment,Vinyl Record,5,27.99,0.1,125.95,16.79,83.95,42.0
2025-06-29,APAC,In-store,Apparel,Running Tee,7,24.99,0.0,174.93,11.25,78.75,96.18
2025-06-29,APAC,Online,Electronics,Wireless Earbuds,8,79.99,0.0,639.92,51.99,415.92,224.0
2025-06-29,EMEA,Online,Apparel,Wool Socks 3-pack,3,14.99,0.0,44.97,6.0,18.0,26.97
2025-06-29,LATAM,In-store,Electronics,USB-C Charger,8,19.99,0.0,159.92,10.99,87.92,72.0
2025-06-29,LATAM,In-store,Home & Kitchen,Coffee Grinder,1,39.99,0.0,39.99,23.99,23.99,16.0
2025-06-29,North America,Online,Apparel,Running Tee,6,24.99,0.0,149.94,11.25,67.5,82.44
2025-06-29,North America,Online,Electronics,Smart Speaker,2,49.99,0.0,99.98,34.99,69.98,30.0
2025-06-29,North America,Online,Electronics,Wireless Earbuds,7,79.99,0.0,559.93,51.99,363.93,196.0
2025-06-29,UK & Ireland,In-store,Electronics,USB-C Charger,12,19.99,0.0,239.88,10.99,131.88,108.0
2025-06-29,UK & Ireland,In-store,Electronics,Wireless Earbuds,11,79.99,0.0,879.89,51.99,571.89,308.0
2025-06-29,UK & Ireland,Online,Beauty & Wellness,Collagen Powder,3,34.99,0.25,78.73,14.0,42.0,36.73
2025-06-30,APAC,Online,Apparel,Running Tee,4,24.99,0.15,84.97,11.25,45.0,39.97
2025-06-30,APAC,Online,Media & Entertainment,Blu-ray Box Set,2,39.99,0.0,79.98,29.99,59.98,20.0
2025-06-30,EMEA,In-store,Beauty & Wellness,Electric Toothbrush,6,59.99,0.0,359.94,32.99,197.94,162.0
2025-06-30,EMEA,In-store,Electronics,USB-C Charger,7,19.99,0.0,139.93,10.99,76.93,63.0
2025-06-30,EMEA,Online,Electronics,Wireless Earbuds,4,79.99,0.0,319.96,51.99,207.96,112.0
2025-06-30,LATAM,In-store,Home & Kitchen,Coffee Grinder,2,39.99,0.0,79.98,23.99,47.98,32.0
2025-06-30,LATAM,Online,Beauty & Wellness,Vitamin C Serum,4,29.99,0.25,89.97,10.5,42.0,47.97
2025-06-30,North America,In-store,Apparel,Wool Socks 3-pack,9,14.99,0.0,134.91,6.0,54.0,80.91
2025-06-30,North America,In-store,Home & Kitchen,Air Fryer,3,89.99,0.0,269.97,62.99,188.97,81.0
2025-06-30,North America,In-store,Home & Kitchen,Coffee Grinder,2,39.99,0.2,63.98,23.99,47.98,16.0
2025-06-30,North America,Online,Beauty & Wellness,Collagen Powder,5,34.99,0.0,174.95,14.0,70.0,104.95
2025-06-30,North America,Online,Electronics,USB-C Charger,11,19.99,0.0,219.89,10.99,120.89,99.0
2025-06-30,North America,Online,Home & Kitchen,Cookware Set,4,129.99,0.0,519.96,84.49,337.96,182.0
2025-06-30,North America,Online,Media & Entertainment,Blu-ray Box Set,8,39.99,0.0,319.92,29.99,239.92,80.0
2025-06-30,UK & Ireland,In-store,Apparel,Wool Socks 3-pack,1,14.99,0.0,14.99,6.0,6.0,8.99
2025-06-30,UK & Ireland,In-store,Home & Kitchen,Coffee Grinder,3,39.99,0.0,119.97,23.99,71.97,48.0
2025-06-30,UK & Ireland,Online,Apparel,Running Tee,7,24.99,0.25,131.2,11.25,78.75,52.45
2025-07-01,APAC,In-store,Home & Kitchen,Coffee Grinder,6,39.99,0.1,215.95,23.99,143.94,72.01
2025-07-01,APAC,Online,Electronics,Smart Speaker,3,49.99,0.15,127.47,34.99,104.97,22.5
2025-07-01,EMEA,In-store,Electronics,USB-C Charger,14,19.99,0.0,279.86,10.99,153.86,126.0
2025-07-01,LATAM,In-store,Apparel,Wool Socks 3-pack,6,14.99,0.0,89.94,6.0,36.0,53.94
2025-07-01,LATAM,In-store,Media & Entertainment,Board Game,1,34.99,0.1,31.49,19.24,19.24,12.25
2025-07-01,LATAM,Online,Electronics,Smart Speaker,3,49.99,0.0,149.97,34.99,104.97,45.0
2025-07-01,LATAM,Online,Electronics,Wireless Earbuds,1,79.99,0.2,63.99,51.99,51.99,12.0
2025-07-01,LATAM,Online,Home & Kitchen,Air Fryer,1,89.99,0.15,76.49,62.99,62.99,13.5
2025-07-01,LATAM,Online,Home & Kitchen,Coffee Grinder,2,39.99,0.0,79.98,23.99,47.98,32.0
2025-07-01,North America,In-store,Beauty & Wellness,Electric Toothbrush,4,59.99,0.0,239.96,32.99,131.96,108.0
2025-07-01,North America,In-store,Home & Kitchen,Coffee Grinder,4,39.99,0.2,127.97,23.99,95.96,32.01
2025-07-01,North America,Online,Beauty & Wellness,Collagen Powder,6,34.99,0.0,209.94,14.0,84.0,125.94
2025-07-01,UK & Ireland,In-store,Apparel,Denim Jacket,5,69.99,0.1,314.95,34.99,174.95,140.0
2025-07-01,UK & Ireland,In-store,Apparel,Running Tee,4,24.99,0.0,99.96,11.25,45.0,54.96
2025-07-01,UK & Ireland,Online,Apparel,Running Tee,4,24.99,0.1,89.96,11.25,45.0,44.96
2025-07-01,UK & Ireland,Online,Beauty & Wellness,Electric Toothbrush,4,59.99,0.0,239.96,32.99,131.96,108.0
2025-07-01,UK & Ireland,Online,Electronics,USB-C Charger,7,19.99,0.0,139.93,10.99,76.93,63.0
2025-07-02,APAC,In-store,Home & Kitchen,Cookware Set,1,129.99,0.0,129.99,84.49,84.49,45.5
2025-07-02,APAC,Online,Beauty & Wellness,Collagen Powder,2,34.99,0.0,69.98,14.0,28.0,41.98
2025-07-02,EMEA,Online,Beauty & Wellness,Collagen Powder,4,34.99,0.0,139.96,14.0,56.0,83.96
2025-07-02,EMEA,Online,Home & Kitchen,Coffee Grinder,2,39.99,0.0,79.98,23.99,47.98,32.0
2025-07-02,EMEA,Online,Media & Entertainment,Blu-ray Box Set,2,39.99,0.0,79.98,29.99,59.98,20.0
2025-07-02,LATAM,In-store,Home & Kitchen,Coffee Grinder,4,39.99,0.0,159.96,23.99,95.96,64.0
2025-07-02,LATAM,Online,Apparel,Wool Socks 3-pack,4,14.99,0.0,59.96,6.0,24.0,35.96
2025-07-02,LATAM,Online,Beauty & Wellness,Collagen Powder,1,34.99,0.1,31.49,14.0,14.0,17.49
2025-07-02,North America,In-store,Electronics,Wireless Earbuds,7,79.99,0.0,559.93,51.99,363.93,196.0
2025-07-02,North America,In-store,Home & Kitchen,Cookware Set,5,129.99,0.0,649.95,84.49,422.45,227.5
2025-07-02,North America,In-store,Media & Entertainment,Blu-ray Box Set,3,39.99,0.0,119.97,29.99,89.97,30.0
2025-07-02,North America,In-store,Media & Entertainment,Board Game,6,34.99,0.0,209.94,19.24,115.44,94.5
2025-07-02,North America,In-store,Media & Entertainment,Vinyl Record,6,27.99,0.0,167.94,16.79,100.74,67.2
2025-07-02,North America,Online,Apparel,Wool Socks 3-pack,2,14.99,0.2,23.98,6.0,12.0,11.98
2025-07-02,North America,Online,Electronics,Wireless Earbuds,12,79.99,0.25,719.91,51.99,623.88,96.03
2025-07-02,North America,Online,Home & Kitchen,Air Fryer,2,89.99,0.0,179.98,62.99,125.98,54.0
2025-07-02,UK & Ireland,In-store,Electronics,USB-C Charger,10,19.99,0.0,199.9,10.99,109.9,90.0
2025-07-02,UK & Ireland,In-store,Home & Kitchen,Air Fryer,3,89.99,0.0,269.97,62.99,188.97,81.0
2025-07-02,UK & Ireland,Online,Apparel,Wool Socks 3-pack,2,14.99,0.2,23.98,6.0,12.0,11.98
2025-07-02,UK & Ireland,Online,Electronics,Wireless Earbuds,6,79.99,0.0,479.94,51.99,311.94,168.0
2025-07-03,APAC,In-store,Home & Kitchen,Cookware Set,3,129.99,0.0,389.97,84.49,253.47,136.5
2025-07-03,APAC,In-store,Media & Entertainment,Blu-ray Box Set,1,39.99,0.25,29.99,29.99,29.99,0.0
2025-07-03,APAC,Online,Media & Entertainment,Board Game,2,34.99,0.0,69.98,19.24,38.48,31.5
2025-07-03,EMEA,In-store,Media & Entertainment,Blu-ray Box Set,3,39.99,0.0,119.97,29.99,89.97,30.0
2025-07-03,EMEA,Online,Beauty & Wellness,Collagen Powder,1,34.99,0.2,27.99,14.0,14.0,13.99
2025-07-03,EMEA,Online,Home & Kitchen,Air Fryer,5,89.99,0.0,449.95,62.99,314.95,135.0
2025-07-03,LATAM,In-store,Media & Entertainment,Blu-ray Box Set,2,39.99,0.0,79.98,29.99,59.98,20.0
2025-07-03,North America,In-store,Media & Entertainment,Vinyl Record,5,27.99,0.0,139.95,16.79,83.95,56.0
2025-07-03,North America,Online,Beauty & Wellness,Electric Toothbrush,6,59.99,0.1,323.95,32.99,197.94,126.01
2025-07-03,UK & Ireland,In-store,Beauty & Wellness,Collagen Powder,4,34.99,0.15,118.97,14.0,56.0,62.97
2025-07-03,UK & Ireland,Online,Apparel,Denim Jacket,2,69.99,0.0,139.98,34.99,69.98,70.0
2025-07-03,UK & Ireland,Online,Beauty & Wellness,Electric Toothbrush,2,59.99,0.0,119.98,32.99,65.98,54.0
2025-07-04,APAC,In-store,Beauty & Wellness,Collagen Powder,10,34.99,0.0,349.9,14.0,140.0,209.9
2025-07-04,APAC,Online,Apparel,Wool Socks 3-pack,1,14.99,0.0,14.99,6.0,6.0,8.99
2025-07-04,EMEA,In-store,Electronics,Smart Speaker,4,49.99,0.0,199.96,34.99,139.96,60.0
2025-07-04,EMEA,Online,Apparel,Running Tee,4,24.99,0.25,74.97,11.25,45.0,29.97
2025-07-04,LATAM,In-store,Apparel,Running Tee,4,24.99,0.1,89.96,11.25,45.0,44.96
2025-07-04,LATAM,In-store,Beauty & Wellness,Vitamin C Serum,3,29.99,0.25,67.48,10.5,31.5,35.98
2025-07-04,LATAM,In-store,Electronics,Wireless Earbuds,8,79.99,0.25,479.94,51.99,415.92,64.02
2025-07-04,LATAM,In-store,Home & Kitchen,Coffee Grinder,2,39.99,0.0,79.98,23.99,47.98,32.0
2025-07-04,LATAM,Online,Beauty & Wellness,Vitamin C Serum,2,29.99,0.0,59.98,10.5,21.0,38.98
2025-07-04,North America,In-store,Beauty & Wellness,Electric Toothbrush,7,59.99,0.0,419.93,32.99,230.93,189.0
2025-07-04,UK & Ireland,In-store,Apparel,Wool Socks 3-pack,7,14.99,0.0,104.93,6.0,42.0,62.93
2025-07-04,UK & Ireland,Online,Apparel,Wool Socks 3-pack,5,14.99,0.0,74.95,6.0,30.0,44.95
2025-07-05,APAC,In-store,Electronics,Wireless Earbuds,7,79.99,0.25,419.95,51.99,363.93,56.02
2025-07-05,APAC,In-store,Media & Entertainment,Vinyl Record,3,27.99,0.2,67.18,16.79,50.37,16.81
2025-07-05,APAC,Online,Apparel,Wool Socks 3-pack,5,14.99,0.0,74.95,6.0,30.0,44.95
2025-07-05,APAC,Online,Media & Entertainment,Blu-ray Box Set,2,39.99,0.1,71.98,29.99,59.98,12.0
2025-07-05,APAC,Online,Media & Entertainment,Board Game,1,34.99,0.15,29.74,19.24,19.24,10.5
2025-07-05,EMEA,In-store,Electronics,Wireless Earbuds,9,79.99,0.0,719.91,51.99,467.91,252.0
2025-07-05,EMEA,Online,Apparel,Wool Socks 3-pack,5,14.99,0.0,74.95,6.0,30.0,44.95
2025-07-05,EMEA,Online,Media & Entertainment,Board Game,7,34.99,0.0,244.93,19.24,134.68,110.25
2025-07-05,LATAM,In-store,Home & Kitchen,Air Fryer,3,89.99,0.25,202.48,62.99,188.97,13.51
2025-07-05,LATAM,Online,Electronics,Wireless Earbuds,3,79.99,0.1,215.97,51.99,155.97,60.0
2025-07-05,LATAM,Online,Media & Entertainment,Board Game,2,34.99,0.0,69.98,19.24,38.48,31.5
2025-07-05,North America,In-store,Apparel,Denim Jacket,2,69.99,0.0,139.98,34.99,69.98,70.0
2025-07-05,North America,In-store,Electronics,USB-C Charger,15,19.99,0.0,299.85,10.99,164.85,135.0
2025-07-05,UK & Ireland,In-store,Home & Kitchen,Coffee Grinder,5,39.99,0.1,179.96,23.99,119.95,60.01
2025-07-05,UK & Ireland,Online,Beauty & Wellness,Collagen Powder,2,34.99,0.0,69.98,14.0,28.0,41.98
2025-07-06,APAC,In-store,Apparel,Running Tee,8,24.99,0.2,159.94,11.25,90.0,69.94
2025-07-06,APAC,In-store,Apparel,Wool Socks 3-pack,8,14.99,0.0,119.92,6.0,48.0,71.92
2025-07-06,EMEA,In-store,Beauty & Wellness,Vitamin C Serum,1,29.99,0.0,29.99,10.5,10.5,19.49
2025-07-06,EMEA,In-store,Home & Kitchen,Cookware Set,3,129.99,0.0,389.97,84.49,253.47,136.5
2025-07-06,EMEA,Online,Beauty & Wellness,Electric Toothbrush,11,59.99,0.0,659.89,32.99,362.89,297.0
2025-07-06,EMEA,Online,Electronics,Wireless Earbuds,6,79.99,0.0,479.94,51.99,311.94,168.0
2025-07-06,EMEA,Online,Home & Kitchen,Air Fryer,1,89.99,0.0,89.99,62.99,62.99,27.0
2025-07-06,LATAM,In-store,Apparel,Wool Socks 3-pack,5,14.99,0.0,74.95,6.0,30.0,44.95
2025-07-06,LATAM,In-store,Electronics,Smart Speaker,3,49.99,0.0,149.97,34.99,104.97,45.0
2025-07-06,UK & Ireland,In-store,Apparel,Denim Jacket,4,69.99,0.15,237.97,34.99,139.96,98.01
2025-07-06,UK & Ireland,In-store,Beauty & Wellness,Electric Toothbrush,2,59.99,0.2,95.98,32.99,65.98,30.0
2025-07-06,UK & Ireland,In-store,Media & Entertainment,Board Game,4,34.99,0.0,139.96,19.24,76.96,63.0
2025-07-06,UK & Ireland,Online,Beauty & Wellness,Electric Toothbrush,2,59.99,0.15,101.98,32.99,65.98,36.0
2025-07-06,UK & Ireland,Online,Home & Kitchen,Air Fryer,4,89.99,0.15,305.97,62.99,251.96,54.01
2025-07-07,APAC,In-store,Apparel,Running Tee,7,24.99,0.0,174.93,11.25,78.75,96.18
2025-07-07,APAC,In-store,Media & Entertainment,Board Game,6,34.99,0.0,209.94,19.24,115.44,94.5
2025-07-07,APAC,In-store,Media & Entertainment,Vinyl Record,1,27.99,0.0,27.99,16.79,16.79,11.2
2025-07-07,APAC,Online,Electronics,USB-C Charger,2,19.99,0.0,39.98,10.99,21.98,18.0
2025-07-07,EMEA,In-store,Home & Kitchen,Air Fryer,9,89.99,0.2,647.93,62.99,566.91,81.02
2025-07-07,EMEA,Online,Media & Entertainment,Blu-ray Box Set,1,39.99,0.0,39.99,29.99,29.99,10.0
2025-07-07,LATAM,In-store,Media & Entertainment,Blu-ray Box Set,3,39.99,0.0,119.97,29.99,89.97,30.0
2025-07-07,LATAM,Online,Home & Kitchen,Cookware Set,1,129.99,0.0,129.99,84.49,84.49,45.5
2025-07-07,North America,In-store,Electronics,USB-C Charger,2,19.99,0.0,39.98,10.99,21.98,18.0
2025-07-07,North America,Online,Apparel,Denim Jacket,6,69.99,0.0,419.94,34.99,209.94,210.0
2025-07-07,North America,Online,Electronics,Smart Speaker,4,49.99,0.0,199.96,34.99,139.96,60.0
2025-07-07,UK & Ireland,In-store,Electronics,Smart Speaker,1,49.99,0.0,49.99,34.99,34.99,15.0
2025-07-07,UK & Ireland,In-store,Home & Kitchen,Air Fryer,6,89.99,0.15,458.95,62.99,377.94,81.01
2025-07-07,UK & Ireland,Online,Beauty & Wellness,Electric Toothbrush,3,59.99,0.15,152.97,32.99,98.97,54.0
2025-07-08,APAC,In-store,Apparel,Wool Socks 3-pack,4,14.99,0.2,47.97,6.0,24.0,23.97
2025-07-08,EMEA,In-store,Media & Entertainment,Board Game,6,34.99,0.0,209.94,19.24,115.44,94.5
2025-07-08,EMEA,Online,Apparel,Running Tee,4,24.99,0.15,84.97,11.25,45.0,39.97
2025-07-08,EMEA,Online,Electronics,USB-C Charger,5,19.99,0.0,99.95,10.99,54.95,45.0
2025-07-08,EMEA,Online,Electronics,Wireless Earbuds,4,79.99,0.0,319.96,51.99,207.96,112.0
2025-07-08,LATAM,In-store,Media & Entertainment,Board Game,3,34.99,0.2,83.98,19.24,57.72,26.26
2025-07-08,North America,In-store,Media & Entertainment,Board Game,1,34.99,0.1,31.49,19.24,19.24,12.25
2025-07-08,North America,Online,Apparel,Running Tee,3,24.99,0.0,74.97,11.25,33.75,41.22
2025-07-08,North America,Online,Beauty & Wellness,Collagen Powder,8,34.99,0.15,237.93,14.0,112.0,125.93
2025-07-08,UK & Ireland,Online,Apparel,Wool Socks 3-pack,4,14.99,0.25,44.97,6.0,24.0,20.97
2025-07-08,UK & Ireland,Online,Electronics,USB-C Charger,5,19.99,0.2,79.96,10.99,54.95,25.01
2025-07-09,APAC,In-store,Beauty & Wellness,Collagen Powder,4,34.99,0.0,139.96,14.0,56.0,83.96
2025-07-09,APAC,In-store,Media & Entertainment,Board Game,2,34.99,0.15,59.48,19.24,38.48,21.0
2025-07-09,EMEA,In-store,Apparel,Running Tee,4,24.99,0.0,99.96,11.25,45.0,54.96
2025-07-09,EMEA,Online,Home & Kitchen,Cookware Set,2,129.99,0.0,259.98,84.49,168.98,91.0
2025-07-09,EMEA,Online,Media & Entertainment,Blu-ray Box Set,2,39.99,0.25,59.98,29.99,59.98,0.0
2025-07-09,LATAM,In-store,Apparel,Denim Jacket,3,69.99,0.0,209.97,34.99,104.97,105.0
2025-07-09,LATAM,In-store,Apparel,Wool Socks 3-pack,2,14.99,0.25,22.48,6.0,12.0,10.48
2025-07-09,LATAM,In-store,Home & Kitchen,Cookware Set,4,129.99,0.1,467.96,84.49,337.96,130.0
2025-07-09,LATAM,In-store,Media & Entertainment,Blu-ray Box Set,1,39.99,0.0,39.99,29.99,29.99,10.0
2025-07-09,LATAM,Online,Beauty & Wellness,Vitamin C Serum,8,29.99,0.0,239.92,10.5,84.0,155.92
2025-07-09,North America,In-store,Electronics,USB-C Charger,12,19.99,0.0,239.88,10.99,131.88,108.0
2025-07-09,North America,Online,Media & Entertainment,Blu-ray Box Set,6,39.99,0.1,215.95,29.99,179.94,36.01
2025-07-09,UK & Ireland,In-store,Home & Kitchen,Coffee Grinder,1,39.99,0.15,33.99,23.99,23.99,10.0
2025-07-09,UK & Ireland,In-store,Media & Entertainment,Board Game,4,34.99,0.0,139.96,19.24,76.96,63.0
2025-07-09,UK & Ireland,Online,Apparel,Wool Socks 3-pack,5,14.99,0.15,63.71,6.0,30.0,33.71
2025-07-10,APAC,In-store,Apparel,Running Tee,8,24.99,0.0,199.92,11.25,90.0,109.92
2025-07-10,APAC,In-store,Media & Entertainment,Blu-ray Box Set,5,39.99,0.25,149.96,29.99,149.95,0.01
2025-07-10,EMEA,In-store,Apparel,Running Tee,13,24.99,0.25,243.65,11.25,146.25,97.4
2025-07-10,EMEA,In-store,Media & Entertainment,Blu-ray Box Set,6,39.99,0.0,239.94,29.99,179.94,60.0
2025-07-10,EMEA,In-store,Media & Entertainment,Board Game,4,34.99,0.1,125.96,19.24,76.96,49.0
2025-07-10,LATAM,In-store,Media & Entertainment,Board Game,4,34.99,0.0,139.96,19.24,76.96,63.0
2025-07-10,North America,In-store,Apparel,Running Tee,12,24.99,0.15,254.9,11.25,135.0,119.9
2025-07-10,North America,In-store,Electronics,USB-C Charger,8,19.99,0.15,135.93,10.99,87.92,48.01
2025-07-10,North America,Online,Media & Entertainment,Vinyl Record,4,27.99,0.0,111.96,16.79,67.16,44.8
2025-07-10,UK & Ireland,In-store,Electronics,Wireless Earbuds,2,79.99,0.0,159.98,51.99,103.98,56.0
2025-07-10,UK & Ireland,Online,Beauty & Wellness,Vitamin C Serum,5,29.99,0.0,149.95,10.5,52.5,97.45
2025-07-11,APAC,In-store,Beauty & Wellness,Collagen Powder,3,34.99,0.1,94.47,14.0,42.0,52.47
2025-07-11,APAC,In-store,Beauty & Wellness,Vitamin C Serum,7,29.99,0.25,157.45,10.5,73.5,83.95
2025-07-11,APAC,Online,Electronics,Smart Speaker,3,49.99,0.2,119.98,34.99,104.97,15.01
2025-07-11,APAC,Online,Electronics,USB-C Charger,6,19.99,0.15,101.95,10.99,65.94,36.01
2025-07-11,APAC,Online,Electronics,Wireless Earbuds,6,79.99,0.0,479.94,51.99,311.94,168.0
2025-07-11,APAC,Online,Media & Entertainment,Vinyl Record,2,27.99,0.0,55.98,16.79,33.58,22.4
2025-07-11,EMEA,In-store,Apparel,Wool Socks 3-pack,2,14.99,0.0,29.98,6.0,12.0,17.98
2025-07-11,EMEA,Online,Electronics,USB-C Charger,9,19.99,0.1,161.92,10.99,98.91,63.01
2025-07-11,EMEA,Online,Home & Kitchen,Coffee Grinder,4,39.99,0.2,127.97,23.99,95.96,32.01
2025-07-11,EMEA,Online,Home & Kitchen,Cookware Set,1,129.99,0.1,116.99,84.49,84.49,32.5
2025-07-11,LATAM,In-store,Media & Entertainment,Vinyl Record,1,27.99,0.0,27.99,16.79,16.79,11.2
2025-07-11,North America,In-store,Electronics,Smart Speaker,9,49.99,0.25,337.43,34.99,314.91,22.52
2025-07-11,North America,Online,Media & Entertainment,Vinyl Record,4,27.99,0.0,111.96,16.79,67.16,44.8
2025-07-11,UK & Ireland,In-store,Beauty & Wellness,Collagen Powder,8,34.99,0.0,279.92,14.0,112.0,167.92
2025-07-11,UK & Ireland,Online,Beauty & Wellness,Collagen Powder,7,34.99,0.0,244.93,14.0,98.0,146.93
2025-07-12,APAC,In-store,Electronics,Wireless Earbuds,4,79.99,0.15,271.97,51.99,207.96,64.01
2025-07-12,EMEA,Online,Media & Entertainment,Blu-ray Box Set,2,39.99,0.15,67.98,29.99,59.98,8.0
2025-07-12,EMEA,Online,Media & Entertainment,Board Game,4,34.99,0.0,139.96,19.24,76.96,63.0
2025-07-12,LATAM,In-store,Apparel,Running Tee,11,24.99,0.0,274.89,11.25,123.75,151.14
2025-07-12,LATAM,In-store,Media & Entertainment,Blu-ray Box Set,3,39.99,0.0,119.97,29.99,89.97,30.0
2025-07-12,LATAM,Online,Apparel,Running Tee,5,24.99,0.1,112.45,11.25,56.25,56.2
2025-07-12,North America,In-store,Apparel,Running Tee,12,24.99,0.0,299.88,11.25,135.0,164.88
2025-07-12,North America,Online,Apparel,Wool Socks 3-pack,2,14.99,0.0,29.98,6.0,12.0,17.98
2025-07-12,North America,Online,Beauty & Wellness,Electric Toothbrush,1,59.99,0.1,53.99,32.99,32.99,21.0
2025-07-12,North America,Online,Home & Kitchen,Air Fryer,11,89.99,0.0,989.89,62.99,692.89,297.0
2025-07-12,UK & Ireland,In-store,Home & Kitchen,Cookware Set,2,129.99,0.0,259.98,84.49,168.98,91.0
2025-07-12,UK & Ireland,Online,Electronics,Smart Speaker,2,49.99,0.15,84.98,34.99,69.98,15.0
2025-07-12,UK & Ireland,Online,Electronics,Wireless Earbuds,4,79.99,0.0,319.96,51.99,207.96,112.0
2025-07-13,APAC,In-store,Apparel,Denim Jacket,5,69.99,0.1,314.95,34.99,174.95,140.0
2025-07-13,APAC,Online,Beauty & Wellness,Collagen Powder,5,34.99,0.0,174.95,14.0,70.0,104.95
2025-07-13,APAC,Online,Electronics,USB-C Charger,6,19.99,0.0,119.94,10.99,65.94,54.0
2025-07-13,APAC,Online,Electronics,Wireless Earbuds,8,79.99,0.15,543.93,51.99,415.92,128.01
2025-07-13,APAC,Online,Home & Kitchen,Coffee Grinder,5,39.99,0.0,199.95,23.99,119.95,80.0
2025-07-13,EMEA,In-store,Apparel,Denim Jacket,4,69.99,0.0,279.96,34.99,139.96,140.0
2025-07-13,EMEA,Online,Apparel,Wool Socks 3-pack,2,14.99,0.25,22.48,6.0,12.0,10.48
2025-07-13,EMEA,Online,Home & Kitchen,Cookware Set,2,129.99,0.15,220.98,84.49,168.98,52.0
2025-07-13,EMEA,Online,Media & Entertainment,Vinyl Record,7,27.99,0.0,195.93,16.79,117.53,78.4
2025-07-13,North America,In-store,Electronics,Smart Speaker,8,49.99,0.0,399.92,34.99,279.92,120.0
2025-07-13,North America,In-store,Electronics,Wireless Earbuds,7,79.99,0.15,475.94,51.99,363.93,112.01
2025-07-13,North America,In-store,Media & Entertainment,Blu-ray Box Set,3,39.99,0.0,119.97,29.99,89.97,30.0
2025-07-13,North America,Online,Home & Kitchen,Coffee Grinder,1,39.99,0.0,39.99,23.99,23.99,16.0
2025-07-13,North America,Online,Media & Entertainment,Vinyl Record,3,27.99,0.0,83.97,16.79,50.37,33.6
2025-07-13,UK & Ireland,Online,Apparel,Wool Socks 3-pack,2,14.99,0.2,23.98,6.0,12.0,11.98
2025-07-14,APAC,In-store,Apparel,Wool Socks 3-pack,5,14.99,0.1,67.45,6.0,30.0,37.45
2025-07-14,APAC,In-store,Home & Kitchen,Air Fryer,3,89.99,0.0,269.97,62.99,188.97,81.0
2025-07-14,EMEA,In-store,Apparel,Running Tee,7,24.99,0.0,174.93,11.25,78.75,96.18
2025-07-14,EMEA,In-store,Apparel,Wool Socks 3-pack,4,14.99,0.0,59.96,6.0,24.0,35.96
2025-07-14,EMEA,Online,Home & Kitchen,Air Fryer,1,89.99,0.0,89.99,62.99,62.99,27.0
2025-07-14,LATAM,In-store,Apparel,Wool Socks 3-pack,1,14.99,0.1,13.49,6.0,6.0,7.49
2025-07-14,LATAM,In-store,Electronics,Smart Speaker,6,49.99,0.0,299.94,34.99,209.94,90.0
2025-07-14,LATAM,In-store,Electronics,Wireless Earbuds,1,79.99,0.0,79.99,51.99,51.99,28.0
2025-07-14,North America,In-store,Home & Kitchen,Air Fryer,4,89.99,0.0,359.96,62.99,251.96,108.0
2025-07-14,North America,Online,Home & Kitchen,Air Fryer,2,89.99,0.0,179.98,62.99,125.98,54.0
2025-07-14,UK & Ireland,In-store,Home & Kitchen,Coffee Grinder,2,39.99,0.0,79.98,23.99,47.98,32.0
2025-07-15,APAC,In-store,Beauty & Wellness,Electric Toothbrush,1,59.99,0.0,59.99,32.99,32.99,27.0
2025-07-15,APAC,Online,Media & Entertainment,Vinyl Record,1,27.99,0.0,27.99,16.79,16.79,11.2
2025-07-15,EMEA,In-store,Media & Entertainment,Vinyl Record,7,27.99,0.0,195.93,16.79,117.53,78.4
2025-07-15,EMEA,Online,Electronics,USB-C Charger,4,19.99,0.0,79.96,10.99,43.96,36.0
2025-07-15,EMEA,Online,Home & Kitchen,Air Fryer,2,89.99,0.0,179.98,62.99,125.98,54.0
2025-07-15,North America,In-store,Media & Entertainment,Blu-ray Box Set,2,39.99,0.25,59.98,29.99,59.98,0.0
2025-07-15,North America,Online,Beauty & Wellness,Vitamin C Serum,8,29.99,0.0,239.92,10.5,84.0,155.92
2025-07-15,North America,Online,Home & Kitchen,Air Fryer,3,89.99,0.15,229.47,62.99,188.97,40.5
2025-07-15,UK & Ireland,Online,Apparel,Denim Jacket,2,69.99,0.0,139.98,34.99,69.98,70.0
2025-07-15,UK & Ireland,Online,Home & Kitchen,Cookware Set,3,129.99,0.0,389.97,84.49,253.47,136.5
2025-07-16,APAC,In-store,Beauty & Wellness,Collagen Powder,4,34.99,0.15,118.97,14.0,56.0,62.97
2025-07-16,APAC,Online,Home & Kitchen,Coffee Grinder,5,39.99,0.0,199.95,23.99,119.95,80.0
2025-07-16,EMEA,In-store,Beauty & Wellness,Collagen Powder,6,34.99,0.1,188.95,14.0,84.0,104.95
2025-07-16,EMEA,In-store,Beauty & Wellness,Electric Toothbrush,2,59.99,0.0,119.98,32.99,65.98,54.0
2025-07-16,LATAM,Online,Beauty & Wellness,Collagen Powder,2,34.99,0.0,69.98,14.0,28.0,41.98
2025-07-16,North America,Online,Electronics,USB-C Charger,1,19.99,0.0,19.99,10.99,10.99,9.0
2025-07-16,UK & Ireland,In-store,Apparel,Running Tee,3,24.99,0.1,67.47,11.25,33.75,33.72
2025-07-16,UK & Ireland,In-store,Apparel,Wool Socks 3-pack,5,14.99,0.1,67.45,6.0,30.0,37.45
2025-07-16,UK & Ireland,In-store,Electronics,Smart Speaker,3,49.99,0.0,149.97,34.99,104.97,45.0
2025-07-16,UK & Ireland,In-store,Media & Entertainment,Vinyl Record,5,27.99,0.0,139.95,16.79,83.95,56.0
2025-07-16,UK & Ireland,Online,Apparel,Running Tee,4,24.99,0.0,99.96,11.25,45.0,54.96
2025-07-16,UK & Ireland,Online,Apparel,Wool Socks 3-pack,2,14.99,0.0,29.98,6.0,12.0,17.98
2025-07-17,APAC,In-store,Apparel,Running Tee,5,24.99,0.0,124.95,11.25,56.25,68.7
2025-07-17,APAC,Online,Beauty & Wellness,Electric Toothbrush,5,59.99,0.0,299.95,32.99,164.95,135.0
2025-07-17,APAC,Online,Home & Kitchen,Cookware Set,2,129.99,0.0,259.98,84.49,168.98,91.0
2025-07-17,EMEA,In-store,Electronics,Wireless Earbuds,6,79.99,0.2,383.95,51.99,311.94,72.01
2025-07-17,EMEA,Online,Apparel,Wool Socks 3-pack,3,14.99,0.0,44.97,6.0,18.0,26.97
2025-07-17,EMEA,Online,Beauty & Wellness,Electric Toothbrush,8,59.99,0.0,479.92,32.99,263.92,216.0
2025-07-17,EMEA,Online,Beauty & Wellness,Vitamin C Serum,5,29.99,0.0,149.95,10.5,52.5,97.45
2025-07-17,LATAM,In-store,Apparel,Running Tee,2,24.99,0.0,49.98,11.25,22.5,27.48
2025-07-17,LATAM,Online,Beauty & Wellness,Vitamin C Serum,6,29.99,0.0,179.94,10.5,63.0,116.94
2025-07-17,North America,In-store,Electronics,Wireless Earbuds,10,79.99,0.0,799.9,51.99,519.9,280.0
2025-07-17,North America,Online,Apparel,Wool Socks 3-pack,6,14.99,0.1,80.95,6.0,36.0,44.95
2025-07-17,North America,Online,Beauty & Wellness,Collagen Powder,6,34.99,0.1,188.95,14.0,84.0,104.95
2025-07-17,North America,Online,Beauty & Wellness,Electric Toothbrush,5,59.99,0.15,254.96,32.99,164.95,90.01
2025-07-17,North America,Online,Home & Kitchen,Cookware Set,2,129.99,0.15,220.98,84.49,168.98,52.0
2025-07-17,UK & Ireland,In-store,Electronics,Smart Speaker,11,49.99,0.25,412.42,34.99,384.89,27.53
2025-07-17,UK & Ireland,In-store,Home & Kitchen,Air Fryer,4,89.99,0.0,359.96,62.99,251.96,108.0
2025-07-18,APAC,In-store,Apparel,Wool Socks 3-pack,5,14.99,0.0,74.95,6.0,30.0,44.95
2025-07-18,APAC,In-store,Electronics,USB-C Charger,5,19.99,0.0,99.95,10.99,54.95,45.0
2025-07-18,APAC,Online,Beauty & Wellness,Collagen Powder,5,34.99,0.15,148.71,14.0,70.0,78.71
2025-07-18,APAC,Online,Beauty & Wellness,Electric Toothbrush,5,59.99,0.0,299.95,32.99,164.95,135.0
2025-07-18,APAC,Online,Home & Kitchen,Coffee Grinder,6,39.99,0.25,179.95,23.99,143.94,36.01
2025-07-18,EMEA,In-store,Electronics,Wireless Earbuds,9,79.99,0.0,719.91,51.99,467.91,252.0
2025-07-18,EMEA,In-store,Home & Kitchen,Air Fryer,5,89.99,0.0,449.95,62.99,314.95,135.0
2025-07-18,EMEA,In-store,Media & Entertainment,Board Game,3,34.99,0.15,89.22,19.24,57.72,31.5
2025-07-18,EMEA,Online,Electronics,USB-C Charger,6,19.99,0.0,119.94,10.99,65.94,54.0
2025-07-18,LATAM,In-store,Media & Entertainment,Blu-ray Box Set,1,39.99,0.1,35.99,29.99,29.99,6.0
2025-07-18,LATAM,Online,Home & Kitchen,Air Fryer,2,89.99,0.0,179.98,62.99,125.98,54.0
2025-07-18,LATAM,Online,Media & Entertainment,Board Game,2,34.99,0.0,69.98,19.24,38.48,31.5
2025-07-18,North America,In-store,Beauty & Wellness,Vitamin C Serum,10,29.99,0.0,299.9,10.5,105.0,194.9
2025-07-18,North America,In-store,Home & Kitchen,Air Fryer,8,89.99,0.25,539.94,62.99,503.92,36.02
2025-07-18,North America,Online,Home & Kitchen,Cookware Set,2,129.99,0.15,220.98,84.49,168.98,52.0
2025-07-18,North America,Online,Media & Entertainment,Board Game,5,34.99,0.0,174.95,19.24,96.2,78.75
2025-07-18,UK & Ireland,Online,Beauty & Wellness,Electric Toothbrush,5,59.99,0.2,239.96,32.99,164.95,75.01
2025-07-18,UK & Ireland,Online,Electronics,USB-C Charger,4,19.99,0.25,59.97,10.99,43.96,16.01
2025-07-18,UK & Ireland,Online,Electronics,Wireless Earbuds,11,79.99,0.2,703.91,51.99,571.89,132.02
2025-07-18,UK & Ireland,Online,Media & Entertainment,Blu-ray Box Set,2,39.99,0.0,79.98,29.99,59.98,20.0
2025-07-19,EMEA,In-store,Apparel,Denim Jacket,2,69.99,0.0,139.98,34.99,69.98,70.0
2025-07-19,EMEA,Online,Beauty & Wellness,Collagen Powder,3,34.99,0.0,104.97,14.0,42.0,62.97
2025-07-19,LATAM,In-store,Apparel,Denim Jacket,1,69.99,0.0,69.99,34.99,34.99,35.0
2025-07-19,LATAM,In-store,Electronics,USB-C Charger,11,19.99,0.0,219.89,10.99,120.89,99.0
2025-07-19,LATAM,Online,Apparel,Wool Socks 3-pack,7,14.99,0.0,104.93,6.0,42.0,62.93
2025-07-19,North America,In-store,Home & Kitchen,Coffee Grinder,4,39.99,0.0,159.96,23.99,95.96,64.0
2025-07-19,North America,In-store,Home & Kitchen,Cookware Set,7,129.99,0.1,818.94,84.49,591.43,227.51
2025-07-19,North America,Online,Beauty & Wellness,Electric Toothbrush,3,59.99,0.0,179.97,32.99,98.97,81.0
2025-07-19,North America,Online,Electronics,Smart Speaker,10,49.99,0.0,499.9,34.99,349.9,150.0
2025-07-19,UK & Ireland,In-store,Home & Kitchen,Air Fryer,6,89.99,0.0,539.94,62.99,377.94,162.0
2025-07-20,APAC,In-store,Apparel,Running Tee,7,24.99,0.15,148.69,11.25,78.75,69.94
2025-07-20,APAC,Online,Apparel,Running Tee,4,24.99,0.0,99.96,11.25,45.0,54.96
2025-07-20,EMEA,In-store,Apparel,Running Tee,11,24.99,0.25,206.17,11.25,123.75,82.42
2025-07-20,EMEA,In-store,Electronics,Wireless Earbuds,3,79.99,0.2,191.98,51.99,155.97,36.01
2025-07-20,EMEA,In-store,Home & Kitchen,Cookware Set,2,129.99,0.0,259.98,84.49,168.98,91.0
2025-07-20,EMEA,Online,Beauty & Wellness,Collagen Powder,3,34.99,0.0,104.97,14.0,42.0,62.97
2025-07-20,LATAM,In-store,Electronics,Smart Speaker,4,49.99,0.0,199.96,34.99,139.96,60.0
2025-07-20,LATAM,In-store,Home & Kitchen,Coffee Grinder,6,39.99,0.0,239.94,23.99,143.94,96.0
2025-07-20,LATAM,Online,Apparel,Running Tee,3,24.99,0.15,63.72,11.25,33.75,29.97
2025-07-20,LATAM,Online,Home & Kitchen,Air Fryer,2,89.99,0.0,179.98,62.99,125.98,54.0
2025-07-20,North America,Online,Beauty & Wellness,Electric Toothbrush,4,59.99,0.0,239.96,32.99,131.96,108.0
2025-07-20,North America,Online,Media & Entertainment,Blu-ray Box Set,4,39.99,0.0,159.96,29.99,119.96,40.0
2025-07-20,UK & Ireland,In-store,Beauty & Wellness,Electric Toothbrush,5,59.99,0.0,299.95,32.99,164.95,135.0
2025-07-20,UK & Ireland,Online,Apparel,Running Tee,5,24.99,0.0,124.95,11.25,56.25,68.7
2025-07-20,UK & Ireland,Online,Beauty & Wellness,Electric Toothbrush,5,59.99,0.0,299.95,32.99,164.95,135.0
2025-07-20,UK & Ireland,Online,Home & Kitchen,Air Fryer,2,89.99,0.0,179.98,62.99,125.98,54.0
2025-07-21,APAC,In-store,Home & Kitchen,Coffee Grinder,3,39.99,0.0,119.97,23.99,71.97,48.0
2025-07-21,APAC,Online,Apparel,Running Tee,8,24.99,0.1,179.93,11.25,90.0,89.93
2025-07-21,APAC,Online,Beauty & Wellness,Collagen Powder,6,34.99,0.0,209.94,14.0,84.0,125.94
2025-07-21,APAC,Online,Beauty & Wellness,Electric Toothbrush,6,59.99,0.0,359.94,32.99,197.94,162.0
2025-07-21,APAC,Online,Media & Entertainment,Vinyl Record,2,27.99,0.0,55.98,16.79,33.58,22.4
2025-07-21,EMEA,In-store,Apparel,Wool Socks 3-pack,5,14.99,0.1,67.45,6.0,30.0,37.45
2025-07-21,EMEA,Online,Apparel,Wool Socks 3-pack,5,14.99,0.0,74.95,6.0,30.0,44.95
2025-07-21,LATAM,In-store,Apparel,Denim Jacket,1,69.99,0.0,69.99,34.99,34.99,35.0
2025-07-21,LATAM,In-store,Apparel,Wool Socks 3-pack,2,14.99,0.15,25.48,6.0,12.0,13.48
2025-07-21,LATAM,Online,Home & Kitchen,Cookware Set,2,129.99,0.15,220.98,84.49,168.98,52.0
2025-07-21,LATAM,Online,Media & Entertainment,Blu-ray Box Set,4,39.99,0.0,159.96,29.99,119.96,40.0
2025-07-21,UK & Ireland,Online,Electronics,Wireless Earbuds,2,79.99,0.0,159.98,51.99,103.98,56.0
2025-07-21,UK & Ireland,Online,Media & Entertainment,Blu-ray Box Set,7,39.99,0.0,279.93,29.99,209.93,70.0
2025-07-22,APAC,In-store,Beauty & Wellness,Collagen Powder,5,34.99,0.0,174.95,14.0,70.0,104.95
2025-07-22,APAC,In-store,Beauty & Wellness,Electric Toothbrush,6,59.99,0.0,359.94,32.99,197.94,162.0
2025-07-22,APAC,In-store,Electronics,Smart Speaker,5,49.99,0.15,212.46,34.99,174.95,37.51
2025-07-22,APAC,Online,Apparel,Running Tee,5,24.99,0.1,112.45,11.25,56.25,56.2
2025-07-22,APAC,Online,Home & Kitchen,Air Fryer,2,89.99,0.0,179.98,62.99,125.98,54.0
2025-07-22,EMEA,Online,Media & Entertainment,Board Game,1,34.99,0.1,31.49,19.24,19.24,12.25
2025-07-22,LATAM,Online,Home & Kitchen,Cookware Set,2,129.99,0.0,259.98,84.49,168.98,91.0
2025-07-22,North America,In-store,Media & Entertainment,Board Game,2,34.99,0.0,69.98,19.24,38.48,31.5
2025-07-22,North America,Online,Home & Kitchen,Air Fryer,2,89.99,0.15,152.98,62.99,125.98,27.0
2025-07-22,UK & Ireland,In-store,Beauty & Wellness,Collagen Powder,5,34.99,0.1,157.46,14.0,70.0,87.46
2025-07-22,UK & Ireland,Online,Apparel,Wool Socks 3-pack,2,14.99,0.0,29.98,6.0,12.0,17.98
2025-07-22,UK & Ireland,Online,Electronics,USB-C Charger,13,19.99,0.0,259.87,10.99,142.87,117.0
2025-07-23,APAC,In-store,Electronics,Wireless Earbuds,7,79.99,0.0,559.93,51.99,363.93,196.0
2025-07-23,APAC,In-store,Media & Entertainment,Vinyl Record,1,27.99,0.0,27.99,16.79,16.79,11.2
2025-07-23,APAC,Online,Beauty & Wellness,Collagen Powder,5,34.99,0.0,174.95,14.0,70.0,104.95
2025-07-23,APAC,Online,Media & Entertainment,Blu-ray Box Set,3,39.99,0.0,119.97,29.99,89.97,30.0
2025-07-23,EMEA,In-store,Apparel,Denim Jacket,3,69.99,0.0,209.97,34.99,104.97,105.0
2025-07-23,EMEA,Online,Media & Entertainment,Board Game,5,34.99,0.0,174.95,19.24,96.2,78.75
2025-07-23,LATAM,Online,Apparel,Running Tee,5,24.99,0.0,124.95,11.25,56.25,68.7
2025-07-23,LATAM,Online,Beauty & Wellness,Collagen Powder,2,34.99,0.25,52.48,14.0,28.0,24.48
2025-07-23,North America,Online,Electronics,Smart Speaker,3,49.99,0.0,149.97,34.99,104.97,45.0
2025-07-23,UK & Ireland,In-store,Beauty & Wellness,Electric Toothbrush,1,59.99,0.25,44.99,32.99,32.99,12.0
2025-07-23,UK & Ireland,In-store,Electronics,Wireless Earbuds,7,79.99,0.0,559.93,51.99,363.93,196.0
2025-07-24,APAC,In-store,Home & Kitchen,Cookware Set,1,129.99,0.15,110.49,84.49,84.49,26.0
2025-07-24,EMEA,In-store,Electronics,Wireless Earbuds,5,79.99,0.0,399.95,51.99,259.95,140.0
2025-07-24,EMEA,In-store,Home & Kitchen,Coffee Grinder,1,39.99,0.1,35.99,23.99,23.99,12.0
2025-07-24,EMEA,Online,Apparel,Running Tee,7,24.99,0.0,174.93,11.25,78.75,96.18
2025-07-24,LATAM,Online,Apparel,Wool Socks 3-pack,5,14.99,0.1,67.45,6.0,30.0,37.45
2025-07-24,LATAM,Online,Beauty & Wellness,Collagen Powder,3,34.99,0.2,83.98,14.0,42.0,41.98
2025-07-24,North America,In-store,Apparel,Running Tee,7,24.99,0.0,174.93,11.25,78.75,96.18
2025-07-24,North America,In-store,Beauty & Wellness,Collagen Powder,1,34.99,0.15,29.74,14.0,14.0,15.74
2025-07-24,North America,In-store,Home & Kitchen,Coffee Grinder,5,39.99,0.0,199.95,23.99,119.95,80.0
2025-07-24,North America,Online,Beauty & Wellness,Electric Toothbrush,2,59.99,0.0,119.98,32.99,65.98,54.0
2025-07-24,North America,Online,Media & Entertainment,Vinyl Record,2,27.99,0.0,55.98,16.79,33.58,22.4
2025-07-24,UK & Ireland,In-store,Electronics,Wireless Earbuds,5,79.99,0.0,399.95,51.99,259.95,140.0
2025-07-24,UK & Ireland,In-store,Media & Entertainment,Vinyl Record,2,27.99,0.0,55.98,16.79,33.58,22.4
2025-07-25,APAC,In-store,Beauty & Wellness,Collagen Powder,13,34.99,0.25,341.15,14.0,182.0,159.15
2025-07-25,APAC,Online,Apparel,Wool Socks 3-pack,6,14.99,0.0,89.94,6.0,36.0,53.94
2025-07-25,APAC,Online,Beauty & Wellness,Vitamin C Serum,1,29.99,0.2,23.99,10.5,10.5,13.49
2025-07-25,APAC,Online,Electronics,Wireless Earbuds,3,79.99,0.0,239.97,51.99,155.97,84.0
2025-07-25,EMEA,In-store,Electronics,Smart Speaker,6,49.99,0.0,299.94,34.99,209.94,90.0
2025-07-25,EMEA,In-store,Home & Kitchen,Coffee Grinder,3,39.99,0.0,119.97,23.99,71.97,48.0
2025-07-25,EMEA,Online,Electronics,Wireless Earbuds,10,79.99,0.0,799.9,51.99,519.9,280.0
2025-07-25,LATAM,In-store,Electronics,Wireless Earbuds,4,79.99,0.0,319.96,51.99,207.96,112.0
2025-07-25,LATAM,Online,Apparel,Wool Socks 3-pack,4,14.99,0.0,59.96,6.0,24.0,35.96
2025-07-25,North America,In-store,Electronics,Wireless Earbuds,17,79.99,0.0,1359.83,51.99,883.83,476.0
2025-07-25,North America,Online,Apparel,Wool Socks 3-pack,4,14.99,0.0,59.96,6.0,24.0,35.96
2025-07-25,UK & Ireland,In-store,Electronics,Smart Speaker,3,49.99,0.0,149.97,34.99,104.97,45.0
2025-07-25,UK & Ireland,In-store,Media & Entertainment,Blu-ray Box Set,2,39.99,0.0,79.98,29.99,59.98,20.0
2025-07-25,UK & Ireland,In-store,Media & Entertainment,Board Game,4,34.99,0.0,139.96,19.24,76.96,63.0
2025-07-25,UK & Ireland,Online,Beauty & Wellness,Electric Toothbrush,6,59.99,0.0,359.94,32.99,197.94,162.0
2025-07-26,APAC,In-store,Beauty & Wellness,Vitamin C Serum,10,29.99,0.0,299.9,10.5,105.0,194.9
2025-07-26,APAC,In-store,Electronics,Smart Speaker,10,49.99,0.25,374.93,34.99,349.9,25.03
2025-07-26,APAC,In-store,Media & Entertainment,Vinyl Record,3,27.99,0.25,62.98,16.79,50.37,12.61
2025-07-26,APAC,Online,Apparel,Running Tee,4,24.99,0.2,79.97,11.25,45.0,34.97
2025-07-26,APAC,Online,Beauty & Wellness,Vitamin C Serum,7,29.99,0.0,209.93,10.5,73.5,136.43
2025-07-26,EMEA,In-store,Media & Entertainment,Blu-ray Box Set,3,39.99,0.2,95.98,29.99,89.97,6.01
2025-07-26,EMEA,Online,Apparel,Denim Jacket,2,69.99,0.2,111.98,34.99,69.98,42.0
2025-07-26,LATAM,In-store,Media & Entertainment,Board Game,1,34.99,0.0,34.99,19.24,19.24,15.75
2025-07-26,LATAM,Online,Electronics,Smart Speaker,1,49.99,0.0,49.99,34.99,34.99,15.0
2025-07-26,North America,In-store,Apparel,Wool Socks 3-pack,7,14.99,0.0,104.93,6.0,42.0,62.93
2025-07-26,North America,Online,Apparel,Running Tee,5,24.99,0.0,124.95,11.25,56.25,68.7
2025-07-26,North America,Online,Electronics,Smart Speaker,6,49.99,0.15,254.95,34.99,209.94,45.01
2025-07-26,North America,Online,Electronics,Wireless Earbuds,8,79.99,0.0,639.92,51.99,415.92,224.0
2025-07-26,UK & Ireland,In-store,Home & Kitchen,Air Fryer,10,89.99,0.0,899.9,62.99,629.9,270.0
2025-07-26,UK & Ireland,Online,Electronics,Wireless Earbuds,3,79.99,0.0,239.97,51.99,155.97,84.0
2025-07-27,APAC,In-store,Apparel,Wool Socks 3-pack,7,14.99,0.0,104.93,6.0,42.0,62.93
2025-07-27,APAC,In-store,Home & Kitchen,Coffee Grinder,3,39.99,0.15,101.97,23.99,71.97,30.0
2025-07-27,APAC,Online,Beauty & Wellness,Vitamin C Serum,5,29.99,0.2,119.96,10.5,52.5,67.46
2025-07-27,EMEA,In-store,Beauty & Wellness,Vitamin C Serum,8,29.99,0.0,239.92,10.5,84.0,155.92
2025-07-27,EMEA,In-store,Electronics,Wireless Earbuds,6,79.99,0.0,479.94,51.99,311.94,168.0
2025-07-27,EMEA,In-store,Media & Entertainment,Blu-ray Box Set,7,39.99,0.2,223.94,29.99,209.93,14.01
2025-07-27,LATAM,In-store,Beauty & Wellness,Collagen Powder,8,34.99,0.0,279.92,14.0,112.0,167.92
2025-07-27,LATAM,In-store,Media & Entertainment,Blu-ray Box Set,5,39.99,0.0,199.95,29.99,149.95,50.0
2025-07-27,UK & Ireland,In-store,Electronics,Smart Speaker,4,49.99,0.0,199.96,34.99,139.96,60.0
2025-07-27,UK & Ireland,Online,Apparel,Running Tee,5,24.99,0.0,124.95,11.25,56.25,68.7
2025-07-27,UK & Ireland,Online,Electronics,Wireless Earbuds,2,79.99,0.0,159.98,51.99,103.98,56.0
2025-07-27,UK & Ireland,Online,Media & Entertainment,Board Game,2,34.99,0.25,52.48,19.24,38.48,14.0
2025-07-28,APAC,In-store,Apparel,Wool Socks 3-pack,6,14.99,0.2,71.95,6.0,36.0,35.95
2025-07-28,APAC,In-store,Beauty & Wellness,Vitamin C Serum,6,29.99,0.0,179.94,10.5,63.0,116.94
2025-07-28,APAC,In-store,Home & Kitchen,Cookware Set,1,129.99,0.0,129.99,84.49,84.49,45.5
2025-07-28,APAC,In-store,Media & Entertainment,Blu-ray Box Set,1,39.99,0.15,33.99,29.99,29.99,4.0
2025-07-28,APAC,In-store,Media & Entertainment,Board Game,7,34.99,0.0,244.93,19.24,134.68,110.25
2025-07-28,APAC,Online,Beauty & Wellness,Collagen Powder,5,34.99,0.0,174.95,14.0,70.0,104.95
2025-07-28,APAC,Online,Media & Entertainment,Board Game,3,34.99,0.0,104.97,19.24,57.72,47.25
2025-07-28,EMEA,In-store,Media & Entertainment,Vinyl Record,2,27.99,0.0,55.98,16.79,33.58,22.4
2025-07-28,LATAM,In-store,Apparel,Denim Jacket,1,69.99,0.0,69.99,34.99,34.99,35.0
2025-07-28,LATAM,Online,Home & Kitchen,Coffee Grinder,3,39.99,0.2,95.98,23.99,71.97,24.01
2025-07-28,North America,In-store,Beauty & Wellness,Vitamin C Serum,6,29.99,0.25,134.95,10.5,63.0,71.95
2025-07-28,North America,In-store,Media & Entertainment,Board Game,5,34.99,0.0,174.95,19.24,96.2,78.75
2025-07-28,North America,Online,Apparel,Denim Jacket,1,69.99,0.15,59.49,34.99,34.99,24.5
2025-07-28,North America,Online,Apparel,Running Tee,2,24.99,0.1,44.98,11.25,22.5,22.48
2025-07-28,UK & Ireland,Online,Apparel,Denim Jacket,2,69.99,0.0,139.98,34.99,69.98,70.0
2025-07-29,APAC,In-store,Apparel,Running Tee,3,24.99,0.0,74.97,11.25,33.75,41.22
2025-07-29,APAC,In-store,Beauty & Wellness,Electric Toothbrush,3,59.99,0.0,179.97,32.99,98.97,81.0
2025-07-29,APAC,Online,Apparel,Denim Jacket,3,69.99,0.0,209.97,34.99,104.97,105.0
2025-07-29,APAC,Online,Beauty & Wellness,Collagen Powder,2,34.99,0.0,69.98,14.0,28.0,41.98
2025-07-29,APAC,Online,Home & Kitchen,Coffee Grinder,4,39.99,0.25,119.97,23.99,95.96,24.01
2025-07-29,EMEA,In-store,Beauty & Wellness,Electric Toothbrush,5,59.99,0.0,299.95,32.99,164.95,135.0
2025-07-29,EMEA,Online,Beauty & Wellness,Vitamin C Serum,2,29.99,0.0,59.98,10.5,21.0,38.98
2025-07-29,EMEA,Online,Home & Kitchen,Cookware Set,3,129.99,0.0,389.97,84.49,253.47,136.5
2025-07-29,LATAM,In-store,Apparel,Denim Jacket,3,69.99,0.2,167.98,34.99,104.97,63.01
2025-07-29,LATAM,In-store,Media & Entertainment,Board Game,3,34.99,0.1,94.47,19.24,57.72,36.75
2025-07-29,North America,In-store,Home & Kitchen,Coffee Grinder,3,39.99,0.0,119.97,23.99,71.97,48.0
2025-07-29,UK & Ireland,Online,Home & Kitchen,Coffee Grinder,5,39.99,0.0,199.95,23.99,119.95,80.0
2025-07-30,APAC,In-store,Home & Kitchen,Cookware Set,2,129.99,0.2,207.98,84.49,168.98,39.0
2025-07-30,EMEA,In-store,Beauty & Wellness,Vitamin C Serum,3,29.99,0.0,89.97,10.5,31.5,58.47
2025-07-30,EMEA,In-store,Electronics,Wireless Earbuds,7,79.99,0.15,475.94,51.99,363.93,112.01
2025-07-30,EMEA,In-store,Media & Entertainment,Board Game,2,34.99,0.0,69.98,19.24,38.48,31.5
2025-07-30,EMEA,Online,Home & Kitchen,Air Fryer,4,89.99,0.0,359.96,62.99,251.96,108.0
2025-07-30,EMEA,Online,Home & Kitchen,Coffee Grinder,5,39.99,0.0,199.95,23.99,119.95,80.0
2025-07-30,LATAM,In-store,Electronics,Smart Speaker,2,49.99,0.0,99.98,34.99,69.98,30.0
2025-07-30,LATAM,In-store,Electronics,USB-C Charger,5,19.99,0.25,74.96,10.99,54.95,20.01
2025-07-30,LATAM,In-store,Media & Entertainment,Blu-ray Box Set,2,39.99,0.0,79.98,29.99,59.98,20.0
2025-07-30,LATAM,Online,Apparel,Denim Jacket,4,69.99,0.0,279.96,34.99,139.96,140.0
2025-07-30,LATAM,Online,Apparel,Running Tee,4,24.99,0.0,99.96,11.25,45.0,54.96
2025-07-30,North America,Online,Home & Kitchen,Air Fryer,4,89.99,0.0,359.96,62.99,251.96,108.0
2025-07-30,North America,Online,Media & Entertainment,Vinyl Record,3,27.99,0.0,83.97,16.79,50.37,33.6
2025-07-30,UK & Ireland,Online,Beauty & Wellness,Electric Toothbrush,6,59.99,0.0,359.94,32.99,197.94,162.0
2025-07-30,UK & Ireland,Online,Electronics,Wireless Earbuds,7,79.99,0.0,559.93,51.99,363.93,196.0
2025-07-30,UK & Ireland,Online,Home & Kitchen,Cookware Set,1,129.99,0.0,129.99,84.49,84.49,45.5
2025-07-30,UK & Ireland,Online,Media & Entertainment,Board Game,6,34.99,0.0,209.94,19.24,115.44,94.5
2025-07-30,UK & Ireland,Online,Media & Entertainment,Vinyl Record,1,27.99,0.2,22.39,16.79,16.79,5.6
2025-07-31,APAC,In-store,Electronics,Wireless Earbuds,7,79.99,0.0,559.93,51.99,363.93,196.0
2025-07-31,APAC,In-store,Home & Kitchen,Coffee Grinder,2,39.99,0.15,67.98,23.99,47.98,20.0
2025-07-31,EMEA,In-store,Apparel,Wool Socks 3-pack,7,14.99,0.25,78.7,6.0,42.0,36.7
2025-07-31,EMEA,In-store,Home & Kitchen,Coffee Grinder,2,39.99,0.2,63.98,23.99,47.98,16.0
2025-07-31,LATAM,Online,Electronics,Smart Speaker,1,49.99,0.1,44.99,34.99,34.99,10.0
2025-07-31,LATAM,Online,Media & Entertainment,Blu-ray Box Set,2,39.99,0.15,67.98,29.99,59.98,8.0
2025-07-31,North America,In-store,Home & Kitchen,Cookware Set,1,129.99,0.0,129.99,84.49,84.49,45.5
2025-07-31,North America,In-store,Media & Entertainment,Vinyl Record,5,27.99,0.25,104.96,16.79,83.95,21.01
2025-07-31,UK & Ireland,In-store,Beauty & Wellness,Collagen Powder,2,34.99,0.0,69.98,14.0,28.0,41.98
2025-07-31,UK & Ireland,In-store,Electronics,Wireless Earbuds,9,79.99,0.0,719.91,51.99,467.91,252.0
2025-07-31,UK & Ireland,In-store,Home & Kitchen,Coffee Grinder,4,39.99,0.0,159.96,23.99,95.96,64.0
2025-07-31,UK & Ireland,Online,Apparel,Wool Socks 3-pack,8,14.99,0.0,119.92,6.0,48.0,71.92
2025-07-31,UK & Ireland,Online,Electronics,Wireless Earbuds,3,79.99,0.0,239.97,51.99,155.97,84.0
2025-07-31,UK & Ireland,Online,Media & Entertainment,Board Game,5,34.99,0.25,131.21,19.24,96.2,35.01
2025-08-01,LATAM,In-store,Electronics,Wireless Earbuds,7,79.99,0.0,559.93,51.99,363.93,196.0
2025-08-01,LATAM,In-store,Media & Entertainment,Blu-ray Box Set,3,39.99,0.0,119.97,29.99,89.97,30.0
2025-08-01,North America,In-store,Apparel,Wool Socks 3-pack,3,14.99,0.15,38.22,6.0,18.0,20.22
2025-08-01,North America,In-store,Beauty & Wellness,Electric Toothbrush,11,59.99,0.0,659.89,32.99,362.89,297.0
2025-08-01,North America,In-store,Home & Kitchen,Coffee Grinder,2,39.99,0.0,79.98,23.99,47.98,32.0
2025-08-01,North America,Online,Apparel,Wool Socks 3-pack,7,14.99,0.0,104.93,6.0,42.0,62.93
2025-08-01,North America,Online,Beauty & Wellness,Collagen Powder,5,34.99,0.0,174.95,14.0,70.0,104.95
2025-08-01,North America,Online,Media & Entertainment,Board Game,5,34.99,0.0,174.95,19.24,96.2,78.75
2025-08-01,UK & Ireland,In-store,Media & Entertainment,Board Game,1,34.99,0.1,31.49,19.24,19.24,12.25
2025-08-01,UK & Ireland,In-store,Media & Entertainment,Vinyl Record,2,27.99,0.0,55.98,16.79,33.58,22.4
2025-08-01,UK & Ireland,Online,Beauty & Wellness,Vitamin C Serum,4,29.99,0.25,89.97,10.5,42.0,47.97
2025-08-02,APAC,In-store,Electronics,Wireless Earbuds,10,79.99,0.15,679.91,51.99,519.9,160.01
2025-08-02,APAC,In-store,Media & Entertainment,Board Game,8,34.99,0.0,279.92,19.24,153.92,126.0
2025-08-02,APAC,Online,Apparel,Denim Jacket,1,69.99,0.0,69.99,34.99,34.99,35.0
2025-08-02,APAC,Online,Apparel,Wool Socks 3-pack,1,14.99,0.0,14.99,6.0,6.0,8.99
2025-08-02,APAC,Online,Electronics,USB-C Charger,8,19.99,0.0,159.92,10.99,87.92,72.0
2025-08-02,EMEA,Online,Home & Kitchen,Coffee Grinder,6,39.99,0.0,239.94,23.99,143.94,96.0
2025-08-02,EMEA,Online,Media & Entertainment,Blu-ray Box Set,5,39.99,0.2,159.96,29.99,149.95,10.01
2025-08-02,LATAM,In-store,Beauty & Wellness,Vitamin C Serum,7,29.99,0.0,209.93,10.5,73.5,136.43
2025-08-02,LATAM,Online,Electronics,USB-C Charger,7,19.99,0.0,139.93,10.99,76.93,63.0
2025-08-02,LATAM,Online,Home & Kitchen,Air Fryer,11,89.99,0.25,742.42,62.99,692.89,49.53
2025-08-02,North America,In-store,Apparel,Running Tee,11,24.99,0.0,274.89,11.25,123.75,151.14
2025-08-02,North America,Online,Media & Entertainment,Blu-ray Box Set,4,39.99,0.25,119.97,29.99,119.96,0.01
2025-08-02,UK & Ireland,In-store,Home & Kitchen,Cookware Set,2,129.99,0.0,259.98,84.49,168.98,91.0
2025-08-02,UK & Ireland,Online,Beauty & Wellness,Vitamin C Serum,5,29.99,0.0,149.95,10.5,52.5,97.45
2025-08-02,UK & Ireland,Online,Home & Kitchen,Cookware Set,1,129.99,0.0,129.99,84.49,84.49,45.5
2025-08-02,UK & Ireland,Online,Media & Entertainment,Blu-ray Box Set,4,39.99,0.0,159.96,29.99,119.96,40.0
2025-08-02,UK & Ireland,Online,Media & Entertainment,Board Game,2,34.99,0.1,62.98,19.24,38.48,24.5
2025-08-03,APAC,In-store,Apparel,Wool Socks 3-pack,3,14.99,0.0,44.97,6.0,18.0,26.97
2025-08-03,APAC,In-store,Electronics,USB-C Charger,7,19.99,0.0,139.93,10.99,76.93,63.0
2025-08-03,APAC,In-store,Electronics,Wireless Earbuds,8,79.99,0.0,639.92,51.99,415.92,224.0
2025-08-03,APAC,Online,Media & Entertainment,Blu-ray Box Set,3,39.99,0.0,119.97,29.99,89.97,30.0
2025-08-03,EMEA,In-store,Beauty & Wellness,Vitamin C Serum,5,29.99,0.25,112.46,10.5,52.5,59.96
2025-08-03,EMEA,In-store,Electronics,Smart Speaker,6,49.99,0.0,299.94,34.99,209.94,90.0
2025-08-03,EMEA,In-store,Media & Entertainment,Vinyl Record,2,27.99,0.0,55.98,16.79,33.58,22.4
2025-08-03,EMEA,Online,Apparel,Running Tee,2,24.99,0.0,49.98,11.25,22.5,27.48
2025-08-03,EMEA,Online,Electronics,Wireless Earbuds,4,79.99,0.0,319.96,51.99,207.96,112.0
2025-08-03,EMEA,Online,Home & Kitchen,Cookware Set,1,129.99,0.2,103.99,84.49,84.49,19.5
2025-08-03,LATAM,Online,Beauty & Wellness,Collagen Powder,4,34.99,0.0,139.96,14.0,56.0,83.96
2025-08-03,LATAM,Online,Electronics,USB-C Charger,1,19.99,0.15,16.99,10.99,10.99,6.0
2025-08-03,North America,In-store,Beauty & Wellness,Electric Toothbrush,6,59.99,0.0,359.94,32.99,197.94,162.0
2025-08-03,North America,Online,Beauty & Wellness,Collagen Powder,10,34.99,0.0,349.9,14.0,140.0,209.9
2025-08-03,North America,Online,Electronics,Smart Speaker,7,49.99,0.2,279.94,34.99,244.93,35.01
2025-08-03,UK & Ireland,In-store,Beauty & Wellness,Electric Toothbrush,8,59.99,0.0,479.92,32.99,263.92,216.0
2025-08-03,UK & Ireland,In-store,Media & Entertainment,Blu-ray Box Set,1,39.99,0.1,35.99,29.99,29.99,6.0
2025-08-03,UK & Ireland,Online,Home & Kitchen,Air Fryer,4,89.99,0.0,359.96,62.99,251.96,108.0
2025-08-03,UK & Ireland,Online,Home & Kitchen,Cookware Set,1,129.99,0.0,129.99,84.49,84.49,45.5
2025-08-04,APAC,Online,Beauty & Wellness,Vitamin C Serum,3,29.99,0.0,89.97,10.5,31.5,58.47
2025-08-04,EMEA,In-store,Beauty & Wellness,Collagen Powder,5,34.99,0.1,157.46,14.0,70.0,87.46
2025-08-04,EMEA,In-store,Beauty & Wellness,Electric Toothbrush,4,59.99,0.0,239.96,32.99,131.96,108.0
2025-08-04,EMEA,Online,Beauty & Wellness,Vitamin C Serum,3,29.99,0.0,89.97,10.5,31.5,58.47
2025-08-04,EMEA,Online,Electronics,USB-C Charger,6,19.99,0.0,119.94,10.99,65.94,54.0
2025-08-04,EMEA,Online,Media & Entertainment,Vinyl Record,2,27.99,0.2,44.78,16.79,33.58,11.2
2025-08-04,LATAM,In-store,Electronics,Smart Speaker,1,49.99,0.0,49.99,34.99,34.99,15.0
2025-08-04,LATAM,Online,Beauty & Wellness,Electric Toothbrush,1,59.99,0.2,47.99,32.99,32.99,15.0
2025-08-04,LATAM,Online,Media & Entertainment,Blu-ray Box Set,3,39.99,0.0,119.97,29.99,89.97,30.0
2025-08-04,North America,Online,Electronics,Wireless Earbuds,5,79.99,0.0,399.95,51.99,259.95,140.0
2025-08-04,North America,Online,Media & Entertainment,Vinyl Record,6,27.99,0.0,167.94,16.79,100.74,67.2
2025-08-04,UK & Ireland,In-store,Electronics,USB-C Charger,3,19.99,0.0,59.97,10.99,32.97,27.0
2025-08-04,UK & Ireland,Online,Media & Entertainment,Vinyl Record,3,27.99,0.25,62.98,16.79,50.37,12.61
2025-08-05,APAC,In-store,Apparel,Wool Socks 3-pack,9,14.99,0.0,134.91,6.0,54.0,80.91
2025-08-05,APAC,In-store,Media & Entertainment,Board Game,4,34.99,0.1,125.96,19.24,76.96,49.0
2025-08-05,APAC,Online,Home & Kitchen,Coffee Grinder,2,39.99,0.0,79.98,23.99,47.98,32.0
2025-08-05,EMEA,In-store,Media & Entertainment,Board Game,5,34.99,0.0,174.95,19.24,96.2,78.75
2025-08-05,EMEA,Online,Apparel,Running Tee,3,24.99,0.0,74.97,11.25,33.75,41.22
2025-08-05,LATAM,In-store,Media & Entertainment,Board Game,3,34.99,0.0,104.97,19.24,57.72,47.25
2025-08-05,North America,In-store,Apparel,Wool Socks 3-pack,5,14.99,0.25,56.21,6.0,30.0,26.21
2025-08-05,North America,In-store,Electronics,Wireless Earbuds,9,79.99,0.15,611.92,51.99,467.91,144.01
2025-08-05,North America,In-store,Home & Kitchen,Coffee Grinder,3,39.99,0.0,119.97,23.99,71.97,48.0
2025-08-05,UK & Ireland,Online,Media & Entertainment,Board Game,4,34.99,0.0,139.96,19.24,76.96,63.0
2025-08-06,APAC,In-store,Apparel,Running Tee,6,24.99,0.2,119.95,11.25,67.5,52.45
2025-08-06,APAC,In-store,Media & Entertainment,Board Game,6,34.99,0.0,209.94,19.24,115.44,94.5
2025-08-06,APAC,Online,Beauty & Wellness,Collagen Powder,9,34.99,0.0,314.91,14.0,126.0,188.91
2025-08-06,APAC,Online,Beauty & Wellness,Electric Toothbrush,2,59.99,0.2,95.98,32.99,65.98,30.0
2025-08-06,APAC,Online,Electronics,USB-C Charger,3,19.99,0.1,53.97,10.99,32.97,21.0
2025-08-06,EMEA,In-store,Home & Kitchen,Air Fryer,3,89.99,0.0,269.97,62.99,188.97,81.0
2025-08-06,EMEA,Online,Media & Entertainment,Board Game,2,34.99,0.15,59.48,19.24,38.48,21.0
2025-08-06,LATAM,In-store,Apparel,Running Tee,5,24.99,0.0,124.95,11.25,56.25,68.7
2025-08-06,LATAM,In-store,Home & Kitchen,Cookware Set,2,129.99,0.0,259.98,84.49,168.98,91.0
2025-08-06,UK & Ireland,In-store,Home & Kitchen,Air Fryer,5,89.99,0.0,449.95,62.99,314.95,135.0
2025-08-07,APAC,In-store,Media & Entertainment,Blu-ray Box Set,6,39.99,0.0,239.94,29.99,179.94,60.0
2025-08-07,APAC,In-store,Media & Entertainment,Board Game,3,34.99,0.25,78.73,19.24,57.72,21.01
2025-08-07,APAC,Online,Electronics,Wireless Earbuds,7,79.99,0.2,447.94,51.99,363.93,84.01
2025-08-07,APAC,Online,Media & Entertainment,Vinyl Record,1,27.99,0.0,27.99,16.79,16.79,11.2
2025-08-07,EMEA,In-store,Apparel,Running Tee,7,24.99,0.0,174.93,11.25,78.75,96.18
2025-08-07,EMEA,In-store,Apparel,Wool Socks 3-pack,7,14.99,0.1,94.44,6.0,42.0,52.44
2025-08-07,LATAM,In-store,Apparel,Running Tee,3,24.99,0.0,74.97,11.25,33.75,41.22
2025-08-07,LATAM,In-store,Home & Kitchen,Cookware Set,6,129.99,0.2,623.95,84.49,506.94,117.01
2025-08-07,LATAM,In-store,Media & Entertainment,Blu-ray Box Set,4,39.99,0.0,159.96,29.99,119.96,40.0
2025-08-07,LATAM,Online,Electronics,Smart Speaker,1,49.99,0.1,44.99,34.99,34.99,10.0
2025-08-07,LATAM,Online,Media & Entertainment,Blu-ray Box Set,2,39.99,0.0,79.98,29.99,59.98,20.0
2025-08-07,North America,In-store,Electronics,Smart Speaker,3,49.99,0.1,134.97,34.99,104.97,30.0
2025-08-07,North America,In-store,Electronics,Wireless Earbuds,11,79.99,0.1,791.9,51.99,571.89,220.01
2025-08-07,North America,Online,Beauty & Wellness,Vitamin C Serum,7,29.99,0.1,188.94,10.5,73.5,115.44
2025-08-07,UK & Ireland,Online,Beauty & Wellness,Collagen Powder,4,34.99,0.0,139.96,14.0,56.0,83.96
2025-08-08,APAC,In-store,Electronics,USB-C Charger,10,19.99,0.2,159.92,10.99,109.9,50.02
2025-08-08,APAC,In-store,Media & Entertainment,Board Game,3,34.99,0.15,89.22,19.24,57.72,31.5
2025-08-08,APAC,Online,Media & Entertainment,Board Game,4,34.99,0.0,139.96,19.24,76.96,63.0
2025-08-08,EMEA,In-store,Home & Kitchen,Air Fryer,14,89.99,0.2,1007.89,62.99,881.86,126.03
2025-08-08,EMEA,Online,Media & Entertainment,Blu-ray Box Set,3,39.99,0.0,119.97,29.99,89.97,30.0
2025-08-08,EMEA,Online,Media & Entertainment,Board Game,4,34.99,0.0,139.96,19.24,76.96,63.0
2025-08-08,LATAM,In-store,Media & Entertainment,Blu-ray Box Set,2,39.99,0.2,63.98,29.99,59.98,4.0
2025-08-08,LATAM,In-store,Media & Entertainment,Vinyl Record,1,27.99,0.2,22.39,16.79,16.79,5.6
2025-08-08,LATAM,Online,Home & Kitchen,Coffee Grinder,3,39.99,0.0,119.97,23.99,71.97,48.0
2025-08-08,LATAM,Online,Media & Entertainment,Blu-ray Box Set,1,39.99,0.0,39.99,29.99,29.99,10.0
2025-08-08,North America,In-store,Beauty & Wellness,Electric Toothbrush,1,59.99,0.0,59.99,32.99,32.99,27.0
2025-08-08,North America,In-store,Home & Kitchen,Air Fryer,5,89.99,0.0,449.95,62.99,314.95,135.0
2025-08-08,North America,In-store,Media & Entertainment,Board Game,6,34.99,0.25,157.45,19.24,115.44,42.01
2025-08-08,North America,Online,Apparel,Running Tee,8,24.99,0.25,149.94,11.25,90.0,59.94
2025-08-08,North America,Online,Electronics,Smart Speaker,4,49.99,0.0,199.96,34.99,139.96,60.0
2025-08-08,North America,Online,Home & Kitchen,Air Fryer,6,89.99,0.15,458.95,62.99,377.94,81.01
2025-08-08,North America,Online,Media & Entertainment,Blu-ray Box Set,3,39.99,0.0,119.97,29.99,89.97,30.0
2025-08-08,UK & Ireland,In-store,Apparel,Denim Jacket,6,69.99,0.15,356.95,34.99,209.94,147.01
2025-08-08,UK & Ireland,Online,Media & Entertainment,Board Game,2,34.99,0.0,69.98,19.24,38.48,31.5
2025-08-09,APAC,In-store,Beauty & Wellness,Collagen Powder,11,34.99,0.0,384.89,14.0,154.0,230.89
2025-08-09,APAC,In-store,Beauty & Wellness,Vitamin C Serum,12,29.99,0.15,305.9,10.5,126.0,179.9
2025-08-09,APAC,In-store,Electronics,Smart Speaker,5,49.99,0.0,249.95,34.99,174.95,75.0
2025-08-09,APAC,Online,Electronics,Wireless Earbuds,4,79.99,0.0,319.96,51.99,207.96,112.0
2025-08-09,APAC,Online,Media & Entertainment,Blu-ray Box Set,4,39.99,0.15,135.97,29.99,119.96,16.01
2025-08-09,EMEA,In-store,Beauty & Wellness,Electric Toothbrush,4,59.99,0.0,239.96,32.99,131.96,108.0
2025-08-09,EMEA,In-store,Electronics,USB-C Charger,2,19.99,0.0,39.98,10.99,21.98,18.0
2025-08-09,EMEA,Online,Beauty & Wellness,Collagen Powder,3,34.99,0.0,104.97,14.0,42.0,62.97
2025-08-09,LATAM,In-store,Apparel,Running Tee,6,24.99,0.0,149.94,11.25,67.5,82.44
2025-08-09,LATAM,Online,Apparel,Wool Socks 3-pack,4,14.99,0.0,59.96,6.0,24.0,35.96
2025-08-09,North America,Online,Apparel,Wool Socks 3-pack,6,14.99,0.0,89.94,6.0,36.0,53.94
2025-08-09,UK & Ireland,In-store,Beauty & Wellness,Vitamin C Serum,10,29.99,0.1,269.91,10.5,105.0,164.91
2025-08-09,UK & Ireland,In-store,Home & Kitchen,Coffee Grinder,4,39.99,0.2,127.97,23.99,95.96,32.01
2025-08-09,UK & Ireland,Online,Electronics,Smart Speaker,2,49.99,0.15,84.98,34.99,69.98,15.0
2025-08-10,APAC,In-store,Apparel,Running Tee,7,24.99,0.0,174.93,11.25,78.75,96.18
2025-08-10,APAC,In-store,Home & Kitchen,Air Fryer,4,89.99,0.0,359.96,62.99,251.96,108.0
2025-08-10,EMEA,In-store,Apparel,Denim Jacket,5,69.99,0.2,279.96,34.99,174.95,105.01
2025-08-10,EMEA,Online,Apparel,Wool Socks 3-pack,16,14.99,0.0,239.84,6.0,96.0,143.84
2025-08-10,LATAM,In-store,Apparel,Wool Socks 3-pack,6,14.99,0.0,89.94,6.0,36.0,53.94
2025-08-10,LATAM,In-store,Beauty & Wellness,Collagen Powder,5,34.99,0.0,174.95,14.0,70.0,104.95
2025-08-10,LATAM,Online,Media & Entertainment,Blu-ray Box Set,3,39.99,0.1,107.97,29.99,89.97,18.0
2025-08-10,UK & Ireland,In-store,Electronics,Wireless Earbuds,6,79.99,0.2,383.95,51.99,311.94,72.01
2025-08-10,UK & Ireland,In-store,Media & Entertainment,Board Game,4,34.99,0.0,139.96,19.24,76.96,63.0
2025-08-11,APAC,In-store,Apparel,Denim Jacket,1,69.99,0.0,69.99,34.99,34.99,35.0
2025-08-11,APAC,In-store,Beauty & Wellness,Electric Toothbrush,2,59.99,0.0,119.98,32.99,65.98,54.0
2025-08-11,APAC,Online,Home & Kitchen,Air Fryer,9,89.99,0.0,809.91,62.99,566.91,243.0
2025-08-11,EMEA,In-store,Apparel,Denim Jacket,1,69.99,0.0,69.99,34.99,34.99,35.0
2025-08-11,EMEA,In-store,Apparel,Running Tee,8,24.99,0.0,199.92,11.25,90.0,109.92
2025-08-11,EMEA,Online,Apparel,Wool Socks 3-pack,2,14.99,0.0,29.98,6.0,12.0,17.98
2025-08-11,LATAM,In-store,Electronics,USB-C Charger,5,19.99,0.0,99.95,10.99,54.95,45.0
2025-08-11,LATAM,In-store,Media & Entertainment,Board Game,2,34.99,0.0,69.98,19.24,38.48,31.5
2025-08-11,North America,In-store,Apparel,Denim Jacket,1,69.99,0.25,52.49,34.99,34.99,17.5
2025-08-11,UK & Ireland,In-store,Home & Kitchen,Air Fryer,9,89.99,0.15,688.42,62.99,566.91,121.51
2025-08-11,UK & Ireland,Online,Beauty & Wellness,Vitamin C Serum,3,29.99,0.2,71.98,10.5,31.5,40.48
2025-08-11,UK & Ireland,Online,Media & Entertainment,Blu-ray Box Set,3,39.99,0.15,101.97,29.99,89.97,12.0
2025-08-12,APAC,In-store,Beauty & Wellness,Collagen Powder,3,34.99,0.2,83.98,14.0,42.0,41.98
2025-08-12,APAC,In-store,Beauty & Wellness,Electric Toothbrush,3,59.99,0.0,179.97,32.99,98.97,81.0
2025-08-12,APAC,In-store,Home & Kitchen,Coffee Grinder,3,39.99,0.0,119.97,23.99,71.97,48.0
2025-08-12,APAC,Online,Media & Entertainment,Board Game,3,34.99,0.2,83.98,19.24,57.72,26.26
2025-08-12,LATAM,In-store,Apparel,Wool Socks 3-pack,2,14.99,0.0,29.98,6.0,12.0,17.98
2025-08-12,LATAM,In-store,Electronics,Smart Speaker,4,49.99,0.1,179.96,34.99,139.96,40.0
2025-08-12,LATAM,In-store,Media & Entertainment,Blu-ray Box Set,1,39.99,0.0,39.99,29.99,29.99,10.0
2025-08-12,LATAM,Online,Home & Kitchen,Cookware Set,1,129.99,0.0,129.99,84.49,84.49,45.5
2025-08-12,North America,In-store,Home & Kitchen,Coffee Grinder,3,39.99,0.0,119.97,23.99,71.97,48.0
2025-08-12,UK & Ireland,In-store,Beauty & Wellness,Electric Toothbrush,3,59.99,0.15,152.97,32.99,98.97,54.0
2025-08-12,UK & Ireland,In-store,Media & Entertainment,Vinyl Record,1,27.99,0.15,23.79,16.79,16.79,7.0
2025-08-12,UK & Ireland,Online,Electronics,Smart Speaker,3,49.99,0.15,127.47,34.99,104.97,22.5
2025-08-12,UK & Ireland,Online,Electronics,USB-C Charger,7,19.99,0.25,104.95,10.99,76.93,28.02
2025-08-13,APAC,In-store,Beauty & Wellness,Vitamin C Serum,6,29.99,0.0,179.94,10.5,63.0,116.94
2025-08-13,APAC,Online,Beauty & Wellness,Electric Toothbrush,3,59.99,0.1,161.97,32.99,98.97,63.0
2025-08-13,EMEA,In-store,Apparel,Denim Jacket,3,69.99,0.0,209.97,34.99,104.97,105.0
2025-08-13,EMEA,In-store,Beauty & Wellness,Vitamin C Serum,4,29.99,0.0,119.96,10.5,42.0,77.96
2025-08-13,EMEA,Online,Home & Kitchen,Air Fryer,3,89.99,0.0,269.97,62.99,188.97,81.0
2025-08-13,LATAM,In-store,Electronics,USB-C Charger,8,19.99,0.0,159.92,10.99,87.92,72.0
2025-08-13,LATAM,Online,Apparel,Wool Socks 3-pack,3,14.99,0.1,40.47,6.0,18.0,22.47
2025-08-13,LATAM,Online,Home & Kitchen,Coffee Grinder,1,39.99,0.0,39.99,23.99,23.99,16.0
2025-08-13,North America,In-store,Electronics,USB-C Charger,10,19.99,0.2,159.92,10.99,109.9,50.02
2025-08-13,North America,In-store,Media & Entertainment,Vinyl Record,1,27.99,0.1,25.19,16.79,16.79,8.4
2025-08-13,North America,Online,Electronics,Wireless Earbuds,6,79.99,0.0,479.94,51.99,311.94,168.0
2025-08-13,UK & Ireland,In-store,Home & Kitchen,Cookware Set,4,129.99,0.0,519.96,84.49,337.96,182.0
2025-08-13,UK & Ireland,Online,Electronics,USB-C Charger,8,19.99,0.0,159.92,10.99,87.92,72.0
2025-08-13,UK & Ireland,Online,Media & Entertainment,Board Game,5,34.99,0.0,174.95,19.24,96.2,78.75
2025-08-14,APAC,In-store,Electronics,Smart Speaker,13,49.99,0.2,519.9,34.99,454.87,65.03
2025-08-14,APAC,In-store,Home & Kitchen,Air Fryer,3,89.99,0.25,202.48,62.99,188.97,13.51
2025-08-14,APAC,Online,Beauty & Wellness,Collagen Powder,4,34.99,0.0,139.96,14.0,56.0,83.96
2025-08-14,APAC,Online,Electronics,Smart Speaker,5,49.99,0.1,224.96,34.99,174.95,50.01
2025-08-14,EMEA,In-store,Home & Kitchen,Coffee Grinder,3,39.99,0.0,119.97,23.99,71.97,48.0
2025-08-14,EMEA,Online,Apparel,Denim Jacket,2,69.99,0.0,139.98,34.99,69.98,70.0
2025-08-14,LATAM,In-store,Electronics,Wireless Earbuds,8,79.99,0.1,575.93,51.99,415.92,160.01
2025-08-14,LATAM,In-store,Media & Entertainment,Board Game,3,34.99,0.0,104.97,19.24,57.72,47.25
2025-08-14,LATAM,Online,Apparel,Running Tee,2,24.99,0.0,49.98,11.25,22.5,27.48
2025-08-14,North America,In-store,Electronics,USB-C Charger,11,19.99,0.25,164.92,10.99,120.89,44.03
2025-08-14,North America,Online,Apparel,Wool Socks 3-pack,7,14.99,0.0,104.93,6.0,42.0,62.93
2025-08-14,North America,Online,Electronics,Smart Speaker,7,49.99,0.0,349.93,34.99,244.93,105.0
2025-08-14,UK & Ireland,In-store,Beauty & Wellness,Vitamin C Serum,3,29.99,0.1,80.97,10.5,31.5,49.47
2025-08-14,UK & Ireland,In-store,Electronics,USB-C Charger,1,19.99,0.0,19.99,10.99,10.99,9.0
2025-08-15,APAC,In-store,Beauty & Wellness,Electric Toothbrush,6,59.99,0.0,359.94,32.99,197.94,162.0
2025-08-15,APAC,In-store,Electronics,Wireless Earbuds,5,79.99,0.2,319.96,51.99,259.95,60.01
2025-08-15,APAC,Online,Electronics,Wireless Earbuds,4,79.99,0.0,319.96,51.99,207.96,112.0
2025-08-15,EMEA,In-store,Electronics,Wireless Earbuds,7,79.99,0.15,475.94,51.99,363.93,112.01
2025-08-15,EMEA,Online,Media & Entertainment,Board Game,2,34.99,0.0,69.98,19.24,38.48,31.5
2025-08-15,LATAM,In-store,Beauty & Wellness,Collagen Powder,2,34.99,0.0,69.98,14.0,28.0,41.98
2025-08-15,LATAM,Online,Apparel,Denim Jacket,1,69.99,0.0,69.99,34.99,34.99,35.0
2025-08-15,LATAM,Online,Electronics,Smart Speaker,2,49.99,0.1,89.98,34.99,69.98,20.0
2025-08-15,North America,In-store,Beauty & Wellness,Vitamin C Serum,4,29.99,0.1,107.96,10.5,42.0,65.96
2025-08-15,North America,In-store,Home & Kitchen,Cookware Set,3,129.99,0.0,389.97,84.49,253.47,136.5
2025-08-15,UK & Ireland,In-store,Apparel,Wool Socks 3-pack,5,14.99,0.0,74.95,6.0,30.0,44.95
2025-08-15,UK & Ireland,Online,Electronics,USB-C Charger,9,19.99,0.0,179.91,10.99,98.91,81.0
2025-08-16,APAC,In-store,Apparel,Denim Jacket,3,69.99,0.0,209.97,34.99,104.97,105.0
2025-08-16,APAC,In-store,Electronics,Smart Speaker,9,49.99,0.1,404.92,34.99,314.91,90.01
2025-08-16,APAC,Online,Apparel,Denim Jacket,4,69.99,0.0,279.96,34.99,139.96,140.0
2025-08-16,APAC,Online,Electronics,Smart Speaker,6,49.99,0.15,254.95,34.99,209.94,45.01
2025-08-16,EMEA,In-store,Electronics,Smart Speaker,5,49.99,0.0,249.95,34.99,174.95,75.0
2025-08-16,EMEA,In-store,Electronics,USB-C Charger,18,19.99,0.0,359.82,10.99,197.82,162.0
2025-08-16,EMEA,In-store,Media & Entertainment,Board Game,3,34.99,0.2,83.98,19.24,57.72,26.26
2025-08-16,EMEA,Online,Beauty & Wellness,Collagen Powder,5,34.99,0.2,139.96,14.0,70.0,69.96
2025-08-16,LATAM,In-store,Apparel,Denim Jacket,2,69.99,0.1,125.98,34.99,69.98,56.0
2025-08-16,LATAM,In-store,Home & Kitchen,Cookware Set,3,129.99,0.0,389.97,84.49,253.47,136.5
2025-08-16,LATAM,Online,Electronics,Smart Speaker,2,49.99,0.0,99.98,34.99,69.98,30.0
2025-08-16,North America,In-store,Beauty & Wellness,Collagen Powder,10,34.99,0.15,297.42,14.0,140.0,157.42
2025-08-16,North America,In-store,Beauty & Wellness,Electric Toothbrush,5,59.99,0.0,299.95,32.99,164.95,135.0
2025-08-16,North America,In-store,Electronics,USB-C Charger,12,19.99,0.0,239.88,10.99,131.88,108.0
2025-08-16,North America,In-store,Electronics,Wireless Earbuds,11,79.99,0.0,879.89,51.99,571.89,308.0
2025-08-16,UK & Ireland,Online,Beauty & Wellness,Collagen Powder,6,34.99,0.0,209.94,14.0,84.0,125.94
2025-08-17,APAC,In-store,Electronics,USB-C Charger,10,19.99,0.0,199.9,10.99,109.9,90.0
2025-08-17,APAC,In-store,Media & Entertainment,Vinyl Record,3,27.99,0.0,83.97,16.79,50.37,33.6
2025-08-17,APAC,Online,Electronics,Smart Speaker,4,49.99,0.0,199.96,34.99,139.96,60.0
2025-08-17,EMEA,In-store,Beauty & Wellness,Vitamin C Serum,4,29.99,0.25,89.97,10.5,42.0,47.97
2025-08-17,LATAM,In-store,Apparel,Denim Jacket,3,69.99,0.0,209.97,34.99,104.97,105.0
2025-08-17,LATAM,Online,Beauty & Wellness,Electric Toothbrush,1,59.99,0.0,59.99,32.99,32.99,27.0
2025-08-17,LATAM,Online,Home & Kitchen,Cookware Set,1,129.99,0.2,103.99,84.49,84.49,19.5
2025-08-17,North America,In-store,Electronics,USB-C Charger,13,19.99,0.0,259.87,10.99,142.87,117.0
2025-08-17,North America,In-store,Media & Entertainment,Vinyl Record,2,27.99,0.0,55.98,16.79,33.58,22.4
2025-08-17,North America,Online,Beauty & Wellness,Electric Toothbrush,7,59.99,0.0,419.93,32.99,230.93,189.0
2025-08-17,UK & Ireland,In-store,Electronics,Smart Speaker,3,49.99,0.25,112.48,34.99,104.97,7.51
2025-08-18,APAC,In-store,Apparel,Running Tee,5,24.99,0.0,124.95,11.25,56.25,68.7
2025-08-18,APAC,In-store,Electronics,Wireless Earbuds,7,79.99,0.0,559.93,51.99,363.93,196.0
2025-08-18,EMEA,In-store,Apparel,Running Tee,8,24.99,0.0,199.92,11.25,90.0,109.92
2025-08-18,EMEA,In-store,Home & Kitchen,Coffee Grinder,1,39.99,0.0,39.99,23.99,23.99,16.0
2025-08-18,EMEA,In-store,Media & Entertainment,Blu-ray Box Set,4,39.99,0.0,159.96,29.99,119.96,40.0
2025-08-18,EMEA,In-store,Media & Entertainment,Board Game,2,34.99,0.0,69.98,19.24,38.48,31.5
2025-08-18,EMEA,Online,Apparel,Running Tee,6,24.99,0.2,119.95,11.25,67.5,52.45
2025-08-18,EMEA,Online,Electronics,Smart Speaker,3,49.99,0.0,149.97,34.99,104.97,45.0
2025-08-18,LATAM,In-store,Electronics,Wireless Earbuds,5,79.99,0.0,399.95,51.99,259.95,140.0
2025-08-18,North America,In-store,Media & Entertainment,Vinyl Record,2,27.99,0.0,55.98,16.79,33.58,22.4
2025-08-18,North America,Online,Home & Kitchen,Coffee Grinder,1,39.99,0.0,39.99,23.99,23.99,16.0
2025-08-18,UK & Ireland,Online,Media & Entertainment,Blu-ray Box Set,3,39.99,0.0,119.97,29.99,89.97,30.0
2025-08-19,APAC,In-store,Electronics,Wireless Earbuds,4,79.99,0.0,319.96,51.99,207.96,112.0
2025-08-19,APAC,Online,Electronics,USB-C Charger,3,19.99,0.0,59.97,10.99,32.97,27.0
2025-08-19,APAC,Online,Media & Entertainment,Vinyl Record,2,27.99,0.0,55.98,16.79,33.58,22.4
2025-08-19,EMEA,In-store,Media & Entertainment,Board Game,6,34.99,0.0,209.94,19.24,115.44,94.5
2025-08-19,LATAM,Online,Apparel,Denim Jacket,4,69.99,0.0,279.96,34.99,139.96,140.0
2025-08-19,LATAM,Online,Beauty & Wellness,Collagen Powder,2,34.99,0.0,69.98,14.0,28.0,41.98
2025-08-19,LATAM,Online,Beauty & Wellness,Vitamin C Serum,3,29.99,0.15,76.47,10.5,31.5,44.97
2025-08-19,UK & Ireland,In-store,Apparel,Running Tee,7,24.99,0.1,157.44,11.25,78.75,78.69
2025-08-19,UK & Ireland,In-store,Electronics,USB-C Charger,7,19.99,0.1,125.94,10.99,76.93,49.01
2025-08-19,UK & Ireland,In-store,Media & Entertainment,Board Game,1,34.99,0.0,34.99,19.24,19.24,15.75
2025-08-19,UK & Ireland,Online,Home & Kitchen,Coffee Grinder,2,39.99,0.15,67.98,23.99,47.98,20.0
2025-08-19,UK & Ireland,Online,Home & Kitchen,Cookware Set,1,129.99,0.0,129.99,84.49,84.49,45.5
2025-08-20,APAC,In-store,Electronics,Smart Speaker,8,49.99,0.2,319.94,34.99,279.92,40.02
2025-08-20,APAC,In-store,Home & Kitchen,Coffee Grinder,7,39.99,0.0,279.93,23.99,167.93,112.0
2025-08-20,APAC,In-store,Media & Entertainment,Blu-ray Box Set,4,39.99,0.0,159.96,29.99,119.96,40.0
2025-08-20,APAC,Online,Apparel,Wool Socks 3-pack,3,14.99,0.0,44.97,6.0,18.0,26.97
2025-08-20,APAC,Online,Electronics,Wireless Earbuds,5,79.99,0.0,399.95,51.99,259.95,140.0
2025-08-20,EMEA,In-store,Electronics,USB-C Charger,11,19.99,0.25,164.92,10.99,120.89,44.03
2025-08-20,EMEA,Online,Media & Entertainment,Blu-ray Box Set,4,39.99,0.0,159.96,29.99,119.96,40.0
2025-08-20,LATAM,In-store,Media & Entertainment,Blu-ray Box Set,6,39.99,0.0,239.94,29.99,179.94,60.0
2025-08-20,LATAM,Online,Electronics,Smart Speaker,1,49.99,0.25,37.49,34.99,34.99,2.5
2025-08-20,LATAM,Online,Media & Entertainment,Board Game,2,34.99,0.15,59.48,19.24,38.48,21.0
2025-08-20,North America,Online,Beauty & Wellness,Electric Toothbrush,3,59.99,0.25,134.98,32.99,98.97,36.01
2025-08-20,UK & Ireland,In-store,Beauty & Wellness,Electric Toothbrush,7,59.99,0.0,419.93,32.99,230.93,189.0
2025-08-20,UK & Ireland,In-store,Electronics,Smart Speaker,4,49.99,0.15,169.97,34.99,139.96,30.01
2025-08-20,UK & Ireland,In-store,Media & Entertainment,Blu-ray Box Set,1,39.99,0.2,31.99,29.99,29.99,2.0
2025-08-20,UK & Ireland,Online,Apparel,Denim Jacket,1,69.99,0.0,69.99,34.99,34.99,35.0
2025-08-20,UK & Ireland,Online,Beauty & Wellness,Electric Toothbrush,8,59.99,0.25,359.94,32.99,263.92,96.02
2025-08-21,APAC,In-store,Beauty & Wellness,Electric Toothbrush,7,59.99,0.1,377.94,32.99,230.93,147.01
2025-08-21,APAC,In-store,Home & Kitchen,Coffee Grinder,6,39.99,0.15,203.95,23.99,143.94,60.01
2025-08-21,APAC,Online,Apparel,Wool Socks 3-pack,1,14.99,0.25,11.24,6.0,6.0,5.24
2025-08-21,EMEA,In-store,Media & Entertainment,Board Game,2,34.99,0.0,69.98,19.24,38.48,31.5
2025-08-21,LATAM,In-store,Beauty & Wellness,Collagen Powder,4,34.99,0.0,139.96,14.0,56.0,83.96
2025-08-21,LATAM,In-store,Beauty & Wellness,Vitamin C Serum,5,29.99,0.2,119.96,10.5,52.5,67.46
2025-08-21,LATAM,Online,Electronics,Wireless Earbuds,7,79.99,0.1,503.94,51.99,363.93,140.01
2025-08-21,LATAM,Online,Home & Kitchen,Coffee Grinder,3,39.99,0.0,119.97,23.99,71.97,48.0
2025-08-21,North America,In-store,Beauty & Wellness,Electric Toothbrush,5,59.99,0.0,299.95,32.99,164.95,135.0
2025-08-21,North America,In-store,Electronics,USB-C Charger,9,19.99,0.0,179.91,10.99,98.91,81.0
2025-08-21,North America,In-store,Electronics,Wireless Earbuds,5,79.99,0.0,399.95,51.99,259.95,140.0
2025-08-21,North America,Online,Electronics,Smart Speaker,2,49.99,0.0,99.98,34.99,69.98,30.0
2025-08-21,North America,Online,Media & Entertainment,Board Game,1,34.99,0.0,34.99,19.24,19.24,15.75
2025-08-21,UK & Ireland,In-store,Beauty & Wellness,Collagen Powder,6,34.99,0.0,209.94,14.0,84.0,125.94
2025-08-21,UK & Ireland,In-store,Beauty & Wellness,Vitamin C Serum,2,29.99,0.2,47.98,10.5,21.0,26.98
2025-08-22,APAC,In-store,Beauty & Wellness,Electric Toothbrush,1,59.99,0.0,59.99,32.99,32.99,27.0
2025-08-22,APAC,Online,Electronics,Wireless Earbuds,3,79.99,0.0,239.97,51.99,155.97,84.0
2025-08-22,APAC,Online,Home & Kitchen,Coffee Grinder,4,39.99,0.15,135.97,23.99,95.96,40.01
2025-08-22,EMEA,In-store,Beauty & Wellness,Vitamin C Serum,12,29.99,0.0,359.88,10.5,126.0,233.88
2025-08-22,EMEA,In-store,Media & Entertainment,Vinyl Record,3,27.99,0.0,83.97,16.79,50.37,33.6
2025-08-22,EMEA,Online,Apparel,Denim Jacket,3,69.99,0.0,209.97,34.99,104.97,105.0
2025-08-22,EMEA,Online,Home & Kitchen,Coffee Grinder,1,39.99,0.0,39.99,23.99,23.99,16.0
2025-08-22,EMEA,Online,Media & Entertainment,Vinyl Record,4,27.99,0.0,111.96,16.79,67.16,44.8
2025-08-22,LATAM,In-store,Home & Kitchen,Air Fryer,4,89.99,0.15,305.97,62.99,251.96,54.01
2025-08-22,LATAM,Online,Beauty & Wellness,Vitamin C Serum,1,29.99,0.0,29.99,10.5,10.5,19.49
2025-08-22,LATAM,Online,Media & Entertainment,Board Game,4,34.99,0.0,139.96,19.24,76.96,63.0
2025-08-22,North America,In-store,Apparel,Wool Socks 3-pack,6,14.99,0.0,89.94,6.0,36.0,53.94
2025-08-22,North America,In-store,Electronics,Smart Speaker,5,49.99,0.15,212.46,34.99,174.95,37.51
2025-08-22,North America,In-store,Home & Kitchen,Coffee Grinder,4,39.99,0.15,135.97,23.99,95.96,40.01
2025-08-22,North America,In-store,Media & Entertainment,Blu-ray Box Set,3,39.99,0.15,101.97,29.99,89.97,12.0
2025-08-22,UK & Ireland,Online,Electronics,Smart Speaker,4,49.99,0.0,199.96,34.99,139.96,60.0
2025-08-22,UK & Ireland,Online,Home & Kitchen,Coffee Grinder,3,39.99,0.0,119.97,23.99,71.97,48.0
2025-08-23,APAC,In-store,Apparel,Wool Socks 3-pack,5,14.99,0.25,56.21,6.0,30.0,26.21
2025-08-23,APAC,In-store,Home & Kitchen,Coffee Grinder,3,39.99,0.0,119.97,23.99,71.97,48.0
2025-08-23,APAC,In-store,Media & Entertainment,Blu-ray Box Set,6,39.99,0.15,203.95,29.99,179.94,24.01
2025-08-23,APAC,In-store,Media & Entertainment,Vinyl Record,4,27.99,0.2,89.57,16.79,67.16,22.41
2025-08-23,LATAM,In-store,Electronics,Wireless Earbuds,4,79.99,0.0,319.96,51.99,207.96,112.0
2025-08-23,LATAM,In-store,Media & Entertainment,Board Game,3,34.99,0.0,104.97,19.24,57.72,47.25
2025-08-23,LATAM,Online,Media & Entertainment,Board Game,4,34.99,0.2,111.97,19.24,76.96,35.01
2025-08-23,North America,In-store,Apparel,Wool Socks 3-pack,8,14.99,0.0,119.92,6.0,48.0,71.92
2025-08-23,UK & Ireland,In-store,Beauty & Wellness,Collagen Powder,5,34.99,0.0,174.95,14.0,70.0,104.95
2025-08-23,UK & Ireland,In-store,Home & Kitchen,Cookware Set,1,129.99,0.0,129.99,84.49,84.49,45.5
2025-08-23,UK & Ireland,Online,Apparel,Wool Socks 3-pack,5,14.99,0.0,74.95,6.0,30.0,44.95
2025-08-23,UK & Ireland,Online,Beauty & Wellness,Vitamin C Serum,3,29.99,0.2,71.98,10.5,31.5,40.48
2025-08-24,APAC,In-store,Beauty & Wellness,Vitamin C Serum,11,29.99,0.0,329.89,10.5,115.5,214.39
2025-08-24,APAC,In-store,Electronics,Smart Speaker,6,49.99,0.0,299.94,34.99,209.94,90.0
2025-08-24,APAC,In-store,Home & Kitchen,Coffee Grinder,4,39.99,0.15,135.97,23.99,95.96,40.01
2025-08-24,APAC,Online,Home & Kitchen,Coffee Grinder,4,39.99,0.0,159.96,23.99,95.96,64.0
2025-08-24,EMEA,In-store,Electronics,USB-C Charger,7,19.99,0.0,139.93,10.99,76.93,63.0
2025-08-24,EMEA,In-store,Electronics,Wireless Earbuds,4,79.99,0.0,319.96,51.99,207.96,112.0
2025-08-24,EMEA,In-store,Home & Kitchen,Air Fryer,6,89.99,0.0,539.94,62.99,377.94,162.0
2025-08-24,EMEA,Online,Media & Entertainment,Blu-ray Box Set,1,39.99,0.1,35.99,29.99,29.99,6.0
2025-08-24,LATAM,In-store,Electronics,Smart Speaker,10,49.99,0.0,499.9,34.99,349.9,150.0
2025-08-24,LATAM,In-store,Media & Entertainment,Vinyl Record,5,27.99,0.0,139.95,16.79,83.95,56.0
2025-08-24,LATAM,Online,Beauty & Wellness,Collagen Powder,2,34.99,0.2,55.98,14.0,28.0,27.98
2025-08-24,LATAM,Online,Electronics,Smart Speaker,4,49.99,0.0,199.96,34.99,139.96,60.0
2025-08-24,LATAM,Online,Media & Entertainment,Blu-ray Box Set,3,39.99,0.0,119.97,29.99,89.97,30.0
2025-08-24,North America,In-store,Apparel,Running Tee,3,24.99,0.0,74.97,11.25,33.75,41.22
2025-08-24,North America,In-store,Electronics,USB-C Charger,6,19.99,0.0,119.94,10.99,65.94,54.0
2025-08-24,North America,Online,Home & Kitchen,Cookware Set,5,129.99,0.15,552.46,84.49,422.45,130.01
2025-08-24,North America,Online,Media & Entertainment,Vinyl Record,8,27.99,0.0,223.92,16.79,134.32,89.6
2025-08-24,UK & Ireland,In-store,Media & Entertainment,Blu-ray Box Set,3,39.99,0.0,119.97,29.99,89.97,30.0
2025-08-25,APAC,In-store,Apparel,Running Tee,5,24.99,0.25,93.71,11.25,56.25,37.46
2025-08-25,APAC,In-store,Electronics,Wireless Earbuds,8,79.99,0.15,543.93,51.99,415.92,128.01
2025-08-25,EMEA,In-store,Home & Kitchen,Coffee Grinder,4,39.99,0.25,119.97,23.99,95.96,24.01
2025-08-25,EMEA,Online,Apparel,Denim Jacket,2,69.99,0.0,139.98,34.99,69.98,70.0
2025-08-25,EMEA,Online,Beauty & Wellness,Electric Toothbrush,7,59.99,0.2,335.94,32.99,230.93,105.01
2025-08-25,EMEA,Online,Electronics,Wireless Earbuds,8,79.99,0.0,639.92,51.99,415.92,224.0
2025-08-25,LATAM,In-store,Electronics,USB-C Charger,1,19.99,0.0,19.99,10.99,10.99,9.0
2025-08-25,LATAM,In-store,Media & Entertainment,Board Game,4,34.99,0.2,111.97,19.24,76.96,35.01
2025-08-25,North America,In-store,Home & Kitchen,Cookware Set,1,129.99,0.0,129.99,84.49,84.49,45.5
2025-08-25,North America,In-store,Media & Entertainment,Board Game,3,34.99,0.0,104.97,19.24,57.72,47.25
2025-08-25,UK & Ireland,In-store,Apparel,Denim Jacket,1,69.99,0.15,59.49,34.99,34.99,24.5
2025-08-25,UK & Ireland,In-store,Home & Kitchen,Air Fryer,4,89.99,0.25,269.97,62.99,251.96,18.01
2025-08-25,UK & Ireland,Online,Home & Kitchen,Cookware Set,4,129.99,0.25,389.97,84.49,337.96,52.01
2025-08-25,UK & Ireland,Online,Media & Entertainment,Board Game,3,34.99,0.0,104.97,19.24,57.72,47.25
2025-08-26,EMEA,In-store,Electronics,USB-C Charger,8,19.99,0.0,159.92,10.99,87.92,72.0
2025-08-26,LATAM,In-store,Apparel,Wool Socks 3-pack,3,14.99,0.15,38.22,6.0,18.0,20.22
2025-08-26,LATAM,Online,Media & Entertainment,Board Game,3,34.99,0.1,94.47,19.24,57.72,36.75
2025-08-26,North America,In-store,Electronics,Smart Speaker,5,49.99,0.15,212.46,34.99,174.95,37.51
2025-08-26,North America,Online,Beauty & Wellness,Collagen Powder,7,34.99,0.0,244.93,14.0,98.0,146.93
2025-08-26,UK & Ireland,In-store,Beauty & Wellness,Electric Toothbrush,4,59.99,0.0,239.96,32.99,131.96,108.0
2025-08-27,APAC,In-store,Apparel,Wool Socks 3-pack,5,14.99,0.0,74.95,6.0,30.0,44.95
2025-08-27,APAC,In-store,Electronics,Wireless Earbuds,3,79.99,0.0,239.97,51.99,155.97,84.0
2025-08-27,APAC,In-store,Home & Kitchen,Coffee Grinder,4,39.99,0.25,119.97,23.99,95.96,24.01
2025-08-27,APAC,In-store,Media & Entertainment,Blu-ray Box Set,9,39.99,0.1,323.92,29.99,269.91,54.01
2025-08-27,APAC,Online,Electronics,USB-C Charger,8,19.99,0.25,119.94,10.99,87.92,32.02
2025-08-27,EMEA,In-store,Electronics,USB-C Charger,5,19.99,0.25,74.96,10.99,54.95,20.01
2025-08-27,EMEA,In-store,Home & Kitchen,Air Fryer,6,89.99,0.0,539.94,62.99,377.94,162.0
2025-08-27,LATAM,Online,Home & Kitchen,Coffee Grinder,3,39.99,0.0,119.97,23.99,71.97,48.0
2025-08-27,North America,In-store,Beauty & Wellness,Vitamin C Serum,8,29.99,0.0,239.92,10.5,84.0,155.92
2025-08-27,North America,In-store,Electronics,USB-C Charger,8,19.99,0.0,159.92,10.99,87.92,72.0
2025-08-27,North America,Online,Apparel,Running Tee,8,24.99,0.25,149.94,11.25,90.0,59.94
2025-08-27,North America,Online,Media & Entertainment,Vinyl Record,2,27.99,0.0,55.98,16.79,33.58,22.4
2025-08-27,UK & Ireland,In-store,Electronics,USB-C Charger,7,19.99,0.0,139.93,10.99,76.93,63.0
2025-08-27,UK & Ireland,In-store,Electronics,Wireless Earbuds,5,79.99,0.0,399.95,51.99,259.95,140.0
2025-08-27,UK & Ireland,Online,Media & Entertainment,Vinyl Record,1,27.99,0.0,27.99,16.79,16.79,11.2
2025-08-28,APAC,In-store,Media & Entertainment,Blu-ray Box Set,4,39.99,0.0,159.96,29.99,119.96,40.0
2025-08-28,APAC,Online,Beauty & Wellness,Electric Toothbrush,6,59.99,0.15,305.95,32.99,197.94,108.01
2025-08-28,APAC,Online,Media & Entertainment,Board Game,8,34.99,0.25,209.94,19.24,153.92,56.02
2025-08-28,EMEA,In-store,Home & Kitchen,Air Fryer,4,89.99,0.0,359.96,62.99,251.96,108.0
2025-08-28,EMEA,In-store,Home & Kitchen,Cookware Set,2,129.99,0.0,259.98,84.49,168.98,91.0
2025-08-28,EMEA,In-store,Media & Entertainment,Blu-ray Box Set,1,39.99,0.2,31.99,29.99,29.99,2.0
2025-08-28,EMEA,Online,Beauty & Wellness,Collagen Powder,5,34.99,0.25,131.21,14.0,70.0,61.21
2025-08-28,EMEA,Online,Electronics,Smart Speaker,4,49.99,0.0,199.96,34.99,139.96,60.0
2025-08-28,EMEA,Online,Electronics,Wireless Earbuds,7,79.99,0.25,419.95,51.99,363.93,56.02
2025-08-28,LATAM,In-store,Media & Entertainment,Board Game,2,34.99,0.0,69.98,19.24,38.48,31.5
2025-08-28,LATAM,Online,Beauty & Wellness,Collagen Powder,2,34.99,0.2,55.98,14.0,28.0,27.98
2025-08-28,LATAM,Online,Home & Kitchen,Air Fryer,2,89.99,0.0,179.98,62.99,125.98,54.0
2025-08-28,North America,In-store,Beauty & Wellness,Vitamin C Serum,9,29.99,0.0,269.91,10.5,94.5,175.41
2025-08-28,North America,Online,Apparel,Running Tee,4,24.99,0.0,99.96,11.25,45.0,54.96
2025-08-28,North America,Online,Electronics,Wireless Earbuds,9,79.99,0.0,719.91,51.99,467.91,252.0
2025-08-28,UK & Ireland,In-store,Home & Kitchen,Air Fryer,3,89.99,0.15,229.47,62.99,188.97,40.5
2025-08-28,UK & Ireland,In-store,Media & Entertainment,Board Game,5,34.99,0.25,131.21,19.24,96.2,35.01
2025-08-28,UK & Ireland,In-store,Media & Entertainment,Vinyl Record,3,27.99,0.2,67.18,16.79,50.37,16.81
2025-08-29,APAC,In-store,Electronics,Wireless Earbuds,11,79.99,0.0,879.89,51.99,571.89,308.0
2025-08-29,APAC,In-store,Home & Kitchen,Air Fryer,4,89.99,0.0,359.96,62.99,251.96,108.0
2025-08-29,APAC,Online,Electronics,USB-C Charger,3,19.99,0.1,53.97,10.99,32.97,21.0
2025-08-29,EMEA,Online,Electronics,USB-C Charger,3,19.99,0.0,59.97,10.99,32.97,27.0
2025-08-29,EMEA,Online,Home & Kitchen,Air Fryer,4,89.99,0.0,359.96,62.99,251.96,108.0
2025-08-29,EMEA,Online,Home & Kitchen,Cookware Set,4,129.99,0.0,519.96,84.49,337.96,182.0
2025-08-29,LATAM,Online,Apparel,Wool Socks 3-pack,2,14.99,0.0,29.98,6.0,12.0,17.98
2025-08-29,LATAM,Online,Electronics,Smart Speaker,3,49.99,0.0,149.97,34.99,104.97,45.0
2025-08-29,North America,In-store,Home & Kitchen,Coffee Grinder,4,39.99,0.0,159.96,23.99,95.96,64.0
2025-08-29,North America,Online,Beauty & Wellness,Collagen Powder,1,34.99,0.0,34.99,14.0,14.0,20.99
2025-08-29,North America,Online,Electronics,USB-C Charger,15,19.99,0.15,254.87,10.99,164.85,90.02
2025-08-29,North America,Online,Media & Entertainment,Blu-ray Box Set,4,39.99,0.1,143.96,29.99,119.96,24.0
2025-08-29,UK & Ireland,In-store,Electronics,Wireless Earbuds,8,79.99,0.0,639.92,51.99,415.92,224.0
2025-08-29,UK & Ireland,In-store,Home & Kitchen,Air Fryer,6,89.99,0.0,539.94,62.99,377.94,162.0
2025-08-29,UK & Ireland,Online,Beauty & Wellness,Electric Toothbrush,2,59.99,0.0,119.98,32.99,65.98,54.0
2025-08-29,UK & Ireland,Online,Media & Entertainment,Board Game,5,34.99,0.0,174.95,19.24,96.2,78.75
2025-08-30,APAC,In-store,Electronics,USB-C Charger,16,19.99,0.0,319.84,10.99,175.84,144.0
2025-08-30,APAC,Online,Beauty & Wellness,Electric Toothbrush,2,59.99,0.0,119.98,32.99,65.98,54.0
2025-08-30,EMEA,Online,Home & Kitchen,Cookware Set,2,129.99,0.0,259.98,84.49,168.98,91.0
2025-08-30,LATAM,In-store,Apparel,Denim Jacket,1,69.99,0.0,69.99,34.99,34.99,35.0
2025-08-30,North America,In-store,Apparel,Denim Jacket,4,69.99,0.0,279.96,34.99,139.96,140.0
2025-08-30,North America,In-store,Beauty & Wellness,Electric Toothbrush,4,59.99,0.25,179.97,32.99,131.96,48.01
2025-08-30,North America,Online,Beauty & Wellness,Vitamin C Serum,8,29.99,0.1,215.93,10.5,84.0,131.93
2025-08-30,UK & Ireland,In-store,Home & Kitchen,Coffee Grinder,5,39.99,0.0,199.95,23.99,119.95,80.0
2025-08-31,APAC,In-store,Beauty & Wellness,Collagen Powder,6,34.99,0.0,209.94,14.0,84.0,125.94
2025-08-31,APAC,In-store,Home & Kitchen,Coffee Grinder,3,39.99,0.25,89.98,23.99,71.97,18.01
2025-08-31,APAC,Online,Beauty & Wellness,Vitamin C Serum,10,29.99,0.0,299.9,10.5,105.0,194.9
2025-08-31,APAC,Online,Electronics,Smart Speaker,5,49.99,0.0,249.95,34.99,174.95,75.0
2025-08-31,APAC,Online,Media & Entertainment,Blu-ray Box Set,3,39.99,0.0,119.97,29.99,89.97,30.0
2025-08-31,EMEA,In-store,Beauty & Wellness,Collagen Powder,5,34.99,0.25,131.21,14.0,70.0,61.21
2025-08-31,EMEA,In-store,Electronics,Smart Speaker,13,49.99,0.0,649.87,34.99,454.87,195.0
2025-08-31,LATAM,In-store,Home & Kitchen,Air Fryer,2,89.99,0.15,152.98,62.99,125.98,27.0
2025-08-31,LATAM,Online,Beauty & Wellness,Vitamin C Serum,1,29.99,0.0,29.99,10.5,10.5,19.49
2025-08-31,LATAM,Online,Electronics,Smart Speaker,5,49.99,0.15,212.46,34.99,174.95,37.51
2025-08-31,LATAM,Online,Electronics,USB-C Charger,4,19.99,0.0,79.96,10.99,43.96,36.0
2025-08-31,LATAM,Online,Electronics,Wireless Earbuds,5,79.99,0.1,359.95,51.99,259.95,100.0
2025-08-31,North America,In-store,Apparel,Wool Socks 3-pack,6,14.99,0.25,67.45,6.0,36.0,31.45
2025-08-31,North America,In-store,Media & Entertainment,Vinyl Record,3,27.99,0.0,83.97,16.79,50.37,33.6
2025-08-31,North America,Online,Electronics,Smart Speaker,9,49.99,0.2,359.93,34.99,314.91,45.02
2025-08-31,UK & Ireland,Online,Beauty & Wellness,Electric Toothbrush,8,59.99,0.0,479.92,32.99,263.92,216.0
2025-09-01,APAC,Online,Home & Kitchen,Cookware Set,4,129.99,0.0,519.96,84.49,337.96,182.0
2025-09-01,EMEA,Online,Electronics,Wireless Earbuds,7,79.99,0.2,447.94,51.99,363.93,84.01
2025-09-01,LATAM,In-store,Beauty & Wellness,Vitamin C Serum,5,29.99,0.0,149.95,10.5,52.5,97.45
2025-09-01,LATAM,In-store,Electronics,USB-C Charger,5,19.99,0.0,99.95,10.99,54.95,45.0
2025-09-01,LATAM,Online,Apparel,Denim Jacket,3,69.99,0.2,167.98,34.99,104.97,63.01
2025-09-01,LATAM,Online,Electronics,Smart Speaker,2,49.99,0.2,79.98,34.99,69.98,10.0
2025-09-01,LATAM,Online,Home & Kitchen,Coffee Grinder,2,39.99,0.0,79.98,23.99,47.98,32.0
2025-09-01,LATAM,Online,Media & Entertainment,Board Game,4,34.99,0.25,104.97,19.24,76.96,28.01
2025-09-01,North America,In-store,Apparel,Denim Jacket,5,69.99,0.0,349.95,34.99,174.95,175.0
2025-09-01,North America,In-store,Apparel,Wool Socks 3-pack,4,14.99,0.0,59.96,6.0,24.0,35.96
2025-09-01,North America,In-store,Beauty & Wellness,Collagen Powder,10,34.99,0.0,349.9,14.0,140.0,209.9
2025-09-01,North America,Online,Beauty & Wellness,Electric Toothbrush,1,59.99,0.0,59.99,32.99,32.99,27.0
2025-09-01,North America,Online,Electronics,USB-C Charger,10,19.99,0.0,199.9,10.99,109.9,90.0
2025-09-01,North America,Online,Electronics,Wireless Earbuds,4,79.99,0.0,319.96,51.99,207.96,112.0
2025-09-01,UK & Ireland,In-store,Media & Entertainment,Vinyl Record,1,27.99,0.2,22.39,16.79,16.79,5.6
2025-09-01,UK & Ireland,Online,Electronics,USB-C Charger,7,19.99,0.0,139.93,10.99,76.93,63.0
2025-09-02,APAC,In-store,Electronics,USB-C Charger,4,19.99,0.2,63.97,10.99,43.96,20.01
2025-09-02,EMEA,In-store,Electronics,USB-C Charger,6,19.99,0.0,119.94,10.99,65.94,54.0
2025-09-02,EMEA,Online,Electronics,Smart Speaker,3,49.99,0.15,127.47,34.99,104.97,22.5
2025-09-02,EMEA,Online,Media & Entertainment,Blu-ray Box Set,3,39.99,0.0,119.97,29.99,89.97,30.0
2025-09-02,LATAM,In-store,Beauty & Wellness,Vitamin C Serum,3,29.99,0.0,89.97,10.5,31.5,58.47
2025-09-02,LATAM,In-store,Home & Kitchen,Air Fryer,2,89.99,0.0,179.98,62.99,125.98,54.0
2025-09-02,North America,In-store,Beauty & Wellness,Collagen Powder,13,34.99,0.2,363.9,14.0,182.0,181.9
2025-09-02,North America,In-store,Electronics,USB-C Charger,7,19.99,0.25,104.95,10.99,76.93,28.02
2025-09-02,North America,In-store,Electronics,Wireless Earbuds,7,79.99,0.25,419.95,51.99,363.93,56.02
2025-09-02,North America,In-store,Home & Kitchen,Cookware Set,5,129.99,0.2,519.96,84.49,422.45,97.51
2025-09-02,North America,Online,Apparel,Wool Socks 3-pack,5,14.99,0.15,63.71,6.0,30.0,33.71
2025-09-02,North America,Online,Electronics,Smart Speaker,1,49.99,0.15,42.49,34.99,34.99,7.5
2025-09-02,North America,Online,Home & Kitchen,Cookware Set,4,129.99,0.0,519.96,84.49,337.96,182.0
2025-09-02,UK & Ireland,In-store,Electronics,Smart Speaker,5,49.99,0.0,249.95,34.99,174.95,75.0
2025-09-02,UK & Ireland,In-store,Home & Kitchen,Air Fryer,1,89.99,0.0,89.99,62.99,62.99,27.0
2025-09-03,APAC,In-store,Apparel,Running Tee,3,24.99,0.0,74.97,11.25,33.75,41.22
2025-09-03,APAC,In-store,Beauty & Wellness,Collagen Powder,2,34.99,0.0,69.98,14.0,28.0,41.98
2025-09-03,APAC,In-store,Electronics,Wireless Earbuds,6,79.99,0.0,479.94,51.99,311.94,168.0
2025-09-03,APAC,In-store,Home & Kitchen,Cookware Set,3,129.99,0.0,389.97,84.49,253.47,136.5
2025-09-03,APAC,Online,Beauty & Wellness,Collagen Powder,11,34.99,0.2,307.91,14.0,154.0,153.91
2025-09-03,APAC,Online,Electronics,Smart Speaker,3,49.99,0.0,149.97,34.99,104.97,45.0
2025-09-03,APAC,Online,Media & Entertainment,Board Game,6,34.99,0.1,188.95,19.24,115.44,73.51
2025-09-03,EMEA,In-store,Apparel,Wool Socks 3-pack,4,14.99,0.0,59.96,6.0,24.0,35.96
2025-09-03,EMEA,Online,Apparel,Wool Socks 3-pack,3,14.99,0.2,35.98,6.0,18.0,17.98
2025-09-03,EMEA,Online,Home & Kitchen,Coffee Grinder,2,39.99,0.0,79.98,23.99,47.98,32.0
2025-09-03,EMEA,Online,Media & Entertainment,Blu-ray Box Set,3,39.99,0.1,107.97,29.99,89.97,18.0
2025-09-03,LATAM,Online,Beauty & Wellness,Collagen Powder,4,34.99,0.0,139.96,14.0,56.0,83.96
2025-09-03,North America,In-store,Home & Kitchen,Coffee Grinder,5,39.99,0.0,199.95,23.99,119.95,80.0
2025-09-03,UK & Ireland,Online,Beauty & Wellness,Electric Toothbrush,7,59.99,0.0,419.93,32.99,230.93,189.0
2025-09-03,UK & Ireland,Online,Home & Kitchen,Cookware Set,3,129.99,0.1,350.97,84.49,253.47,97.5
2025-09-04,APAC,In-store,Apparel,Wool Socks 3-pack,4,14.99,0.0,59.96,6.0,24.0,35.96
2025-09-04,APAC,In-store,Beauty & Wellness,Collagen Powder,12,34.99,0.25,314.91,14.0,168.0,146.91
2025-09-04,APAC,In-store,Media & Entertainment,Vinyl Record,1,27.99,0.0,27.99,16.79,16.79,11.2
2025-09-04,APAC,Online,Apparel,Wool Socks 3-pack,2,14.99,0.25,22.48,6.0,12.0,10.48
2025-09-04,APAC,Online,Electronics,Wireless Earbuds,8,79.99,0.0,639.92,51.99,415.92,224.0
2025-09-04,APAC,Online,Media & Entertainment,Board Game,1,34.99,0.0,34.99,19.24,19.24,15.75
2025-09-04,EMEA,In-store,Apparel,Denim Jacket,3,69.99,0.25,157.48,34.99,104.97,52.51
2025-09-04,EMEA,Online,Electronics,Wireless Earbuds,10,79.99,0.0,799.9,51.99,519.9,280.0
2025-09-04,EMEA,Online,Media & Entertainment,Blu-ray Box Set,5,39.99,0.1,179.96,29.99,149.95,30.01
2025-09-04,LATAM,In-store,Beauty & Wellness,Electric Toothbrush,6,59.99,0.0,359.94,32.99,197.94,162.0
2025-09-04,North America,In-store,Apparel,Denim Jacket,4,69.99,0.0,279.96,34.99,139.96,140.0
2025-09-04,North America,In-store,Apparel,Running Tee,6,24.99,0.25,112.45,11.25,67.5,44.95
2025-09-04,North America,Online,Apparel,Running Tee,3,24.99,0.2,59.98,11.25,33.75,26.23
2025-09-04,North America,Online,Electronics,USB-C Charger,6,19.99,0.0,119.94,10.99,65.94,54.0
2025-09-04,UK & Ireland,In-store,Apparel,Denim Jacket,5,69.99,0.0,349.95,34.99,174.95,175.0
2025-09-04,UK & Ireland,In-store,Electronics,Smart Speaker,6,49.99,0.0,299.94,34.99,209.94,90.0
2025-09-04,UK & Ireland,Online,Home & Kitchen,Air Fryer,5,89.99,0.0,449.95,62.99,314.95,135.0
2025-09-04,UK & Ireland,Online,Home & Kitchen,Coffee Grinder,2,39.99,0.0,79.98,23.99,47.98,32.0
2025-09-04,UK & Ireland,Online,Media & Entertainment,Board Game,4,34.99,0.0,139.96,19.24,76.96,63.0
2025-09-05,APAC,In-store,Apparel,Wool Socks 3-pack,6,14.99,0.0,89.94,6.0,36.0,53.94
2025-09-05,APAC,In-store,Home & Kitchen,Cookware Set,5,129.99,0.1,584.96,84.49,422.45,162.51
2025-09-05,APAC,In-store,Media & Entertainment,Board Game,4,34.99,0.0,139.96,19.24,76.96,63.0
2025-09-05,EMEA,Online,Apparel,Denim Jacket,5,69.99,0.0,349.95,34.99,174.95,175.0
2025-09-05,EMEA,Online,Apparel,Running Tee,3,24.99,0.15,63.72,11.25,33.75,29.97
2025-09-05,North America,Online,Media & Entertainment,Board Game,4,34.99,0.25,104.97,19.24,76.96,28.01
2025-09-05,UK & Ireland,In-store,Beauty & Wellness,Vitamin C Serum,7,29.99,0.1,188.94,10.5,73.5,115.44
2025-09-06,APAC,In-store,Home & Kitchen,Coffee Grinder,12,39.99,0.0,479.88,23.99,287.88,192.0
2025-09-06,APAC,In-store,Home & Kitchen,Cookware Set,5,129.99,0.0,649.95,84.49,422.45,227.5
2025-09-06,APAC,Online,Apparel,Wool Socks 3-pack,2,14.99,0.1,26.98,6.0,12.0,14.98
2025-09-06,APAC,Online,Electronics,Smart Speaker,9,49.99,0.1,404.92,34.99,314.91,90.01
2025-09-06,APAC,Online,Home & Kitchen,Coffee Grinder,4,39.99,0.0,159.96,23.99,95.96,64.0
2025-09-06,EMEA,In-store,Apparel,Denim Jacket,2,69.99,0.15,118.98,34.99,69.98,49.0
2025-09-06,EMEA,In-store,Apparel,Wool Socks 3-pack,9,14.99,0.0,134.91,6.0,54.0,80.91
2025-09-06,EMEA,Online,Apparel,Denim Jacket,4,69.99,0.0,279.96,34.99,139.96,140.0
2025-09-06,EMEA,Online,Beauty & Wellness,Collagen Powder,4,34.99,0.0,139.96,14.0,56.0,83.96
2025-09-06,LATAM,In-store,Home & Kitchen,Air Fryer,6,89.99,0.0,539.94,62.99,377.94,162.0
2025-09-06,LATAM,In-store,Home & Kitchen,Cookware Set,2,129.99,0.0,259.98,84.49,168.98,91.0
2025-09-06,North America,In-store,Beauty & Wellness,Collagen Powder,12,34.99,0.0,419.88,14.0,168.0,251.88
2025-09-06,North America,Online,Beauty & Wellness,Electric Toothbrush,2,59.99,0.15,101.98,32.99,65.98,36.0
2025-09-06,North America,Online,Home & Kitchen,Air Fryer,6,89.99,0.0,539.94,62.99,377.94,162.0
2025-09-06,North America,Online,Media & Entertainment,Board Game,6,34.99,0.0,209.94,19.24,115.44,94.5
2025-09-06,North America,Online,Media & Entertainment,Vinyl Record,4,27.99,0.0,111.96,16.79,67.16,44.8
2025-09-06,UK & Ireland,In-store,Beauty & Wellness,Collagen Powder,3,34.99,0.0,104.97,14.0,42.0,62.97
2025-09-06,UK & Ireland,In-store,Electronics,Wireless Earbuds,9,79.99,0.1,647.92,51.99,467.91,180.01
2025-09-07,APAC,In-store,Apparel,Wool Socks 3-pack,7,14.99,0.0,104.93,6.0,42.0,62.93
2025-09-07,APAC,In-store,Home & Kitchen,Air Fryer,11,89.99,0.0,989.89,62.99,692.89,297.0
2025-09-07,APAC,In-store,Media & Entertainment,Board Game,5,34.99,0.0,174.95,19.24,96.2,78.75
2025-09-07,EMEA,In-store,Apparel,Running Tee,12,24.99,0.0,299.88,11.25,135.0,164.88
2025-09-07,EMEA,In-store,Apparel,Wool Socks 3-pack,4,14.99,0.0,59.96,6.0,24.0,35.96
2025-09-07,EMEA,In-store,Media & Entertainment,Vinyl Record,4,27.99,0.25,83.97,16.79,67.16,16.81
2025-09-07,EMEA,Online,Home & Kitchen,Air Fryer,7,89.99,0.0,629.93,62.99,440.93,189.0
2025-09-07,LATAM,In-store,Beauty & Wellness,Collagen Powder,5,34.99,0.0,174.95,14.0,70.0,104.95
2025-09-07,LATAM,In-store,Media & Entertainment,Vinyl Record,3,27.99,0.0,83.97,16.79,50.37,33.6
2025-09-07,North America,Online,Apparel,Denim Jacket,3,69.99,0.1,188.97,34.99,104.97,84.0
2025-09-07,UK & Ireland,In-store,Apparel,Running Tee,7,24.99,0.0,174.93,11.25,78.75,96.18
2025-09-07,UK & Ireland,Online,Apparel,Wool Socks 3-pack,7,14.99,0.1,94.44,6.0,42.0,52.44
2025-09-07,UK & Ireland,Online,Home & Kitchen,Air Fryer,9,89.99,0.0,809.91,62.99,566.91,243.0
2025-09-07,UK & Ireland,Online,Media & Entertainment,Board Game,1,34.99,0.0,34.99,19.24,19.24,15.75
2025-09-08,APAC,In-store,Apparel,Wool Socks 3-pack,4,14.99,0.25,44.97,6.0,24.0,20.97
2025-09-08,EMEA,In-store,Electronics,USB-C Charger,7,19.99,0.2,111.94,10.99,76.93,35.01
2025-09-08,EMEA,In-store,Electronics,Wireless Earbuds,8,79.99,0.2,511.94,51.99,415.92,96.02
2025-09-08,EMEA,Online,Electronics,Smart Speaker,6,49.99,0.0,299.94,34.99,209.94,90.0
2025-09-08,EMEA,Online,Media & Entertainment,Vinyl Record,1,27.99,0.0,27.99,16.79,16.79,11.2
2025-09-08,LATAM,In-store,Electronics,Smart Speaker,4,49.99,0.0,199.96,34.99,139.96,60.0
2025-09-08,North America,In-store,Beauty & Wellness,Vitamin C Serum,15,29.99,0.1,404.86,10.5,157.5,247.36
2025-09-08,UK & Ireland,In-store,Media & Entertainment,Blu-ray Box Set,1,39.99,0.0,39.99,29.99,29.99,10.0
2025-09-08,UK & Ireland,Online,Apparel,Running Tee,11,24.99,0.25,206.17,11.25,123.75,82.42
2025-09-09,APAC,In-store,Beauty & Wellness,Electric Toothbrush,11,59.99,0.0,659.89,32.99,362.89,297.0
2025-09-09,APAC,Online,Electronics,Smart Speaker,2,49.99,0.25,74.98,34.99,69.98,5.0
2025-09-09,EMEA,In-store,Apparel,Wool Socks 3-pack,8,14.99,0.0,119.92,6.0,48.0,71.92
2025-09-09,EMEA,In-store,Home & Kitchen,Air Fryer,6,89.99,0.0,539.94,62.99,377.94,162.0
2025-09-09,EMEA,Online,Electronics,USB-C Charger,17,19.99,0.0,339.83,10.99,186.83,153.0
2025-09-09,EMEA,Online,Home & Kitchen,Cookware Set,3,129.99,0.0,389.97,84.49,253.47,136.5
2025-09-09,LATAM,Online,Media & Entertainment,Vinyl Record,2,27.99,0.0,55.98,16.79,33.58,22.4
2025-09-09,North America,In-store,Beauty & Wellness,Collagen Powder,5,34.99,0.0,174.95,14.0,70.0,104.95
2025-09-09,North America,In-store,Media & Entertainment,Board Game,2,34.99,0.15,59.48,19.24,38.48,21.0
2025-09-09,UK & Ireland,In-store,Beauty & Wellness,Electric Toothbrush,6,59.99,0.0,359.94,32.99,197.94,162.0
2025-09-10,APAC,In-store,Apparel,Running Tee,9,24.99,0.1,202.42,11.25,101.25,101.17
2025-09-10,APAC,In-store,Beauty & Wellness,Vitamin C Serum,2,29.99,0.2,47.98,10.5,21.0,26.98
2025-09-10,APAC,In-store,Electronics,Smart Speaker,6,49.99,0.2,239.95,34.99,209.94,30.01
2025-09-10,APAC,In-store,Home & Kitchen,Air Fryer,3,89.99,0.0,269.97,62.99,188.97,81.0
2025-09-10,APAC,Online,Beauty & Wellness,Electric Toothbrush,5,59.99,0.0,299.95,32.99,164.95,135.0
2025-09-10,APAC,Online,Home & Kitchen,Cookware Set,3,129.99,0.1,350.97,84.49,253.47,97.5
2025-09-10,EMEA,Online,Home & Kitchen,Cookware Set,3,129.99,0.0,389.97,84.49,253.47,136.5
2025-09-10,EMEA,Online,Media & Entertainment,Board Game,2,34.99,0.1,62.98,19.24,38.48,24.5
2025-09-10,LATAM,Online,Media & Entertainment,Blu-ray Box Set,1,39.99,0.0,39.99,29.99,29.99,10.0
2025-09-10,North America,In-store,Electronics,USB-C Charger,17,19.99,0.0,339.83,10.99,186.83,153.0
2025-09-10,North America,In-store,Home & Kitchen,Air Fryer,11,89.99,0.0,989.89,62.99,692.89,297.0
2025-09-10,North America,Online,Apparel,Wool Socks 3-pack,3,14.99,0.0,44.97,6.0,18.0,26.97
2025-09-10,North America,Online,Home & Kitchen,Cookware Set,2,129.99,0.0,259.98,84.49,168.98,91.0
2025-09-10,North America,Online,Media & Entertainment,Blu-ray Box Set,5,39.99,0.0,199.95,29.99,149.95,50.0
2025-09-10,UK & Ireland,Online,Electronics,USB-C Charger,6,19.99,0.0,119.94,10.99,65.94,54.0
2025-09-11,APAC,In-store,Beauty & Wellness,Vitamin C Serum,2,29.99,0.0,59.98,10.5,21.0,38.98
2025-09-11,APAC,In-store,Home & Kitchen,Cookware Set,5,129.99,0.25,487.46,84.49,422.45,65.01
2025-09-11,APAC,Online,Apparel,Wool Socks 3-pack,1,14.99,0.0,14.99,6.0,6.0,8.99
2025-09-11,APAC,Online,Electronics,Smart Speaker,4,49.99,0.0,199.96,34.99,139.96,60.0
2025-09-11,EMEA,In-store,Apparel,Wool Socks 3-pack,4,14.99,0.0,59.96,6.0,24.0,35.96
2025-09-11,EMEA,In-store,Electronics,Wireless Earbuds,6,79.99,0.0,479.94,51.99,311.94,168.0
2025-09-11,EMEA,In-store,Home & Kitchen,Cookware Set,3,129.99,0.0,389.97,84.49,253.47,136.5
2025-09-11,LATAM,In-store,Electronics,Wireless Earbuds,3,79.99,0.25,179.98,51.99,155.97,24.01
2025-09-11,LATAM,In-store,Media & Entertainment,Blu-ray Box Set,2,39.99,0.0,79.98,29.99,59.98,20.0
2025-09-11,LATAM,Online,Electronics,Wireless Earbuds,2,79.99,0.15,135.98,51.99,103.98,32.0
2025-09-11,LATAM,Online,Media & Entertainment,Board Game,4,34.99,0.2,111.97,19.24,76.96,35.01
2025-09-11,North America,Online,Beauty & Wellness,Collagen Powder,3,34.99,0.1,94.47,14.0,42.0,52.47
2025-09-11,North America,Online,Beauty & Wellness,Vitamin C Serum,5,29.99,0.0,149.95,10.5,52.5,97.45
2025-09-11,UK & Ireland,Online,Home & Kitchen,Air Fryer,4,89.99,0.2,287.97,62.99,251.96,36.01
2025-09-11,UK & Ireland,Online,Home & Kitchen,Cookware Set,5,129.99,0.1,584.96,84.49,422.45,162.51
2025-09-12,APAC,Online,Beauty & Wellness,Collagen Powder,3,34.99,0.0,104.97,14.0,42.0,62.97
2025-09-12,APAC,Online,Home & Kitchen,Cookware Set,4,129.99,0.0,519.96,84.49,337.96,182.0
2025-09-12,EMEA,In-store,Apparel,Denim Jacket,2,69.99,0.0,139.98,34.99,69.98,70.0
2025-09-12,EMEA,In-store,Apparel,Wool Socks 3-pack,5,14.99,0.2,59.96,6.0,30.0,29.96
2025-09-12,EMEA,In-store,Beauty & Wellness,Electric Toothbrush,7,59.99,0.0,419.93,32.99,230.93,189.0
2025-09-12,LATAM,In-store,Apparel,Denim Jacket,2,69.99,0.0,139.98,34.99,69.98,70.0
2025-09-12,LATAM,In-store,Electronics,Wireless Earbuds,4,79.99,0.0,319.96,51.99,207.96,112.0
2025-09-12,LATAM,Online,Media & Entertainment,Vinyl Record,1,27.99,0.0,27.99,16.79,16.79,11.2
2025-09-12,North America,Online,Apparel,Denim Jacket,3,69.99,0.0,209.97,34.99,104.97,105.0
2025-09-12,UK & Ireland,Online,Beauty & Wellness,Collagen Powder,1,34.99,0.0,34.99,14.0,14.0,20.99
2025-09-12,UK & Ireland,Online,Home & Kitchen,Cookware Set,3,129.99,0.0,389.97,84.49,253.47,136.5
2025-09-13,APAC,In-store,Beauty & Wellness,Electric Toothbrush,10,59.99,0.0,599.9,32.99,329.9,270.0
2025-09-13,APAC,In-store,Home & Kitchen,Air Fryer,10,89.99,0.0,899.9,62.99,629.9,270.0
2025-09-13,APAC,Online,Apparel,Wool Socks 3-pack,8,14.99,0.0,119.92,6.0,48.0,71.92
2025-09-13,APAC,Online,Media & Entertainment,Vinyl Record,3,27.99,0.0,83.97,16.79,50.37,33.6
2025-09-13,EMEA,In-store,Apparel,Running Tee,8,24.99,0.0,199.92,11.25,90.0,109.92
2025-09-13,EMEA,Online,Beauty & Wellness,Collagen Powder,5,34.99,0.0,174.95,14.0,70.0,104.95
2025-09-13,LATAM,In-store,Beauty & Wellness,Electric Toothbrush,3,59.99,0.1,161.97,32.99,98.97,63.0
2025-09-13,LATAM,Online,Beauty & Wellness,Collagen Powder,3,34.99,0.0,104.97,14.0,42.0,62.97
2025-09-13,LATAM,Online,Beauty & Wellness,Vitamin C Serum,5,29.99,0.0,149.95,10.5,52.5,97.45
2025-09-13,LATAM,Online,Electronics,USB-C Charger,4,19.99,0.15,67.97,10.99,43.96,24.01
2025-09-13,LATAM,Online,Media & Entertainment,Board Game,5,34.99,0.0,174.95,19.24,96.2,78.75
2025-09-13,North America,In-store,Apparel,Wool Socks 3-pack,10,14.99,0.0,149.9,6.0,60.0,89.9
2025-09-13,North America,In-store,Electronics,USB-C Charger,12,19.99,0.0,239.88,10.99,131.88,108.0
2025-09-13,North America,Online,Media & Entertainment,Blu-ray Box Set,2,39.99,0.0,79.98,29.99,59.98,20.0
2025-09-13,UK & Ireland,In-store,Electronics,USB-C Charger,10,19.99,0.0,199.9,10.99,109.9,90.0
2025-09-13,UK & Ireland,In-store,Home & Kitchen,Coffee Grinder,7,39.99,0.0,279.93,23.99,167.93,112.0
2025-09-13,UK & Ireland,In-store,Home & Kitchen,Cookware Set,3,129.99,0.0,389.97,84.49,253.47,136.5
2025-09-13,UK & Ireland,Online,Electronics,Wireless Earbuds,5,79.99,0.2,319.96,51.99,259.95,60.01
2025-09-13,UK & Ireland,Online,Media & Entertainment,Board Game,3,34.99,0.0,104.97,19.24,57.72,47.25
2025-09-13,UK & Ireland,Online,Media & Entertainment,Vinyl Record,3,27.99,0.25,62.98,16.79,50.37,12.61
2025-09-14,APAC,In-store,Electronics,Smart Speaker,6,49.99,0.0,299.94,34.99,209.94,90.0
2025-09-14,APAC,In-store,Home & Kitchen,Cookware Set,7,129.99,0.25,682.45,84.49,591.43,91.02
2025-09-14,APAC,In-store,Media & Entertainment,Blu-ray Box Set,4,39.99,0.1,143.96,29.99,119.96,24.0
2025-09-14,APAC,Online,Beauty & Wellness,Vitamin C Serum,1,29.99,0.2,23.99,10.5,10.5,13.49
2025-09-14,APAC,Online,Electronics,USB-C Charger,13,19.99,0.0,259.87,10.99,142.87,117.0
2025-09-14,APAC,Online,Home & Kitchen,Cookware Set,2,129.99,0.0,259.98,84.49,168.98,91.0
2025-09-14,EMEA,In-store,Apparel,Wool Socks 3-pack,8,14.99,0.0,119.92,6.0,48.0,71.92
2025-09-14,EMEA,Online,Home & Kitchen,Air Fryer,2,89.99,0.0,179.98,62.99,125.98,54.0
2025-09-14,EMEA,Online,Home & Kitchen,Cookware Set,1,129.99,0.0,129.99,84.49,84.49,45.5
2025-09-14,LATAM,Online,Electronics,USB-C Charger,4,19.99,0.0,79.96,10.99,43.96,36.0
2025-09-14,LATAM,Online,Electronics,Wireless Earbuds,3,79.99,0.2,191.98,51.99,155.97,36.01
2025-09-14,North America,In-store,Media & Entertainment,Blu-ray Box Set,2,39.99,0.0,79.98,29.99,59.98,20.0
2025-09-14,North America,Online,Media & Entertainment,Vinyl Record,1,27.99,0.15,23.79,16.79,16.79,7.0
2025-09-14,UK & Ireland,Online,Beauty & Wellness,Collagen Powder,6,34.99,0.1,188.95,14.0,84.0,104.95
2025-09-14,UK & Ireland,Online,Media & Entertainment,Board Game,4,34.99,0.0,139.96,19.24,76.96,63.0
2025-09-15,APAC,Online,Apparel,Denim Jacket,3,69.99,0.2,167.98,34.99,104.97,63.01
2025-09-15,EMEA,In-store,Apparel,Denim Jacket,5,69.99,0.1,314.95,34.99,174.95,140.0
2025-09-15,EMEA,In-store,Apparel,Wool Socks 3-pack,5,14.99,0.15,63.71,6.0,30.0,33.71
2025-09-15,EMEA,In-store,Home & Kitchen,Air Fryer,7,89.99,0.0,629.93,62.99,440.93,189.0
2025-09-15,EMEA,In-store,Media & Entertainment,Vinyl Record,2,27.99,0.0,55.98,16.79,33.58,22.4
2025-09-15,EMEA,Online,Apparel,Denim Jacket,3,69.99,0.2,167.98,34.99,104.97,63.01
2025-09-15,EMEA,Online,Beauty & Wellness,Electric Toothbrush,2,59.99,0.0,119.98,32.99,65.98,54.0
2025-09-15,LATAM,In-store,Electronics,Smart Speaker,3,49.99,0.0,149.97,34.99,104.97,45.0
2025-09-15,LATAM,Online,Electronics,Smart Speaker,1,49.99,0.0,49.99,34.99,34.99,15.0
2025-09-15,North America,In-store,Media & Entertainment,Board Game,2,34.99,0.0,69.98,19.24,38.48,31.5
2025-09-15,North America,Online,Apparel,Running Tee,3,24.99,0.0,74.97,11.25,33.75,41.22
2025-09-15,UK & Ireland,In-store,Media & Entertainment,Vinyl Record,2,27.99,0.0,55.98,16.79,33.58,22.4
2025-09-15,UK & Ireland,Online,Electronics,Wireless Earbuds,4,79.99,0.0,319.96,51.99,207.96,112.0
2025-09-15,UK & Ireland,Online,Media & Entertainment,Blu-ray Box Set,1,39.99,0.0,39.99,29.99,29.99,10.0
2025-09-16,APAC,In-store,Apparel,Running Tee,3,24.99,0.0,74.97,11.25,33.75,41.22
2025-09-16,APAC,In-store,Beauty & Wellness,Electric Toothbrush,6,59.99,0.1,323.95,32.99,197.94,126.01
2025-09-16,APAC,In-store,Home & Kitchen,Cookware Set,1,129.99,0.0,129.99,84.49,84.49,45.5
2025-09-16,APAC,Online,Beauty & Wellness,Collagen Powder,5,34.99,0.0,174.95,14.0,70.0,104.95
2025-09-16,APAC,Online,Electronics,USB-C Charger,8,19.99,0.15,135.93,10.99,87.92,48.01
2025-09-16,EMEA,In-store,Electronics,USB-C Charger,6,19.99,0.2,95.95,10.99,65.94,30.01
2025-09-16,EMEA,Online,Electronics,Smart Speaker,5,49.99,0.25,187.46,34.99,174.95,12.51
2025-09-16,LATAM,Online,Apparel,Denim Jacket,2,69.99,0.0,139.98,34.99,69.98,70.0
2025-09-16,LATAM,Online,Beauty & Wellness,Collagen Powder,2,34.99,0.0,69.98,14.0,28.0,41.98
2025-09-16,LATAM,Online,Home & Kitchen,Coffee Grinder,5,39.99,0.15,169.96,23.99,119.95,50.01
2025-09-16,LATAM,Online,Home & Kitchen,Cookware Set,2,129.99,0.0,259.98,84.49,168.98,91.0
2025-09-16,North America,In-store,Home & Kitchen,Coffee Grinder,7,39.99,0.1,251.94,23.99,167.93,84.01
2025-09-16,UK & Ireland,In-store,Home & Kitchen,Air Fryer,6,89.99,0.15,458.95,62.99,377.94,81.01
2025-09-16,UK & Ireland,In-store,Media & Entertainment,Vinyl Record,4,27.99,0.0,111.96,16.79,67.16,44.8
2025-09-16,UK & Ireland,Online,Beauty & Wellness,Electric Toothbrush,5,59.99,0.0,299.95,32.99,164.95,135.0
2025-09-17,APAC,In-store,Apparel,Wool Socks 3-pack,9,14.99,0.25,101.18,6.0,54.0,47.18
2025-09-17,APAC,Online,Home & Kitchen,Air Fryer,2,89.99,0.0,179.98,62.99,125.98,54.0
2025-09-17,APAC,Online,Home & Kitchen,Cookware Set,1,129.99,0.0,129.99,84.49,84.49,45.5
2025-09-17,EMEA,In-store,Apparel,Wool Socks 3-pack,8,14.99,0.15,101.93,6.0,48.0,53.93
2025-09-17,UK & Ireland,Online,Beauty & Wellness,Electric Toothbrush,2,59.99,0.0,119.98,32.99,65.98,54.0
2025-09-17,UK & Ireland,Online,Electronics,USB-C Charger,5,19.99,0.0,99.95,10.99,54.95,45.0
2025-09-18,APAC,Online,Media & Entertainment,Blu-ray Box Set,7,39.99,0.0,279.93,29.99,209.93,70.0
2025-09-18,EMEA,In-store,Beauty & Wellness,Vitamin C Serum,3,29.99,0.2,71.98,10.5,31.5,40.48
2025-09-18,EMEA,Online,Apparel,Denim Jacket,4,69.99,0.0,279.96,34.99,139.96,140.0
2025-09-18,EMEA,Online,Beauty & Wellness,Electric Toothbrush,5,59.99,0.0,299.95,32.99,164.95,135.0
2025-09-18,EMEA,Online,Electronics,USB-C Charger,6,19.99,0.0,119.94,10.99,65.94,54.0
2025-09-18,LATAM,In-store,Apparel,Denim Jacket,2,69.99,0.25,104.98,34.99,69.98,35.0
2025-09-18,LATAM,In-store,Home & Kitchen,Cookware Set,2,129.99,0.0,259.98,84.49,168.98,91.0
2025-09-18,LATAM,Online,Electronics,Wireless Earbuds,1,79.99,0.0,79.99,51.99,51.99,28.0
2025-09-18,North America,In-store,Home & Kitchen,Air Fryer,15,89.99,0.15,1147.37,62.99,944.85,202.52
2025-09-18,North America,In-store,Media & Entertainment,Vinyl Record,8,27.99,0.0,223.92,16.79,134.32,89.6
2025-09-18,North America,Online,Apparel,Denim Jacket,5,69.99,0.25,262.46,34.99,174.95,87.51
2025-09-18,UK & Ireland,In-store,Home & Kitchen,Cookware Set,5,129.99,0.0,649.95,84.49,422.45,227.5
2025-09-19,APAC,In-store,Beauty & Wellness,Vitamin C Serum,13,29.99,0.15,331.39,10.5,136.5,194.89
2025-09-19,APAC,In-store,Electronics,USB-C Charger,11,19.99,0.15,186.91,10.99,120.89,66.02
2025-09-19,APAC,In-store,Electronics,Wireless Earbuds,13,79.99,0.25,779.9,51.99,675.87,104.03
2025-09-19,APAC,In-store,Media & Entertainment,Board Game,6,34.99,0.1,188.95,19.24,115.44,73.51
2025-09-19,APAC,Online,Apparel,Running Tee,2,24.99,0.0,49.98,11.25,22.5,27.48
2025-09-19,APAC,Online,Apparel,Wool Socks 3-pack,2,14.99,0.2,23.98,6.0,12.0,11.98
2025-09-19,EMEA,In-store,Beauty & Wellness,Collagen Powder,9,34.99,0.0,314.91,14.0,126.0,188.91
2025-09-19,EMEA,In-store,Home & Kitchen,Air Fryer,4,89.99,0.15,305.97,62.99,251.96,54.01
2025-09-19,LATAM,In-store,Apparel,Wool Socks 3-pack,4,14.99,0.25,44.97,6.0,24.0,20.97
2025-09-19,LATAM,In-store,Beauty & Wellness,Collagen Powder,4,34.99,0.0,139.96,14.0,56.0,83.96
2025-09-19,LATAM,In-store,Media & Entertainment,Board Game,7,34.99,0.0,244.93,19.24,134.68,110.25
2025-09-19,LATAM,Online,Home & Kitchen,Air Fryer,2,89.99,0.25,134.98,62.99,125.98,9.0
2025-09-19,LATAM,Online,Media & Entertainment,Board Game,1,34.99,0.0,34.99,19.24,19.24,15.75
2025-09-19,North America,In-store,Electronics,Smart Speaker,6,49.99,0.1,269.95,34.99,209.94,60.01
2025-09-19,North America,In-store,Home & Kitchen,Coffee Grinder,4,39.99,0.25,119.97,23.99,95.96,24.01
2025-09-19,North America,In-store,Home & Kitchen,Cookware Set,9,129.99,0.0,1169.91,84.49,760.41,409.5
2025-09-19,UK & Ireland,In-store,Home & Kitchen,Coffee Grinder,4,39.99,0.25,119.97,23.99,95.96,24.01
2025-09-20,APAC,In-store,Beauty & Wellness,Vitamin C Serum,8,29.99,0.15,203.93,10.5,84.0,119.93
2025-09-20,APAC,In-store,Home & Kitchen,Air Fryer,6,89.99,0.1,485.95,62.99,377.94,108.01
2025-09-20,APAC,Online,Electronics,Wireless Earbuds,5,79.99,0.15,339.96,51.99,259.95,80.01
2025-09-20,EMEA,In-store,Beauty & Wellness,Electric Toothbrush,4,59.99,0.0,239.96,32.99,131.96,108.0
2025-09-20,EMEA,In-store,Home & Kitchen,Cookware Set,2,129.99,0.1,233.98,84.49,168.98,65.0
2025-09-20,EMEA,In-store,Media & Entertainment,Vinyl Record,3,27.99,0.1,75.57,16.79,50.37,25.2
2025-09-20,EMEA,Online,Electronics,Wireless Earbuds,5,79.99,0.0,399.95,51.99,259.95,140.0
2025-09-20,LATAM,In-store,Beauty & Wellness,Collagen Powder,7,34.99,0.2,195.94,14.0,98.0,97.94
2025-09-20,LATAM,In-store,Electronics,Smart Speaker,7,49.99,0.0,349.93,34.99,244.93,105.0
2025-09-20,LATAM,Online,Apparel,Running Tee,2,24.99,0.25,37.48,11.25,22.5,14.98
2025-09-20,LATAM,Online,Media & Entertainment,Vinyl Record,1,27.99,0.2,22.39,16.79,16.79,5.6
2025-09-20,North America,In-store,Home & Kitchen,Air Fryer,12,89.99,0.0,1079.88,62.99,755.88,324.0
2025-09-20,UK & Ireland,In-store,Media & Entertainment,Board Game,3,34.99,0.0,104.97,19.24,57.72,47.25
2025-09-20,UK & Ireland,Online,Apparel,Denim Jacket,4,69.99,0.25,209.97,34.99,139.96,70.01
2025-09-20,UK & Ireland,Online,Beauty & Wellness,Electric Toothbrush,4,59.99,0.0,239.96,32.99,131.96,108.0
2025-09-20,UK & Ireland,Online,Electronics,Smart Speaker,3,49.99,0.1,134.97,34.99,104.97,30.0
2025-09-20,UK & Ireland,Online,Electronics,USB-C Charger,4,19.99,0.0,79.96,10.99,43.96,36.0
2025-09-20,UK & Ireland,Online,Home & Kitchen,Coffee Grinder,5,39.99,0.0,199.95,23.99,119.95,80.0
2025-09-21,APAC,In-store,Home & Kitchen,Coffee Grinder,10,39.99,0.0,399.9,23.99,239.9,160.0
2025-09-21,APAC,In-store,Home & Kitchen,Cookware Set,3,129.99,0.0,389.97,84.49,253.47,136.5
2025-09-21,EMEA,In-store,Apparel,Running Tee,6,24.99,0.0,149.94,11.25,67.5,82.44
2025-09-21,EMEA,In-store,Home & Kitchen,Coffee Grinder,5,39.99,0.0,199.95,23.99,119.95,80.0
2025-09-21,EMEA,In-store,Media & Entertainment,Board Game,6,34.99,0.0,209.94,19.24,115.44,94.5
2025-09-21,EMEA,Online,Home & Kitchen,Coffee Grinder,3,39.99,0.0,119.97,23.99,71.97,48.0
2025-09-21,EMEA,Online,Media & Entertainment,Vinyl Record,1,27.99,0.0,27.99,16.79,16.79,11.2
2025-09-21,North America,Online,Electronics,USB-C Charger,15,19.99,0.15,254.87,10.99,164.85,90.02
2025-09-21,UK & Ireland,In-store,Beauty & Wellness,Collagen Powder,5,34.99,0.2,139.96,14.0,70.0,69.96
2025-09-21,UK & Ireland,Online,Apparel,Denim Jacket,2,69.99,0.0,139.98,34.99,69.98,70.0
2025-09-21,UK & Ireland,Online,Home & Kitchen,Air Fryer,7,89.99,0.0,629.93,62.99,440.93,189.0
2025-09-21,UK & Ireland,Online,Media & Entertainment,Blu-ray Box Set,2,39.99,0.1,71.98,29.99,59.98,12.0
2025-09-22,APAC,In-store,Home & Kitchen,Coffee Grinder,6,39.99,0.0,239.94,23.99,143.94,96.0
2025-09-22,APAC,Online,Media & Entertainment,Vinyl Record,1,27.99,0.0,27.99,16.79,16.79,11.2
2025-09-22,EMEA,In-store,Electronics,Wireless Earbuds,9,79.99,0.0,719.91,51.99,467.91,252.0
2025-09-22,EMEA,Online,Media & Entertainment,Board Game,5,34.99,0.0,174.95,19.24,96.2,78.75
2025-09-22,LATAM,Online,Media & Entertainment,Board Game,2,34.99,0.0,69.98,19.24,38.48,31.5
2025-09-22,North America,In-store,Electronics,Wireless Earbuds,10,79.99,0.25,599.92,51.99,519.9,80.02
2025-09-22,North America,Online,Media & Entertainment,Blu-ray Box Set,2,39.99,0.0,79.98,29.99,59.98,20.0
2025-09-22,North America,Online,Media & Entertainment,Vinyl Record,6,27.99,0.2,134.35,16.79,100.74,33.61
2025-09-22,UK & Ireland,In-store,Beauty & Wellness,Vitamin C Serum,4,29.99,0.25,89.97,10.5,42.0,47.97
2025-09-22,UK & Ireland,Online,Apparel,Running Tee,6,24.99,0.1,134.95,11.25,67.5,67.45
2025-09-22,UK & Ireland,Online,Apparel,Wool Socks 3-pack,3,14.99,0.0,44.97,6.0,18.0,26.97
2025-09-23,EMEA,Online,Apparel,Wool Socks 3-pack,3,14.99,0.0,44.97,6.0,18.0,26.97
2025-09-23,EMEA,Online,Beauty & Wellness,Collagen Powder,1,34.99,0.0,34.99,14.0,14.0,20.99
2025-09-23,EMEA,Online,Beauty & Wellness,Electric Toothbrush,9,59.99,0.0,539.91,32.99,296.91,243.0
2025-09-23,EMEA,Online,Home & Kitchen,Air Fryer,4,89.99,0.0,359.96,62.99,251.96,108.0
2025-09-23,North America,In-store,Media & Entertainment,Blu-ray Box Set,6,39.99,0.0,239.94,29.99,179.94,60.0
2025-09-23,North America,In-store,Media & Entertainment,Vinyl Record,3,27.99,0.1,75.57,16.79,50.37,25.2
2025-09-23,North America,Online,Apparel,Running Tee,4,24.99,0.0,99.96,11.25,45.0,54.96
2025-09-23,North America,Online,Apparel,Wool Socks 3-pack,10,14.99,0.0,149.9,6.0,60.0,89.9
2025-09-23,North America,Online,Beauty & Wellness,Electric Toothbrush,4,59.99,0.0,239.96,32.99,131.96,108.0
2025-09-23,North America,Online,Electronics,Wireless Earbuds,9,79.99,0.0,719.91,51.99,467.91,252.0
2025-09-23,North America,Online,Media & Entertainment,Vinyl Record,3,27.99,0.0,83.97,16.79,50.37,33.6
2025-09-23,UK & Ireland,In-store,Beauty & Wellness,Collagen Powder,8,34.99,0.0,279.92,14.0,112.0,167.92
2025-09-23,UK & Ireland,In-store,Beauty & Wellness,Electric Toothbrush,6,59.99,0.0,359.94,32.99,197.94,162.0
2025-09-23,UK & Ireland,Online,Home & Kitchen,Air Fryer,6,89.99,0.0,539.94,62.99,377.94,162.0
2025-09-23,UK & Ireland,Online,Home & Kitchen,Cookware Set,3,129.99,0.0,389.97,84.49,253.47,136.5
2025-09-23,UK & Ireland,Online,Media & Entertainment,Vinyl Record,3,27.99,0.15,71.37,16.79,50.37,21.0
2025-09-24,APAC,In-store,Apparel,Denim Jacket,2,69.99,0.0,139.98,34.99,69.98,70.0
2025-09-24,APAC,In-store,Media & Entertainment,Board Game,2,34.99,0.2,55.98,19.24,38.48,17.5
2025-09-24,APAC,Online,Apparel,Running Tee,7,24.99,0.0,174.93,11.25,78.75,96.18
2025-09-24,APAC,Online,Home & Kitchen,Cookware Set,3,129.99,0.0,389.97,84.49,253.47,136.5
2025-09-24,EMEA,In-store,Beauty & Wellness,Collagen Powder,4,34.99,0.0,139.96,14.0,56.0,83.96
2025-09-24,EMEA,In-store,Beauty & Wellness,Electric Toothbrush,6,59.99,0.0,359.94,32.99,197.94,162.0
2025-09-24,EMEA,Online,Beauty & Wellness,Electric Toothbrush,4,59.99,0.1,215.96,32.99,131.96,84.0
2025-09-24,EMEA,Online,Home & Kitchen,Coffee Grinder,3,39.99,0.1,107.97,23.99,71.97,36.0
2025-09-24,LATAM,In-store,Home & Kitchen,Cookware Set,2,129.99,0.0,259.98,84.49,168.98,91.0
2025-09-24,North America,In-store,Apparel,Running Tee,14,24.99,0.15,297.38,11.25,157.5,139.88
2025-09-24,North America,In-store,Beauty & Wellness,Electric Toothbrush,5,59.99,0.1,269.95,32.99,164.95,105.0
2025-09-24,North America,In-store,Beauty & Wellness,Vitamin C Serum,7,29.99,0.0,209.93,10.5,73.5,136.43
2025-09-24,UK & Ireland,In-store,Apparel,Running Tee,5,24.99,0.0,124.95,11.25,56.25,68.7
2025-09-24,UK & Ireland,In-store,Home & Kitchen,Coffee Grinder,6,39.99,0.25,179.95,23.99,143.94,36.01
2025-09-25,APAC,In-store,Apparel,Running Tee,11,24.99,0.25,206.17,11.25,123.75,82.42
2025-09-25,APAC,In-store,Apparel,Wool Socks 3-pack,2,14.99,0.0,29.98,6.0,12.0,17.98
2025-09-25,APAC,In-store,Media & Entertainment,Vinyl Record,4,27.99,0.0,111.96,16.79,67.16,44.8
2025-09-25,EMEA,In-store,Beauty & Wellness,Collagen Powder,7,34.99,0.1,220.44,14.0,98.0,122.44
2025-09-25,EMEA,Online,Media & Entertainment,Blu-ray Box Set,2,39.99,0.15,67.98,29.99,59.98,8.0
2025-09-25,EMEA,Online,Media & Entertainment,Board Game,4,34.99,0.1,125.96,19.24,76.96,49.0
2025-09-25,LATAM,In-store,Electronics,Smart Speaker,1,49.99,0.15,42.49,34.99,34.99,7.5
2025-09-25,LATAM,Online,Home & Kitchen,Cookware Set,2,129.99,0.1,233.98,84.49,168.98,65.0
2025-09-25,North America,Online,Electronics,Smart Speaker,14,49.99,0.0,699.86,34.99,489.86,210.0
2025-09-25,UK & Ireland,In-store,Beauty & Wellness,Vitamin C Serum,2,29.99,0.15,50.98,10.5,21.0,29.98
2025-09-25,UK & Ireland,In-store,Electronics,USB-C Charger,14,19.99,0.0,279.86,10.99,153.86,126.0
2025-09-25,UK & Ireland,In-store,Media & Entertainment,Board Game,7,34.99,0.0,244.93,19.24,134.68,110.25
2025-09-25,UK & Ireland,Online,Electronics,Smart Speaker,3,49.99,0.1,134.97,34.99,104.97,30.0
2025-09-26,APAC,In-store,Home & Kitchen,Cookware Set,3,129.99,0.0,389.97,84.49,253.47,136.5
2025-09-26,EMEA,In-store,Apparel,Denim Jacket,6,69.99,0.25,314.95,34.99,209.94,105.01
2025-09-26,EMEA,In-store,Apparel,Running Tee,6,24.99,0.0,149.94,11.25,67.5,82.44
2025-09-26,EMEA,In-store,Beauty & Wellness,Collagen Powder,6,34.99,0.25,157.45,14.0,84.0,73.45
2025-09-26,EMEA,Online,Electronics,Wireless Earbuds,12,79.99,0.0,959.88,51.99,623.88,336.0
2025-09-26,LATAM,In-store,Apparel,Denim Jacket,4,69.99,0.1,251.96,34.99,139.96,112.0
2025-09-26,North America,In-store,Electronics,Smart Speaker,4,49.99,0.0,199.96,34.99,139.96,60.0
2025-09-26,North America,Online,Media & Entertainment,Board Game,6,34.99,0.0,209.94,19.24,115.44,94.5
2025-09-26,UK & Ireland,Online,Apparel,Wool Socks 3-pack,3,14.99,0.15,38.22,6.0,18.0,20.22
2025-09-26,UK & Ireland,Online,Beauty & Wellness,Vitamin C Serum,6,29.99,0.1,161.95,10.5,63.0,98.95
2025-09-27,APAC,In-store,Electronics,USB-C Charger,12,19.99,0.2,191.9,10.99,131.88,60.02
2025-09-27,APAC,Online,Beauty & Wellness,Vitamin C Serum,5,29.99,0.0,149.95,10.5,52.5,97.45
2025-09-27,APAC,Online,Electronics,Smart Speaker,4,49.99,0.1,179.96,34.99,139.96,40.0
2025-09-27,EMEA,Online,Media & Entertainment,Board Game,1,34.99,0.0,34.99,19.24,19.24,15.75
2025-09-27,LATAM,In-store,Electronics,Wireless Earbuds,4,79.99,0.2,255.97,51.99,207.96,48.01
2025-09-27,LATAM,In-store,Home & Kitchen,Cookware Set,3,129.99,0.25,292.48,84.49,253.47,39.01
2025-09-27,LATAM,Online,Apparel,Running Tee,4,24.99,0.1,89.96,11.25,45.0,44.96
2025-09-27,North America,Online,Media & Entertainment,Vinyl Record,12,27.99,0.0,335.88,16.79,201.48,134.4
2025-09-27,UK & Ireland,Online,Apparel,Wool Socks 3-pack,6,14.99,0.0,89.94,6.0,36.0,53.94
2025-09-28,APAC,In-store,Home & Kitchen,Coffee Grinder,3,39.99,0.0,119.97,23.99,71.97,48.0
2025-09-28,APAC,Online,Beauty & Wellness,Vitamin C Serum,5,29.99,0.0,149.95,10.5,52.5,97.45
2025-09-28,EMEA,In-store,Apparel,Denim Jacket,2,69.99,0.15,118.98,34.99,69.98,49.0
2025-09-28,EMEA,In-store,Home & Kitchen,Air Fryer,8,89.99,0.0,719.92,62.99,503.92,216.0
2025-09-28,EMEA,In-store,Home & Kitchen,Coffee Grinder,3,39.99,0.0,119.97,23.99,71.97,48.0
2025-09-28,EMEA,Online,Media & Entertainment,Blu-ray Box Set,5,39.99,0.1,179.96,29.99,149.95,30.01
2025-09-28,LATAM,In-store,Home & Kitchen,Air Fryer,4,89.99,0.15,305.97,62.99,251.96,54.01
2025-09-28,LATAM,In-store,Media & Entertainment,Blu-ray Box Set,7,39.99,0.0,279.93,29.99,209.93,70.0
2025-09-28,LATAM,Online,Apparel,Running Tee,8,24.99,0.15,169.93,11.25,90.0,79.93
2025-09-28,LATAM,Online,Electronics,Wireless Earbuds,5,79.99,0.0,399.95,51.99,259.95,140.0
2025-09-28,North America,In-store,Apparel,Denim Jacket,4,69.99,0.0,279.96,34.99,139.96,140.0
2025-09-28,North America,In-store,Electronics,USB-C Charger,15,19.99,0.0,299.85,10.99,164.85,135.0
2025-09-28,North America,In-store,Media & Entertainment,Blu-ray Box Set,3,39.99,0.0,119.97,29.99,89.97,30.0
2025-09-28,North America,Online,Apparel,Running Tee,9,24.99,0.0,224.91,11.25,101.25,123.66
2025-09-28,North America,Online,Electronics,USB-C Charger,6,19.99,0.0,119.94,10.99,65.94,54.0
2025-09-28,UK & Ireland,In-store,Media & Entertainment,Blu-ray Box Set,1,39.99,0.0,39.99,29.99,29.99,10.0
2025-09-29,APAC,In-store,Beauty & Wellness,Electric Toothbrush,3,59.99,0.0,179.97,32.99,98.97,81.0
2025-09-29,APAC,Online,Electronics,USB-C Charger,9,19.99,0.1,161.92,10.99,98.91,63.01
2025-09-29,APAC,Online,Electronics,Wireless Earbuds,7,79.99,0.0,559.93,51.99,363.93,196.0
2025-09-29,APAC,Online,Media & Entertainment,Blu-ray Box Set,1,39.99,0.0,39.99,29.99,29.99,10.0
2025-09-29,EMEA,In-store,Electronics,Smart Speaker,7,49.99,0.0,349.93,34.99,244.93,105.0
2025-09-29,EMEA,Online,Apparel,Denim Jacket,2,69.99,0.0,139.98,34.99,69.98,70.0
2025-09-29,LATAM,Online,Apparel,Running Tee,4,24.99,0.2,79.97,11.25,45.0,34.97
2025-09-29,North America,In-store,Apparel,Running Tee,7,24.99,0.0,174.93,11.25,78.75,96.18
2025-09-29,North America,In-store,Media & Entertainment,Vinyl Record,5,27.99,0.1,125.95,16.79,83.95,42.0
2025-09-29,North America,Online,Apparel,Denim Jacket,5,69.99,0.15,297.46,34.99,174.95,122.51
2025-09-29,UK & Ireland,In-store,Home & Kitchen,Coffee Grinder,1,39.99,0.0,39.99,23.99,23.99,16.0
2025-09-29,UK & Ireland,In-store,Home & Kitchen,Cookware Set,3,129.99,0.25,292.48,84.49,253.47,39.01
2025-09-30,APAC,In-store,Apparel,Denim Jacket,4,69.99,0.0,279.96,34.99,139.96,140.0
2025-09-30,APAC,In-store,Beauty & Wellness,Collagen Powder,4,34.99,0.0,139.96,14.0,56.0,83.96
2025-09-30,APAC,In-store,Home & Kitchen,Cookware Set,1,129.99,0.25,97.49,84.49,84.49,13.0
2025-09-30,North America,In-store,Beauty & Wellness,Vitamin C Serum,7,29.99,0.15,178.44,10.5,73.5,104.94
2025-09-30,North America,In-store,Electronics,Wireless Earbuds,10,79.99,0.0,799.9,51.99,519.9,280.0
2025-09-30,North America,Online,Beauty & Wellness,Vitamin C Serum,5,29.99,0.0,149.95,10.5,52.5,97.45
2025-09-30,UK & Ireland,In-store,Electronics,USB-C Charger,8,19.99,0.15,135.93,10.99,87.92,48.01
2025-10-01,APAC,In-store,Electronics,Wireless Earbuds,15,79.99,0.0,1199.85,51.99,779.85,420.0
2025-10-01,APAC,In-store,Home & Kitchen,Coffee Grinder,4,39.99,0.1,143.96,23.99,95.96,48.0
2025-10-01,APAC,Online,Electronics,Smart Speaker,4,49.99,0.1,179.96,34.99,139.96,40.0
2025-10-01,APAC,Online,Media & Entertainment,Blu-ray Box Set,5,39.99,0.1,179.96,29.99,149.95,30.01
2025-10-01,EMEA,In-store,Apparel,Running Tee,9,24.99,0.0,224.91,11.25,101.25,123.66
2025-10-01,EMEA,In-store,Apparel,Wool Socks 3-pack,5,14.99,0.0,74.95,6.0,30.0,44.95
2025-10-01,EMEA,In-store,Media & Entertainment,Vinyl Record,3,27.99,0.2,67.18,16.79,50.37,16.81
2025-10-01,EMEA,Online,Home & Kitchen,Cookware Set,5,129.99,0.0,649.95,84.49,422.45,227.5
2025-10-01,EMEA,Online,Media & Entertainment,Blu-ray Box Set,4,39.99,0.0,159.96,29.99,119.96,40.0
2025-10-01,LATAM,In-store,Apparel,Running Tee,6,24.99,0.0,149.94,11.25,67.5,82.44
2025-10-01,LATAM,In-store,Media & Entertainment,Blu-ray Box Set,3,39.99,0.1,107.97,29.99,89.97,18.0
2025-10-01,North America,In-store,Beauty & Wellness,Vitamin C Serum,14,29.99,0.0,419.86,10.5,147.0,272.86
2025-10-01,North America,Online,Apparel,Wool Socks 3-pack,7,14.99,0.1,94.44,6.0,42.0,52.44
2025-10-01,North America,Online,Home & Kitchen,Air Fryer,5,89.99,0.0,449.95,62.99,314.95,135.0
2025-10-01,North America,Online,Media & Entertainment,Vinyl Record,3,27.99,0.15,71.37,16.79,50.37,21.0
2025-10-02,APAC,In-store,Electronics,Wireless Earbuds,9,79.99,0.25,539.93,51.99,467.91,72.02
2025-10-02,APAC,In-store,Media & Entertainment,Board Game,3,34.99,0.0,104.97,19.24,57.72,47.25
2025-10-02,APAC,Online,Electronics,USB-C Charger,10,19.99,0.1,179.91,10.99,109.9,70.01
2025-10-02,EMEA,Online,Apparel,Wool Socks 3-pack,3,14.99,0.1,40.47,6.0,18.0,22.47
2025-10-02,EMEA,Online,Beauty & Wellness,Electric Toothbrush,8,59.99,0.0,479.92,32.99,263.92,216.0
2025-10-02,EMEA,Online,Electronics,Wireless Earbuds,1,79.99,0.2,63.99,51.99,51.99,12.0
2025-10-02,LATAM,Online,Beauty & Wellness,Vitamin C Serum,5,29.99,0.0,149.95,10.5,52.5,97.45
2025-10-02,North America,In-store,Electronics,Smart Speaker,10,49.99,0.15,424.92,34.99,349.9,75.02
2025-10-02,North America,Online,Apparel,Wool Socks 3-pack,5,14.99,0.1,67.45,6.0,30.0,37.45
2025-10-02,North America,Online,Media & Entertainment,Blu-ray Box Set,2,39.99,0.1,71.98,29.99,59.98,12.0
2025-10-02,UK & Ireland,Online,Beauty & Wellness,Electric Toothbrush,2,59.99,0.0,119.98,32.99,65.98,54.0
2025-10-03,APAC,In-store,Apparel,Denim Jacket,2,69.99,0.1,125.98,34.99,69.98,56.0
2025-10-03,APAC,In-store,Electronics,Smart Speaker,6,49.99,0.25,224.95,34.99,209.94,15.01
2025-10-03,APAC,Online,Home & Kitchen,Air Fryer,3,89.99,0.0,269.97,62.99,188.97,81.0
2025-10-03,EMEA,In-store,Media & Entertainment,Board Game,2,34.99,0.2,55.98,19.24,38.48,17.5
2025-10-03,EMEA,Online,Apparel,Denim Jacket,4,69.99,0.15,237.97,34.99,139.96,98.01
2025-10-03,EMEA,Online,Apparel,Running Tee,8,24.99,0.0,199.92,11.25,90.0,109.92
2025-10-03,LATAM,In-store,Media & Entertainment,Vinyl Record,3,27.99,0.0,83.97,16.79,50.37,33.6
2025-10-03,North America,In-store,Beauty & Wellness,Collagen Powder,6,34.99,0.0,209.94,14.0,84.0,125.94
2025-10-03,North America,In-store,Beauty & Wellness,Electric Toothbrush,5,59.99,0.0,299.95,32.99,164.95,135.0
2025-10-03,North America,Online,Electronics,USB-C Charger,9,19.99,0.25,134.93,10.99,98.91,36.02
2025-10-03,UK & Ireland,In-store,Apparel,Running Tee,7,24.99,0.0,174.93,11.25,78.75,96.18
2025-10-03,UK & Ireland,In-store,Beauty & Wellness,Electric Toothbrush,8,59.99,0.0,479.92,32.99,263.92,216.0
2025-10-04,APAC,In-store,Beauty & Wellness,Electric Toothbrush,14,59.99,0.0,839.86,32.99,461.86,378.0
2025-10-04,APAC,Online,Apparel,Running Tee,7,24.99,0.0,174.93,11.25,78.75,96.18
2025-10-04,EMEA,In-store,Electronics,USB-C Charger,13,19.99,0.0,259.87,10.99,142.87,117.0
2025-10-04,EMEA,In-store,Media & Entertainment,Blu-ray Box Set,5,39.99,0.1,179.96,29.99,149.95,30.01
2025-10-04,EMEA,Online,Home & Kitchen,Coffee Grinder,5,39.99,0.1,179.96,23.99,119.95,60.01
2025-10-04,LATAM,Online,Electronics,Wireless Earbuds,4,79.99,0.25,239.97,51.99,207.96,32.01
2025-10-04,LATAM,Online,Home & Kitchen,Air Fryer,4,89.99,0.0,359.96,62.99,251.96,108.0
2025-10-04,LATAM,Online,Home & Kitchen,Coffee Grinder,3,39.99,0.15,101.97,23.99,71.97,30.0
2025-10-04,North America,Online,Home & Kitchen,Cookware Set,4,129.99,0.15,441.97,84.49,337.96,104.01
2025-10-04,UK & Ireland,In-store,Beauty & Wellness,Collagen Powder,5,34.99,0.0,174.95,14.0,70.0,104.95
2025-10-04,UK & Ireland,In-store,Home & Kitchen,Air Fryer,7,89.99,0.0,629.93,62.99,440.93,189.0
2025-10-04,UK & Ireland,In-store,Home & Kitchen,Coffee Grinder,8,39.99,0.0,319.92,23.99,191.92,128.0
2025-10-05,APAC,In-store,Media & Entertainment,Board Game,6,34.99,0.0,209.94,19.24,115.44,94.5
2025-10-05,EMEA,Online,Apparel,Denim Jacket,2,69.99,0.2,111.98,34.99,69.98,42.0
2025-10-05,EMEA,Online,Home & Kitchen,Cookware Set,1,129.99,0.0,129.99,84.49,84.49,45.5
2025-10-05,LATAM,In-store,Apparel,Wool Socks 3-pack,6,14.99,0.0,89.94,6.0,36.0,53.94
2025-10-05,LATAM,In-store,Home & Kitchen,Coffee Grinder,1,39.99,0.0,39.99,23.99,23.99,16.0
2025-10-05,LATAM,In-store,Home & Kitchen,Cookware Set,4,129.99,0.2,415.97,84.49,337.96,78.01
2025-10-05,LATAM,Online,Beauty & Wellness,Collagen Powder,3,34.99,0.15,89.22,14.0,42.0,47.22
2025-10-05,LATAM,Online,Media & Entertainment,Blu-ray Box Set,1,39.99,0.2,31.99,29.99,29.99,2.0
2025-10-05,North America,In-store,Home & Kitchen,Air Fryer,12,89.99,0.0,1079.88,62.99,755.88,324.0
2025-10-05,North America,Online,Electronics,Smart Speaker,4,49.99,0.0,199.96,34.99,139.96,60.0
2025-10-05,UK & Ireland,In-store,Apparel,Running Tee,11,24.99,0.2,219.91,11.25,123.75,96.16
2025-10-05,UK & Ireland,Online,Media & Entertainment,Blu-ray Box Set,3,39.99,0.2,95.98,29.99,89.97,6.01
2025-10-06,APAC,Online,Electronics,USB-C Charger,9,19.99,0.0,179.91,10.99,98.91,81.0
2025-10-06,EMEA,Online,Apparel,Denim Jacket,1,69.99,0.0,69.99,34.99,34.99,35.0
2025-10-06,EMEA,Online,Beauty & Wellness,Vitamin C Serum,15,29.99,0.1,404.86,10.5,157.5,247.36
2025-10-06,EMEA,Online,Electronics,Wireless Earbuds,4,79.99,0.2,255.97,51.99,207.96,48.01
2025-10-06,LATAM,In-store,Beauty & Wellness,Vitamin C Serum,2,29.99,0.0,59.98,10.5,21.0,38.98
2025-10-06,LATAM,In-store,Home & Kitchen,Cookware Set,2,129.99,0.0,259.98,84.49,168.98,91.0
2025-10-06,LATAM,Online,Home & Kitchen,Coffee Grinder,2,39.99,0.0,79.98,23.99,47.98,32.0
2025-10-06,LATAM,Online,Media & Entertainment,Vinyl Record,1,27.99,0.0,27.99,16.79,16.79,11.2
2025-10-06,North America,In-store,Apparel,Denim Jacket,3,69.99,0.0,209.97,34.99,104.97,105.0
2025-10-06,North America,Online,Apparel,Running Tee,10,24.99,0.0,249.9,11.25,112.5,137.4
2025-10-06,North America,Online,Media & Entertainment,Blu-ray Box Set,4,39.99,0.1,143.96,29.99,119.96,24.0
2025-10-06,North America,Online,Media & Entertainment,Vinyl Record,4,27.99,0.15,95.17,16.79,67.16,28.01
2025-10-06,UK & Ireland,In-store,Electronics,Wireless Earbuds,6,79.99,0.0,479.94,51.99,311.94,168.0
2025-10-06,UK & Ireland,Online,Media & Entertainment,Board Game,4,34.99,0.0,139.96,19.24,76.96,63.0
2025-10-07,APAC,In-store,Apparel,Denim Jacket,1,69.99,0.0,69.99,34.99,34.99,35.0
2025-10-07,APAC,In-store,Home & Kitchen,Coffee Grinder,2,39.99,0.25,59.98,23.99,47.98,12.0
2025-10-07,EMEA,In-store,Apparel,Running Tee,3,24.99,0.0,74.97,11.25,33.75,41.22
2025-10-07,North America,Online,Home & Kitchen,Cookware Set,4,129.99,0.0,519.96,84.49,337.96,182.0
2025-10-07,North America,Online,Media & Entertainment,Board Game,1,34.99,0.0,34.99,19.24,19.24,15.75
2025-10-07,UK & Ireland,In-store,Beauty & Wellness,Electric Toothbrush,7,59.99,0.0,419.93,32.99,230.93,189.0
2025-10-07,UK & Ireland,Online,Apparel,Running Tee,7,24.99,0.0,174.93,11.25,78.75,96.18
2025-10-07,UK & Ireland,Online,Home & Kitchen,Coffee Grinder,3,39.99,0.15,101.97,23.99,71.97,30.0
2025-10-08,APAC,In-store,Media & Entertainment,Board Game,4,34.99,0.15,118.97,19.24,76.96,42.01
2025-10-08,APAC,Online,Apparel,Denim Jacket,3,69.99,0.0,209.97,34.99,104.97,105.0
2025-10-08,APAC,Online,Apparel,Wool Socks 3-pack,4,14.99,0.2,47.97,6.0,24.0,23.97
2025-10-08,APAC,Online,Beauty & Wellness,Vitamin C Serum,6,29.99,0.0,179.94,10.5,63.0,116.94
2025-10-08,APAC,Online,Electronics,Wireless Earbuds,13,79.99,0.0,1039.87,51.99,675.87,364.0
2025-10-08,LATAM,In-store,Apparel,Denim Jacket,1,69.99,0.0,69.99,34.99,34.99,35.0
2025-10-08,LATAM,In-store,Apparel,Wool Socks 3-pack,1,14.99,0.0,14.99,6.0,6.0,8.99
2025-10-08,LATAM,In-store,Home & Kitchen,Air Fryer,4,89.99,0.2,287.97,62.99,251.96,36.01
2025-10-08,LATAM,In-store,Media & Entertainment,Vinyl Record,2,27.99,0.0,55.98,16.79,33.58,22.4
2025-10-08,LATAM,Online,Beauty & Wellness,Vitamin C Serum,7,29.99,0.0,209.93,10.5,73.5,136.43
2025-10-08,LATAM,Online,Home & Kitchen,Air Fryer,3,89.99,0.0,269.97,62.99,188.97,81.0
2025-10-08,North America,In-store,Beauty & Wellness,Electric Toothbrush,8,59.99,0.0,479.92,32.99,263.92,216.0
2025-10-08,North America,In-store,Media & Entertainment,Vinyl Record,2,27.99,0.0,55.98,16.79,33.58,22.4
2025-10-08,North America,Online,Electronics,USB-C Charger,19,19.99,0.0,379.81,10.99,208.81,171.0
2025-10-08,UK & Ireland,In-store,Home & Kitchen,Air Fryer,7,89.99,0.15,535.44,62.99,440.93,94.51
2025-10-08,UK & Ireland,Online,Home & Kitchen,Coffee Grinder,3,39.99,0.15,101.97,23.99,71.97,30.0
2025-10-09,APAC,Online,Home & Kitchen,Air Fryer,6,89.99,0.0,539.94,62.99,377.94,162.0
2025-10-09,APAC,Online,Home & Kitchen,Cookware Set,3,129.99,0.1,350.97,84.49,253.47,97.5
2025-10-09,EMEA,In-store,Apparel,Running Tee,5,24.99,0.25,93.71,11.25,56.25,37.46
2025-10-09,EMEA,In-store,Electronics,USB-C Charger,12,19.99,0.0,239.88,10.99,131.88,108.0
2025-10-09,EMEA,Online,Electronics,Wireless Earbuds,9,79.99,0.0,719.91,51.99,467.91,252.0
2025-10-09,LATAM,In-store,Home & Kitchen,Air Fryer,3,89.99,0.0,269.97,62.99,188.97,81.0
2025-10-09,LATAM,Online,Apparel,Denim Jacket,2,69.99,0.25,104.98,34.99,69.98,35.0
2025-10-09,LATAM,Online,Electronics,USB-C Charger,3,19.99,0.0,59.97,10.99,32.97,27.0
2025-10-09,LATAM,Online,Home & Kitchen,Coffee Grinder,4,39.99,0.0,159.96,23.99,95.96,64.0
2025-10-09,North America,In-store,Electronics,USB-C Charger,12,19.99,0.0,239.88,10.99,131.88,108.0
2025-10-09,North America,Online,Apparel,Wool Socks 3-pack,7,14.99,0.0,104.93,6.0,42.0,62.93
2025-10-09,UK & Ireland,Online,Electronics,USB-C Charger,10,19.99,0.15,169.91,10.99,109.9,60.01
2025-10-10,APAC,In-store,Apparel,Wool Socks 3-pack,9,14.99,0.0,134.91,6.0,54.0,80.91
2025-10-10,APAC,Online,Media & Entertainment,Vinyl Record,3,27.99,0.15,71.37,16.79,50.37,21.0
2025-10-10,EMEA,In-store,Beauty & Wellness,Collagen Powder,5,34.99,0.0,174.95,14.0,70.0,104.95
2025-10-10,EMEA,In-store,Beauty & Wellness,Vitamin C Serum,8,29.99,0.0,239.92,10.5,84.0,155.92
2025-10-10,EMEA,In-store,Media & Entertainment,Vinyl Record,2,27.99,0.1,50.38,16.79,33.58,16.8
2025-10-10,EMEA,Online,Apparel,Running Tee,6,24.99,0.0,149.94,11.25,67.5,82.44
2025-10-10,LATAM,In-store,Home & Kitchen,Air Fryer,3,89.99,0.0,269.97,62.99,188.97,81.0
2025-10-10,North America,In-store,Beauty & Wellness,Electric Toothbrush,6,59.99,0.25,269.95,32.99,197.94,72.01
2025-10-10,North America,In-store,Home & Kitchen,Cookware Set,4,129.99,0.0,519.96,84.49,337.96,182.0
2025-10-10,North America,Online,Beauty & Wellness,Vitamin C Serum,13,29.99,0.0,389.87,10.5,136.5,253.37
2025-10-10,UK & Ireland,In-store,Electronics,Smart Speaker,6,49.99,0.15,254.95,34.99,209.94,45.01
2025-10-10,UK & Ireland,Online,Beauty & Wellness,Electric Toothbrush,4,59.99,0.25,179.97,32.99,131.96,48.01
2025-10-10,UK & Ireland,Online,Beauty & Wellness,Vitamin C Serum,2,29.99,0.2,47.98,10.5,21.0,26.98
2025-10-10,UK & Ireland,Online,Electronics,Smart Speaker,5,49.99,0.0,249.95,34.99,174.95,75.0
2025-10-10,UK & Ireland,Online,Media & Entertainment,Vinyl Record,3,27.99,0.1,75.57,16.79,50.37,25.2
2025-10-11,APAC,In-store,Apparel,Denim Jacket,3,69.99,0.0,209.97,34.99,104.97,105.0
2025-10-11,APAC,In-store,Media & Entertainment,Board Game,2,34.99,0.2,55.98,19.24,38.48,17.5
2025-10-11,APAC,In-store,Media & Entertainment,Vinyl Record,5,27.99,0.25,104.96,16.79,83.95,21.01
2025-10-11,APAC,Online,Beauty & Wellness,Vitamin C Serum,9,29.99,0.0,269.91,10.5,94.5,175.41
2025-10-11,EMEA,Online,Beauty & Wellness,Electric Toothbrush,7,59.99,0.0,419.93,32.99,230.93,189.0
2025-10-11,LATAM,In-store,Apparel,Denim Jacket,3,69.99,0.0,209.97,34.99,104.97,105.0
2025-10-11,LATAM,In-store,Home & Kitchen,Coffee Grinder,3,39.99,0.0,119.97,23.99,71.97,48.0
2025-10-11,North America,In-store,Media & Entertainment,Vinyl Record,5,27.99,0.0,139.95,16.79,83.95,56.0
2025-10-11,North America,Online,Beauty & Wellness,Electric Toothbrush,3,59.99,0.25,134.98,32.99,98.97,36.01
2025-10-11,North America,Online,Electronics,Smart Speaker,7,49.99,0.0,349.93,34.99,244.93,105.0
2025-10-11,North America,Online,Home & Kitchen,Air Fryer,5,89.99,0.0,449.95,62.99,314.95,135.0
2025-10-11,UK & Ireland,In-store,Beauty & Wellness,Vitamin C Serum,10,29.99,0.2,239.92,10.5,105.0,134.92
2025-10-11,UK & Ireland,Online,Beauty & Wellness,Vitamin C Serum,3,29.99,0.0,89.97,10.5,31.5,58.47
2025-10-11,UK & Ireland,Online,Home & Kitchen,Coffee Grinder,8,39.99,0.0,319.92,23.99,191.92,128.0
2025-10-12,APAC,Online,Apparel,Running Tee,6,24.99,0.0,149.94,11.25,67.5,82.44
2025-10-12,APAC,Online,Beauty & Wellness,Electric Toothbrush,6,59.99,0.0,359.94,32.99,197.94,162.0
2025-10-12,APAC,Online,Electronics,USB-C Charger,10,19.99,0.0,199.9,10.99,109.9,90.0
2025-10-12,EMEA,In-store,Home & Kitchen,Air Fryer,3,89.99,0.0,269.97,62.99,188.97,81.0
2025-10-12,EMEA,Online,Electronics,Wireless Earbuds,2,79.99,0.0,159.98,51.99,103.98,56.0
2025-10-12,LATAM,In-store,Home & Kitchen,Air Fryer,5,89.99,0.1,404.95,62.99,314.95,90.0
2025-10-12,LATAM,Online,Beauty & Wellness,Electric Toothbrush,4,59.99,0.0,239.96,32.99,131.96,108.0
2025-10-12,North America,In-store,Apparel,Running Tee,8,24.99,0.0,199.92,11.25,90.0,109.92
2025-10-12,North America,In-store,Electronics,USB-C Charger,9,19.99,0.0,179.91,10.99,98.91,81.0
2025-10-12,North America,In-store,Home & Kitchen,Coffee Grinder,2,39.99,0.0,79.98,23.99,47.98,32.0
2025-10-12,North America,Online,Electronics,Wireless Earbuds,7,79.99,0.25,419.95,51.99,363.93,56.02
2025-10-12,North America,Online,Media & Entertainment,Blu-ray Box Set,2,39.99,0.15,67.98,29.99,59.98,8.0
2025-10-12,UK & Ireland,In-store,Beauty & Wellness,Vitamin C Serum,19,29.99,0.15,484.34,10.5,199.5,284.84
2025-10-12,UK & Ireland,Online,Electronics,Wireless Earbuds,6,79.99,0.2,383.95,51.99,311.94,72.01
2025-10-12,UK & Ireland,Online,Home & Kitchen,Coffee Grinder,4,39.99,0.0,159.96,23.99,95.96,64.0
2025-10-13,APAC,In-store,Media & Entertainment,Blu-ray Box Set,4,39.99,0.0,159.96,29.99,119.96,40.0
2025-10-13,APAC,Online,Media & Entertainment,Blu-ray Box Set,2,39.99,0.15,67.98,29.99,59.98,8.0
2025-10-13,EMEA,In-store,Apparel,Running Tee,4,24.99,0.25,74.97,11.25,45.0,29.97
2025-10-13,EMEA,In-store,Electronics,Wireless Earbuds,5,79.99,0.1,359.95,51.99,259.95,100.0
2025-10-13,EMEA,Online,Apparel,Running Tee,3,24.99,0.0,74.97,11.25,33.75,41.22
2025-10-13,EMEA,Online,Apparel,Wool Socks 3-pack,5,14.99,0.0,74.95,6.0,30.0,44.95
2025-10-13,LATAM,In-store,Apparel,Denim Jacket,1,69.99,0.0,69.99,34.99,34.99,35.0
2025-10-13,LATAM,Online,Apparel,Running Tee,5,24.99,0.0,124.95,11.25,56.25,68.7
2025-10-13,North America,In-store,Home & Kitchen,Cookware Set,6,129.99,0.0,779.94,84.49,506.94,273.0
2025-10-13,North America,In-store,Media & Entertainment,Blu-ray Box Set,2,39.99,0.0,79.98,29.99,59.98,20.0
2025-10-13,North America,Online,Electronics,USB-C Charger,15,19.99,0.0,299.85,10.99,164.85,135.0
2025-10-13,UK & Ireland,In-store,Apparel,Denim Jacket,3,69.99,0.25,157.48,34.99,104.97,52.51
2025-10-13,UK & Ireland,In-store,Beauty & Wellness,Electric Toothbrush,3,59.99,0.0,179.97,32.99,98.97,81.0
2025-10-13,UK & Ireland,In-store,Electronics,Smart Speaker,4,49.99,0.1,179.96,34.99,139.96,40.0
2025-10-13,UK & Ireland,Online,Electronics,Smart Speaker,4,49.99,0.0,199.96,34.99,139.96,60.0
2025-10-13,UK & Ireland,Online,Home & Kitchen,Air Fryer,2,89.99,0.1,161.98,62.99,125.98,36.0
2025-10-14,APAC,In-store,Apparel,Running Tee,5,24.99,0.25,93.71,11.25,56.25,37.46
2025-10-14,APAC,In-store,Electronics,USB-C Charger,10,19.99,0.0,199.9,10.99,109.9,90.0
2025-10-14,APAC,In-store,Home & Kitchen,Coffee Grinder,6,39.99,0.0,239.94,23.99,143.94,96.0
2025-10-14,APAC,Online,Apparel,Wool Socks 3-pack,5,14.99,0.2,59.96,6.0,30.0,29.96
2025-10-14,APAC,Online,Media & Entertainment,Board Game,4,34.99,0.0,139.96,19.24,76.96,63.0
2025-10-14,EMEA,Online,Electronics,USB-C Charger,6,19.99,0.0,119.94,10.99,65.94,54.0
2025-10-14,EMEA,Online,Media & Entertainment,Board Game,3,34.99,0.0,104.97,19.24,57.72,47.25
2025-10-14,EMEA,Online,Media & Entertainment,Vinyl Record,2,27.99,0.0,55.98,16.79,33.58,22.4
2025-10-14,North America,In-store,Media & Entertainment,Vinyl Record,3,27.99,0.0,83.97,16.79,50.37,33.6
2025-10-14,North America,Online,Beauty & Wellness,Collagen Powder,8,34.99,0.2,223.94,14.0,112.0,111.94
2025-10-14,North America,Online,Home & Kitchen,Air Fryer,9,89.99,0.2,647.93,62.99,566.91,81.02
2025-10-14,UK & Ireland,In-store,Electronics,Wireless Earbuds,11,79.99,0.0,879.89,51.99,571.89,308.0
2025-10-14,UK & Ireland,In-store,Home & Kitchen,Air Fryer,4,89.99,0.0,359.96,62.99,251.96,108.0
2025-10-14,UK & Ireland,Online,Electronics,USB-C Charger,11,19.99,0.15,186.91,10.99,120.89,66.02
2025-10-15,APAC,In-store,Media & Entertainment,Blu-ray Box Set,1,39.99,0.0,39.99,29.99,29.99,10.0
2025-10-15,APAC,Online,Beauty & Wellness,Collagen Powder,10,34.99,0.25,262.43,14.0,140.0,122.43
2025-10-15,EMEA,In-store,Apparel,Wool Socks 3-pack,8,14.99,0.0,119.92,6.0,48.0,71.92
2025-10-15,EMEA,In-store,Media & Entertainment,Vinyl Record,2,27.99,0.1,50.38,16.79,33.58,16.8
2025-10-15,EMEA,Online,Apparel,Denim Jacket,3,69.99,0.0,209.97,34.99,104.97,105.0
2025-10-15,EMEA,Online,Apparel,Wool Socks 3-pack,6,14.99,0.2,71.95,6.0,36.0,35.95
2025-10-15,LATAM,In-store,Beauty & Wellness,Collagen Powder,1,34.99,0.0,34.99,14.0,14.0,20.99
2025-10-15,LATAM,In-store,Beauty & Wellness,Electric Toothbrush,2,59.99,0.15,101.98,32.99,65.98,36.0
2025-10-15,LATAM,In-store,Beauty & Wellness,Vitamin C Serum,4,29.99,0.25,89.97,10.5,42.0,47.97
2025-10-15,LATAM,In-store,Electronics,USB-C Charger,3,19.99,0.25,44.98,10.99,32.97,12.01
2025-10-15,LATAM,In-store,Home & Kitchen,Air Fryer,3,89.99,0.0,269.97,62.99,188.97,81.0
2025-10-15,LATAM,In-store,Home & Kitchen,Coffee Grinder,3,39.99,0.0,119.97,23.99,71.97,48.0
2025-10-15,LATAM,Online,Electronics,Wireless Earbuds,7,79.99,0.0,559.93,51.99,363.93,196.0
2025-10-15,LATAM,Online,Home & Kitchen,Coffee Grinder,3,39.99,0.2,95.98,23.99,71.97,24.01
2025-10-15,LATAM,Online,Media & Entertainment,Vinyl Record,1,27.99,0.0,27.99,16.79,16.79,11.2
2025-10-15,North America,In-store,Beauty & Wellness,Electric Toothbrush,3,59.99,0.0,179.97,32.99,98.97,81.0
2025-10-15,North America,In-store,Media & Entertainment,Board Game,3,34.99,0.15,89.22,19.24,57.72,31.5
2025-10-15,North America,Online,Apparel,Denim Jacket,5,69.99,0.0,349.95,34.99,174.95,175.0
2025-10-15,North America,Online,Home & Kitchen,Air Fryer,4,89.99,0.0,359.96,62.99,251.96,108.0
2025-10-15,UK & Ireland,In-store,Apparel,Denim Jacket,2,69.99,0.0,139.98,34.99,69.98,70.0
2025-10-15,UK & Ireland,In-store,Media & Entertainment,Vinyl Record,5,27.99,0.0,139.95,16.79,83.95,56.0
2025-10-15,UK & Ireland,Online,Media & Entertainment,Vinyl Record,3,27.99,0.0,83.97,16.79,50.37,33.6
2025-10-16,APAC,In-store,Apparel,Wool Socks 3-pack,7,14.99,0.25,78.7,6.0,42.0,36.7
2025-10-16,APAC,In-store,Media & Entertainment,Vinyl Record,3,27.99,0.15,71.37,16.79,50.37,21.0
2025-10-16,APAC,Online,Home & Kitchen,Air Fryer,8,89.99,0.0,719.92,62.99,503.92,216.0
2025-10-16,EMEA,Online,Media & Entertainment,Blu-ray Box Set,6,39.99,0.0,239.94,29.99,179.94,60.0
2025-10-16,LATAM,In-store,Beauty & Wellness,Vitamin C Serum,3,29.99,0.25,67.48,10.5,31.5,35.98
2025-10-16,LATAM,In-store,Media & Entertainment,Vinyl Record,1,27.99,0.0,27.99,16.79,16.79,11.2
2025-10-16,LATAM,Online,Apparel,Running Tee,6,24.99,0.0,149.94,11.25,67.5,82.44
2025-10-16,LATAM,Online,Media & Entertainment,Vinyl Record,2,27.99,0.0,55.98,16.79,33.58,22.4
2025-10-16,North America,In-store,Home & Kitchen,Coffee Grinder,4,39.99,0.2,127.97,23.99,95.96,32.01
2025-10-16,North America,In-store,Media & Entertainment,Board Game,5,34.99,0.0,174.95,19.24,96.2,78.75
2025-10-16,North America,Online,Apparel,Denim Jacket,6,69.99,0.0,419.94,34.99,209.94,210.0
2025-10-16,North America,Online,Apparel,Running Tee,11,24.99,0.0,274.89,11.25,123.75,151.14
2025-10-16,UK & Ireland,Online,Apparel,Denim Jacket,3,69.99,0.0,209.97,34.99,104.97,105.0
2025-10-16,UK & Ireland,Online,Beauty & Wellness,Vitamin C Serum,5,29.99,0.15,127.46,10.5,52.5,74.96
2025-10-17,APAC,In-store,Electronics,Wireless Earbuds,8,79.99,0.15,543.93,51.99,415.92,128.01
2025-10-17,APAC,In-store,Home & Kitchen,Cookware Set,3,129.99,0.0,389.97,84.49,253.47,136.5
2025-10-17,EMEA,In-store,Electronics,Smart Speaker,7,49.99,0.0,349.93,34.99,244.93,105.0
2025-10-17,EMEA,In-store,Media & Entertainment,Vinyl Record,3,27.99,0.0,83.97,16.79,50.37,33.6
2025-10-17,LATAM,In-store,Beauty & Wellness,Electric Toothbrush,3,59.99,0.1,161.97,32.99,98.97,63.0
2025-10-17,LATAM,Online,Apparel,Wool Socks 3-pack,2,14.99,0.0,29.98,6.0,12.0,17.98
2025-10-17,North America,In-store,Home & Kitchen,Air Fryer,5,89.99,0.1,404.95,62.99,314.95,90.0
2025-10-17,North America,In-store,Media & Entertainment,Board Game,7,34.99,0.0,244.93,19.24,134.68,110.25
2025-10-17,North America,Online,Apparel,Denim Jacket,2,69.99,0.1,125.98,34.99,69.98,56.0
2025-10-17,North America,Online,Home & Kitchen,Coffee Grinder,4,39.99,0.0,159.96,23.99,95.96,64.0
2025-10-18,APAC,In-store,Media & Entertainment,Vinyl Record,2,27.99,0.0,55.98,16.79,33.58,22.4
2025-10-18,APAC,Online,Beauty & Wellness,Collagen Powder,7,34.99,0.25,183.7,14.0,98.0,85.7
2025-10-18,APAC,Online,Beauty & Wellness,Vitamin C Serum,3,29.99,0.0,89.97,10.5,31.5,58.47
2025-10-18,EMEA,In-store,Beauty & Wellness,Collagen Powder,10,34.99,0.0,349.9,14.0,140.0,209.9
2025-10-18,EMEA,In-store,Home & Kitchen,Coffee Grinder,8,39.99,0.0,319.92,23.99,191.92,128.0
2025-10-18,EMEA,Online,Apparel,Wool Socks 3-pack,6,14.99,0.0,89.94,6.0,36.0,53.94
2025-10-18,EMEA,Online,Beauty & Wellness,Electric Toothbrush,2,59.99,0.0,119.98,32.99,65.98,54.0
2025-10-18,EMEA,Online,Electronics,Wireless Earbuds,9,79.99,0.0,719.91,51.99,467.91,252.0
2025-10-18,LATAM,In-store,Beauty & Wellness,Electric Toothbrush,7,59.99,0.25,314.95,32.99,230.93,84.02
2025-10-18,LATAM,In-store,Electronics,Smart Speaker,1,49.99,0.1,44.99,34.99,34.99,10.0
2025-10-18,LATAM,In-store,Home & Kitchen,Cookware Set,4,129.99,0.2,415.97,84.49,337.96,78.01
2025-10-18,North America,In-store,Apparel,Running Tee,14,24.99,0.1,314.87,11.25,157.5,157.37
2025-10-18,North America,Online,Electronics,USB-C Charger,15,19.99,0.0,299.85,10.99,164.85,135.0
2025-10-18,North America,Online,Home & Kitchen,Coffee Grinder,3,39.99,0.0,119.97,23.99,71.97,48.0
2025-10-18,North America,Online,Media & Entertainment,Blu-ray Box Set,6,39.99,0.2,191.95,29.99,179.94,12.01
2025-10-18,North America,Online,Media & Entertainment,Board Game,1,34.99,0.0,34.99,19.24,19.24,15.75
2025-10-18,UK & Ireland,In-store,Beauty & Wellness,Collagen Powder,4,34.99,0.0,139.96,14.0,56.0,83.96
2025-10-19,APAC,In-store,Home & Kitchen,Air Fryer,3,89.99,0.0,269.97,62.99,188.97,81.0
2025-10-19,APAC,In-store,Home & Kitchen,Cookware Set,8,129.99,0.0,1039.92,84.49,675.92,364.0
2025-10-19,APAC,Online,Electronics,Smart Speaker,8,49.99,0.0,399.92,34.99,279.92,120.0
2025-10-19,LATAM,Online,Beauty & Wellness,Collagen Powder,2,34.99,0.0,69.98,14.0,28.0,41.98
2025-10-19,LATAM,Online,Media & Entertainment,Vinyl Record,5,27.99,0.0,139.95,16.79,83.95,56.0
2025-10-19,North America,In-store,Electronics,USB-C Charger,8,19.99,0.0,159.92,10.99,87.92,72.0
2025-10-19,North America,In-store,Home & Kitchen,Air Fryer,11,89.99,0.15,841.41,62.99,692.89,148.52
2025-10-19,North America,Online,Electronics,USB-C Charger,15,19.99,0.0,299.85,10.99,164.85,135.0
2025-10-19,North America,Online,Home & Kitchen,Coffee Grinder,4,39.99,0.0,159.96,23.99,95.96,64.0
2025-10-19,UK & Ireland,In-store,Beauty & Wellness,Vitamin C Serum,3,29.99,0.25,67.48,10.5,31.5,35.98
2025-10-19,UK & Ireland,In-store,Media & Entertainment,Blu-ray Box Set,3,39.99,0.2,95.98,29.99,89.97,6.01
2025-10-20,APAC,In-store,Apparel,Wool Socks 3-pack,7,14.99,0.0,104.93,6.0,42.0,62.93
2025-10-20,APAC,In-store,Media & Entertainment,Vinyl Record,2,27.99,0.1,50.38,16.79,33.58,16.8
2025-10-20,APAC,Online,Media & Entertainment,Board Game,5,34.99,0.25,131.21,19.24,96.2,35.01
2025-10-20,EMEA,In-store,Home & Kitchen,Coffee Grinder,5,39.99,0.0,199.95,23.99,119.95,80.0
2025-10-20,EMEA,Online,Media & Entertainment,Board Game,6,34.99,0.1,188.95,19.24,115.44,73.51
2025-10-20,LATAM,In-store,Beauty & Wellness,Collagen Powder,2,34.99,0.2,55.98,14.0,28.0,27.98
2025-10-20,North America,In-store,Apparel,Running Tee,7,24.99,0.25,131.2,11.25,78.75,52.45
2025-10-20,North America,In-store,Media & Entertainment,Blu-ray Box Set,5,39.99,0.0,199.95,29.99,149.95,50.0
2025-10-20,North America,Online,Home & Kitchen,Cookware Set,3,129.99,0.0,389.97,84.49,253.47,136.5
2025-10-20,North America,Online,Media & Entertainment,Vinyl Record,5,27.99,0.15,118.96,16.79,83.95,35.01
2025-10-20,UK & Ireland,In-store,Beauty & Wellness,Electric Toothbrush,7,59.99,0.2,335.94,32.99,230.93,105.01
2025-10-20,UK & Ireland,In-store,Electronics,USB-C Charger,17,19.99,0.1,305.85,10.99,186.83,119.02
2025-10-20,UK & Ireland,Online,Apparel,Denim Jacket,2,69.99,0.0,139.98,34.99,69.98,70.0
2025-10-20,UK & Ireland,Online,Media & Entertainment,Vinyl Record,6,27.99,0.0,167.94,16.79,100.74,67.2
2025-10-21,APAC,In-store,Media & Entertainment,Blu-ray Box Set,3,39.99,0.0,119.97,29.99,89.97,30.0
2025-10-21,APAC,In-store,Media & Entertainment,Vinyl Record,6,27.99,0.0,167.94,16.79,100.74,67.2
2025-10-21,APAC,Online,Apparel,Denim Jacket,2,69.99,0.0,139.98,34.99,69.98,70.0
2025-10-21,EMEA,Online,Beauty & Wellness,Collagen Powder,5,34.99,0.15,148.71,14.0,70.0,78.71
2025-10-21,LATAM,In-store,Apparel,Denim Jacket,1,69.99,0.0,69.99,34.99,34.99,35.0
2025-10-21,LATAM,In-store,Home & Kitchen,Coffee Grinder,1,39.99,0.1,35.99,23.99,23.99,12.0
2025-10-21,LATAM,In-store,Home & Kitchen,Cookware Set,1,129.99,0.25,97.49,84.49,84.49,13.0
2025-10-21,LATAM,In-store,Media & Entertainment,Blu-ray Box Set,3,39.99,0.2,95.98,29.99,89.97,6.01
2025-10-21,LATAM,Online,Home & Kitchen,Cookware Set,3,129.99,0.0,389.97,84.49,253.47,136.5
2025-10-21,LATAM,Online,Media & Entertainment,Blu-ray Box Set,1,39.99,0.0,39.99,29.99,29.99,10.0
2025-10-21,UK & Ireland,In-store,Electronics,USB-C Charger,5,19.99,0.0,99.95,10.99,54.95,45.0
2025-10-21,UK & Ireland,In-store,Electronics,Wireless Earbuds,9,79.99,0.0,719.91,51.99,467.91,252.0
2025-10-21,UK & Ireland,In-store,Home & Kitchen,Coffee Grinder,3,39.99,0.1,107.97,23.99,71.97,36.0
2025-10-21,UK & Ireland,In-store,Home & Kitchen,Cookware Set,2,129.99,0.1,233.98,84.49,168.98,65.0
2025-10-21,UK & Ireland,In-store,Media & Entertainment,Blu-ray Box Set,2,39.99,0.2,63.98,29.99,59.98,4.0
2025-10-21,UK & Ireland,Online,Electronics,Wireless Earbuds,5,79.99,0.0,399.95,51.99,259.95,140.0
2025-10-21,UK & Ireland,Online,Media & Entertainment,Board Game,2,34.99,0.0,69.98,19.24,38.48,31.5
2025-10-22,APAC,In-store,Media & Entertainment,Board Game,3,34.99,0.0,104.97,19.24,57.72,47.25
2025-10-22,APAC,Online,Media & Entertainment,Vinyl Record,2,27.99,0.0,55.98,16.79,33.58,22.4
2025-10-22,EMEA,Online,Media & Entertainment,Board Game,4,34.99,0.0,139.96,19.24,76.96,63.0
2025-10-22,LATAM,In-store,Home & Kitchen,Coffee Grinder,2,39.99,0.0,79.98,23.99,47.98,32.0
2025-10-22,LATAM,Online,Beauty & Wellness,Electric Toothbrush,7,59.99,0.0,419.93,32.99,230.93,189.0
2025-10-22,LATAM,Online,Media & Entertainment,Board Game,5,34.99,0.0,174.95,19.24,96.2,78.75
2025-10-22,North America,In-store,Beauty & Wellness,Electric Toothbrush,5,59.99,0.1,269.95,32.99,164.95,105.0
2025-10-22,North America,Online,Media & Entertainment,Board Game,6,34.99,0.0,209.94,19.24,115.44,94.5
2025-10-22,UK & Ireland,In-store,Home & Kitchen,Air Fryer,2,89.99,0.0,179.98,62.99,125.98,54.0
2025-10-22,UK & Ireland,Online,Apparel,Wool Socks 3-pack,5,14.99,0.0,74.95,6.0,30.0,44.95
2025-10-22,UK & Ireland,Online,Beauty & Wellness,Collagen Powder,6,34.99,0.0,209.94,14.0,84.0,125.94
2025-10-23,APAC,In-store,Home & Kitchen,Cookware Set,2,129.99,0.1,233.98,84.49,168.98,65.0
2025-10-23,APAC,Online,Electronics,Smart Speaker,6,49.99,0.1,269.95,34.99,209.94,60.01
2025-10-23,APAC,Online,Home & Kitchen,Cookware Set,2,129.99,0.0,259.98,84.49,168.98,91.0
2025-10-23,EMEA,Online,Apparel,Wool Socks 3-pack,3,14.99,0.1,40.47,6.0,18.0,22.47
2025-10-23,LATAM,In-store,Apparel,Denim Jacket,4,69.99,0.0,279.96,34.99,139.96,140.0
2025-10-23,LATAM,In-store,Apparel,Wool Socks 3-pack,2,14.99,0.0,29.98,6.0,12.0,17.98
2025-10-23,LATAM,In-store,Electronics,Wireless Earbuds,8,79.99,0.1,575.93,51.99,415.92,160.01
2025-10-23,LATAM,In-store,Media & Entertainment,Vinyl Record,5,27.99,0.2,111.96,16.79,83.95,28.01
2025-10-23,LATAM,Online,Media & Entertainment,Vinyl Record,3,27.99,0.0,83.97,16.79,50.37,33.6
2025-10-23,North America,In-store,Apparel,Denim Jacket,5,69.99,0.25,262.46,34.99,174.95,87.51
2025-10-23,North America,In-store,Apparel,Running Tee,6,24.99,0.0,149.94,11.25,67.5,82.44
2025-10-23,North America,In-store,Media & Entertainment,Blu-ray Box Set,10,39.99,0.2,319.92,29.99,299.9,20.02
2025-10-23,North America,Online,Beauty & Wellness,Vitamin C Serum,9,29.99,0.15,229.42,10.5,94.5,134.92
2025-10-23,UK & Ireland,In-store,Beauty & Wellness,Vitamin C Serum,10,29.99,0.25,224.92,10.5,105.0,119.92
2025-10-24,APAC,In-store,Apparel,Denim Jacket,2,69.99,0.0,139.98,34.99,69.98,70.0
2025-10-24,APAC,In-store,Beauty & Wellness,Electric Toothbrush,8,59.99,0.1,431.93,32.99,263.92,168.01
2025-10-24,EMEA,In-store,Beauty & Wellness,Vitamin C Serum,11,29.99,0.2,263.91,10.5,115.5,148.41
2025-10-24,North America,Online,Home & Kitchen,Air Fryer,9,89.99,0.0,809.91,62.99,566.91,243.0
2025-10-24,UK & Ireland,In-store,Home & Kitchen,Coffee Grinder,2,39.99,0.0,79.98,23.99,47.98,32.0
2025-10-24,UK & Ireland,In-store,Home & Kitchen,Cookware Set,10,129.99,0.0,1299.9,84.49,844.9,455.0
2025-10-24,UK & Ireland,Online,Home & Kitchen,Cookware Set,2,129.99,0.0,259.98,84.49,168.98,91.0
2025-10-25,APAC,In-store,Home & Kitchen,Coffee Grinder,6,39.99,0.0,239.94,23.99,143.94,96.0
2025-10-25,EMEA,Online,Beauty & Wellness,Collagen Powder,9,34.99,0.0,314.91,14.0,126.0,188.91
2025-10-25,EMEA,Online,Beauty & Wellness,Vitamin C Serum,4,29.99,0.0,119.96,10.5,42.0,77.96
2025-10-25,LATAM,In-store,Home & Kitchen,Coffee Grinder,4,39.99,0.0,159.96,23.99,95.96,64.0
2025-10-25,LATAM,Online,Electronics,Smart Speaker,2,49.99,0.1,89.98,34.99,69.98,20.0
2025-10-25,LATAM,Online,Media & Entertainment,Board Game,3,34.99,0.0,104.97,19.24,57.72,47.25
2025-10-25,North America,In-store,Apparel,Denim Jacket,5,69.99,0.0,349.95,34.99,174.95,175.0
2025-10-25,North America,Online,Electronics,Smart Speaker,4,49.99,0.0,199.96,34.99,139.96,60.0
2025-10-25,North America,Online,Home & Kitchen,Cookware Set,2,129.99,0.0,259.98,84.49,168.98,91.0
2025-10-25,UK & Ireland,In-store,Apparel,Running Tee,5,24.99,0.1,112.45,11.25,56.25,56.2
2025-10-25,UK & Ireland,Online,Home & Kitchen,Air Fryer,6,89.99,0.25,404.95,62.99,377.94,27.01
2025-10-26,APAC,Online,Electronics,USB-C Charger,10,19.99,0.0,199.9,10.99,109.9,90.0
2025-10-26,EMEA,In-store,Apparel,Running Tee,8,24.99,0.0,199.92,11.25,90.0,109.92
2025-10-26,EMEA,In-store,Beauty & Wellness,Collagen Powder,6,34.99,0.25,157.45,14.0,84.0,73.45
2025-10-26,EMEA,Online,Electronics,Wireless Earbuds,10,79.99,0.0,799.9,51.99,519.9,280.0
2025-10-26,LATAM,In-store,Apparel,Denim Jacket,3,69.99,0.0,209.97,34.99,104.97,105.0
2025-10-26,LATAM,In-store,Beauty & Wellness,Collagen Powder,3,34.99,0.0,104.97,14.0,42.0,62.97
2025-10-26,LATAM,In-store,Beauty & Wellness,Vitamin C Serum,4,29.99,0.15,101.97,10.5,42.0,59.97
2025-10-26,LATAM,Online,Apparel,Running Tee,7,24.99,0.2,139.94,11.25,78.75,61.19
2025-10-26,LATAM,Online,Home & Kitchen,Cookware Set,3,129.99,0.0,389.97,84.49,253.47,136.5
2025-10-26,North America,In-store,Electronics,Smart Speaker,10,49.99,0.0,499.9,34.99,349.9,150.0
2025-10-26,North America,In-store,Electronics,USB-C Charger,17,19.99,0.0,339.83,10.99,186.83,153.0
2025-10-26,North America,In-store,Media & Entertainment,Board Game,5,34.99,0.0,174.95,19.24,96.2,78.75
2025-10-27,EMEA,In-store,Electronics,USB-C Charger,8,19.99,0.15,135.93,10.99,87.92,48.01
2025-10-27,EMEA,In-store,Electronics,Wireless Earbuds,11,79.99,0.15,747.91,51.99,571.89,176.02
2025-10-27,EMEA,Online,Beauty & Wellness,Collagen Powder,7,34.99,0.0,244.93,14.0,98.0,146.93
2025-10-27,EMEA,Online,Electronics,Wireless Earbuds,9,79.99,0.0,719.91,51.99,467.91,252.0
2025-10-27,LATAM,Online,Beauty & Wellness,Collagen Powder,2,34.99,0.0,69.98,14.0,28.0,41.98
2025-10-27,LATAM,Online,Beauty & Wellness,Electric Toothbrush,3,59.99,0.0,179.97,32.99,98.97,81.0
2025-10-27,LATAM,Online,Electronics,Wireless Earbuds,4,79.99,0.0,319.96,51.99,207.96,112.0
2025-10-27,North America,In-store,Apparel,Running Tee,11,24.99,0.2,219.91,11.25,123.75,96.16
2025-10-27,North America,Online,Electronics,Wireless Earbuds,7,79.99,0.25,419.95,51.99,363.93,56.02
2025-10-27,North America,Online,Home & Kitchen,Coffee Grinder,6,39.99,0.0,239.94,23.99,143.94,96.0
2025-10-27,North America,Online,Media & Entertainment,Blu-ray Box Set,1,39.99,0.0,39.99,29.99,29.99,10.0
2025-10-27,UK & Ireland,In-store,Apparel,Running Tee,5,24.99,0.0,124.95,11.25,56.25,68.7
2025-10-27,UK & Ireland,In-store,Home & Kitchen,Air Fryer,5,89.99,0.0,449.95,62.99,314.95,135.0
2025-10-27,UK & Ireland,Online,Apparel,Wool Socks 3-pack,3,14.99,0.0,44.97,6.0,18.0,26.97
2025-10-28,APAC,In-store,Apparel,Running Tee,7,24.99,0.0,174.93,11.25,78.75,96.18
2025-10-28,APAC,In-store,Electronics,Wireless Earbuds,5,79.99,0.25,299.96,51.99,259.95,40.01
2025-10-28,APAC,Online,Beauty & Wellness,Vitamin C Serum,6,29.99,0.0,179.94,10.5,63.0,116.94
2025-10-28,APAC,Online,Electronics,Smart Speaker,8,49.99,0.0,399.92,34.99,279.92,120.0
2025-10-28,EMEA,In-store,Electronics,Smart Speaker,3,49.99,0.0,149.97,34.99,104.97,45.0
2025-10-28,EMEA,In-store,Electronics,USB-C Charger,14,19.99,0.0,279.86,10.99,153.86,126.0
2025-10-28,EMEA,Online,Home & Kitchen,Coffee Grinder,4,39.99,0.25,119.97,23.99,95.96,24.01
2025-10-28,LATAM,In-store,Beauty & Wellness,Electric Toothbrush,5,59.99,0.0,299.95,32.99,164.95,135.0
2025-10-28,North America,In-store,Apparel,Running Tee,7,24.99,0.1,157.44,11.25,78.75,78.69
2025-10-28,North America,In-store,Electronics,Smart Speaker,6,49.99,0.1,269.95,34.99,209.94,60.01
2025-10-28,North America,In-store,Home & Kitchen,Air Fryer,4,89.99,0.15,305.97,62.99,251.96,54.01
2025-10-28,UK & Ireland,Online,Home & Kitchen,Air Fryer,5,89.99,0.0,449.95,62.99,314.95,135.0
2025-10-28,UK & Ireland,Online,Home & Kitchen,Cookware Set,5,129.99,0.25,487.46,84.49,422.45,65.01
2025-10-29,APAC,Online,Apparel,Denim Jacket,3,69.99,0.15,178.47,34.99,104.97,73.5
2025-10-29,EMEA,In-store,Home & Kitchen,Cookware Set,3,129.99,0.25,292.48,84.49,253.47,39.01
2025-10-29,EMEA,In-store,Media & Entertainment,Vinyl Record,3,27.99,0.2,67.18,16.79,50.37,16.81
2025-10-29,EMEA,Online,Apparel,Running Tee,6,24.99,0.0,149.94,11.25,67.5,82.44
2025-10-29,EMEA,Online,Electronics,Smart Speaker,2,49.99,0.0,99.98,34.99,69.98,30.0
2025-10-29,North America,In-store,Media & Entertainment,Blu-ray Box Set,2,39.99,0.1,71.98,29.99,59.98,12.0
2025-10-29,North America,Online,Apparel,Running Tee,4,24.99,0.15,84.97,11.25,45.0,39.97
2025-10-29,North America,Online,Beauty & Wellness,Collagen Powder,7,34.99,0.0,244.93,14.0,98.0,146.93
2025-10-29,North America,Online,Media & Entertainment,Vinyl Record,5,27.99,0.1,125.95,16.79,83.95,42.0
2025-10-29,UK & Ireland,In-store,Home & Kitchen,Air Fryer,4,89.99,0.2,287.97,62.99,251.96,36.01
2025-10-29,UK & Ireland,Online,Apparel,Running Tee,5,24.99,0.0,124.95,11.25,56.25,68.7
2025-10-29,UK & Ireland,Online,Home & Kitchen,Air Fryer,6,89.99,0.0,539.94,62.99,377.94,162.0
2025-10-29,UK & Ireland,Online,Home & Kitchen,Coffee Grinder,5,39.99,0.0,199.95,23.99,119.95,80.0
2025-10-29,UK & Ireland,Online,Media & Entertainment,Blu-ray Box Set,3,39.99,0.0,119.97,29.99,89.97,30.0
2025-10-30,APAC,In-store,Beauty & Wellness,Vitamin C Serum,4,29.99,0.0,119.96,10.5,42.0,77.96
2025-10-30,APAC,Online,Apparel,Denim Jacket,3,69.99,0.15,178.47,34.99,104.97,73.5
2025-10-30,APAC,Online,Electronics,USB-C Charger,8,19.99,0.25,119.94,10.99,87.92,32.02
2025-10-30,EMEA,Online,Beauty & Wellness,Collagen Powder,4,34.99,0.25,104.97,14.0,56.0,48.97
2025-10-30,LATAM,In-store,Electronics,Smart Speaker,5,49.99,0.1,224.96,34.99,174.95,50.01
2025-10-30,LATAM,In-store,Electronics,Wireless Earbuds,5,79.99,0.2,319.96,51.99,259.95,60.01
2025-10-30,LATAM,Online,Electronics,USB-C Charger,2,19.99,0.0,39.98,10.99,21.98,18.0
2025-10-30,North America,In-store,Apparel,Denim Jacket,3,69.99,0.15,178.47,34.99,104.97,73.5
2025-10-30,North America,In-store,Apparel,Running Tee,8,24.99,0.0,199.92,11.25,90.0,109.92
2025-10-30,North America,In-store,Electronics,Smart Speaker,9,49.99,0.1,404.92,34.99,314.91,90.01
2025-10-30,North America,Online,Home & Kitchen,Coffee Grinder,6,39.99,0.1,215.95,23.99,143.94,72.01
2025-10-30,UK & Ireland,In-store,Apparel,Denim Jacket,2,69.99,0.1,125.98,34.99,69.98,56.0
2025-10-30,UK & Ireland,In-store,Beauty & Wellness,Collagen Powder,6,34.99,0.0,209.94,14.0,84.0,125.94
2025-10-30,UK & Ireland,In-store,Home & Kitchen,Cookware Set,3,129.99,0.2,311.98,84.49,253.47,58.51
2025-10-30,UK & Ireland,Online,Beauty & Wellness,Electric Toothbrush,4,59.99,0.25,179.97,32.99,131.96,48.01
2025-10-30,UK & Ireland,Online,Media & Entertainment,Vinyl Record,6,27.99,0.0,167.94,16.79,100.74,67.2
2025-10-31,APAC,Online,Apparel,Running Tee,6,24.99,0.0,149.94,11.25,67.5,82.44
2025-10-31,APAC,Online,Home & Kitchen,Coffee Grinder,3,39.99,0.0,119.97,23.99,71.97,48.0
2025-10-31,EMEA,In-store,Electronics,USB-C Charger,6,19.99,0.0,119.94,10.99,65.94,54.0
2025-10-31,EMEA,In-store,Media & Entertainment,Vinyl Record,3,27.99,0.2,67.18,16.79,50.37,16.81
2025-10-31,EMEA,Online,Beauty & Wellness,Vitamin C Serum,8,29.99,0.25,179.94,10.5,84.0,95.94
2025-10-31,LATAM,In-store,Home & Kitchen,Air Fryer,2,89.99,0.0,179.98,62.99,125.98,54.0
2025-10-31,LATAM,Online,Beauty & Wellness,Vitamin C Serum,7,29.99,0.0,209.93,10.5,73.5,136.43
2025-10-31,North America,Online,Apparel,Running Tee,10,24.99,0.0,249.9,11.25,112.5,137.4
2025-10-31,UK & Ireland,In-store,Apparel,Wool Socks 3-pack,9,14.99,0.2,107.93,6.0,54.0,53.93
2025-10-31,UK & Ireland,In-store,Home & Kitchen,Coffee Grinder,11,39.99,0.15,373.91,23.99,263.89,110.02
2025-10-31,UK & Ireland,Online,Home & Kitchen,Air Fryer,9,89.99,0.0,809.91,62.99,566.91,243.0
2025-11-01,APAC,In-store,Beauty & Wellness,Collagen Powder,6,34.99,0.2,167.95,14.0,84.0,83.95
2025-11-01,APAC,In-store,Beauty & Wellness,Electric Toothbrush,5,59.99,0.0,299.95,32.99,164.95,135.0
2025-11-01,APAC,Online,Media & Entertainment,Vinyl Record,5,27.99,0.2,111.96,16.79,83.95,28.01
2025-11-01,EMEA,In-store,Electronics,USB-C Charger,9,19.99,0.1,161.92,10.99,98.91,63.01
2025-11-01,EMEA,In-store,Home & Kitchen,Air Fryer,10,89.99,0.15,764.91,62.99,629.9,135.01
2025-11-01,EMEA,In-store,Home & Kitchen,Coffee Grinder,7,39.99,0.0,279.93,23.99,167.93,112.0
2025-11-01,EMEA,In-store,Media & Entertainment,Vinyl Record,2,27.99,0.0,55.98,16.79,33.58,22.4
2025-11-01,EMEA,Online,Electronics,Smart Speaker,7,49.99,0.0,349.93,34.99,244.93,105.0
2025-11-01,EMEA,Online,Home & Kitchen,Coffee Grinder,5,39.99,0.1,179.96,23.99,119.95,60.01
2025-11-01,North America,In-store,Apparel,Wool Socks 3-pack,9,14.99,0.1,121.42,6.0,54.0,67.42
2025-11-01,North America,In-store,Beauty & Wellness,Collagen Powder,11,34.99,0.0,384.89,14.0,154.0,230.89
2025-11-01,North America,In-store,Electronics,USB-C Charger,34,19.99,0.0,679.66,10.99,373.66,306.0
2025-11-01,North America,In-store,Electronics,Wireless Earbuds,20,79.99,0.0,1599.8,51.99,1039.8,560.0
2025-11-01,North America,In-store,Home & Kitchen,Air Fryer,10,89.99,0.1,809.91,62.99,629.9,180.01
2025-11-01,North America,In-store,Home & Kitchen,Cookware Set,2,129.99,0.0,259.98,84.49,168.98,91.0
2025-11-01,North America,Online,Apparel,Running Tee,9,24.99,0.0,224.91,11.25,101.25,123.66
2025-11-01,North America,Online,Home & Kitchen,Air Fryer,8,89.99,0.15,611.93,62.99,503.92,108.01
2025-11-01,North America,Online,Media & Entertainment,Blu-ray Box Set,3,39.99,0.15,101.97,29.99,89.97,12.0
2025-11-01,UK & Ireland,In-store,Apparel,Running Tee,7,24.99,0.2,139.94,11.25,78.75,61.19
2025-11-01,UK & Ireland,In-store,Home & Kitchen,Coffee Grinder,6,39.99,0.0,239.94,23.99,143.94,96.0
2025-11-01,UK & Ireland,Online,Electronics,Smart Speaker,8,49.99,0.0,399.92,34.99,279.92,120.0
2025-11-01,UK & Ireland,Online,Home & Kitchen,Cookware Set,4,129.99,0.0,519.96,84.49,337.96,182.0
2025-11-02,APAC,In-store,Beauty & Wellness,Electric Toothbrush,11,59.99,0.0,659.89,32.99,362.89,297.0
2025-11-02,APAC,Online,Electronics,USB-C Charger,14,19.99,0.0,279.86,10.99,153.86,126.0
2025-11-02,EMEA,In-store,Home & Kitchen,Cookware Set,7,129.99,0.0,909.93,84.49,591.43,318.5
2025-11-02,EMEA,In-store,Media & Entertainment,Board Game,10,34.99,0.0,349.9,19.24,192.4,157.5
2025-11-02,EMEA,Online,Apparel,Running Tee,7,24.99,0.0,174.93,11.25,78.75,96.18
2025-11-02,EMEA,Online,Apparel,Wool Socks 3-pack,13,14.99,0.0,194.87,6.0,78.0,116.87
2025-11-02,LATAM,In-store,Beauty & Wellness,Vitamin C Serum,5,29.99,0.0,149.95,10.5,52.5,97.45
2025-11-02,LATAM,In-store,Electronics,USB-C Charger,5,19.99,0.0,99.95,10.99,54.95,45.0
2025-11-02,LATAM,Online,Electronics,USB-C Charger,6,19.99,0.25,89.95,10.99,65.94,24.01
2025-11-02,LATAM,Online,Home & Kitchen,Air Fryer,4,89.99,0.0,359.96,62.99,251.96,108.0
2025-11-02,North America,In-store,Apparel,Denim Jacket,4,69.99,0.0,279.96,34.99,139.96,140.0
2025-11-02,North America,In-store,Beauty & Wellness,Vitamin C Serum,9,29.99,0.1,242.92,10.5,94.5,148.42
2025-11-02,North America,In-store,Home & Kitchen,Cookware Set,5,129.99,0.0,649.95,84.49,422.45,227.5
2025-11-02,UK & Ireland,In-store,Electronics,Smart Speaker,14,49.99,0.0,699.86,34.99,489.86,210.0
2025-11-02,UK & Ireland,Online,Electronics,Wireless Earbuds,2,79.99,0.0,159.98,51.99,103.98,56.0
2025-11-02,UK & Ireland,Online,Media & Entertainment,Board Game,3,34.99,0.15,89.22,19.24,57.72,31.5
2025-11-03,APAC,In-store,Media & Entertainment,Vinyl Record,1,27.99,0.0,27.99,16.79,16.79,11.2
2025-11-03,APAC,Online,Home & Kitchen,Air Fryer,4,89.99,0.1,323.96,62.99,251.96,72.0
2025-11-03,EMEA,Online,Apparel,Running Tee,8,24.99,0.0,199.92,11.25,90.0,109.92
2025-11-03,EMEA,Online,Electronics,Smart Speaker,9,49.99,0.25,337.43,34.99,314.91,22.52
2025-11-03,LATAM,In-store,Electronics,Smart Speaker,4,49.99,0.1,179.96,34.99,139.96,40.0
2025-11-03,LATAM,Online,Media & Entertainment,Blu-ray Box Set,2,39.99,0.0,79.98,29.99,59.98,20.0
2025-11-03,North America,In-store,Media & Entertainment,Board Game,7,34.99,0.0,244.93,19.24,134.68,110.25
2025-11-03,North America,Online,Apparel,Wool Socks 3-pack,7,14.99,0.0,104.93,6.0,42.0,62.93
2025-11-03,North America,Online,Electronics,USB-C Charger,7,19.99,0.0,139.93,10.99,76.93,63.0
2025-11-03,North America,Online,Media & Entertainment,Blu-ray Box Set,5,39.99,0.1,179.96,29.99,149.95,30.01
2025-11-03,UK & Ireland,Online,Beauty & Wellness,Electric Toothbrush,6,59.99,0.0,359.94,32.99,197.94,162.0
2025-11-03,UK & Ireland,Online,Electronics,Smart Speaker,7,49.99,0.0,349.93,34.99,244.93,105.0
2025-11-03,UK & Ireland,Online,Home & Kitchen,Air Fryer,4,89.99,0.1,323.96,62.99,251.96,72.0
2025-11-04,APAC,In-store,Media & Entertainment,Board Game,6,34.99,0.25,157.45,19.24,115.44,42.01
2025-11-04,APAC,Online,Beauty & Wellness,Collagen Powder,14,34.99,0.25,367.39,14.0,196.0,171.39
2025-11-04,APAC,Online,Electronics,Smart Speaker,6,49.99,0.0,299.94,34.99,209.94,90.0
2025-11-04,APAC,Online,Home & Kitchen,Air Fryer,13,89.99,0.0,1169.87,62.99,818.87,351.0
2025-11-04,APAC,Online,Media & Entertainment,Vinyl Record,1,27.99,0.0,27.99,16.79,16.79,11.2
2025-11-04,EMEA,In-store,Apparel,Wool Socks 3-pack,5,14.99,0.0,74.95,6.0,30.0,44.95
2025-11-04,EMEA,Online,Electronics,USB-C Charger,10,19.99,0.15,169.91,10.99,109.9,60.01
2025-11-04,LATAM,In-store,Home & Kitchen,Air Fryer,2,89.99,0.0,179.98,62.99,125.98,54.0
2025-11-04,LATAM,Online,Electronics,Smart Speaker,1,49.99,0.2,39.99,34.99,34.99,5.0
2025-11-04,North America,In-store,Electronics,Wireless Earbuds,14,79.99,0.0,1119.86,51.99,727.86,392.0
2025-11-04,North America,In-store,Home & Kitchen,Coffee Grinder,4,39.99,0.0,159.96,23.99,95.96,64.0
2025-11-04,North America,Online,Media & Entertainment,Board Game,9,34.99,0.0,314.91,19.24,173.16,141.75
2025-11-04,UK & Ireland,In-store,Apparel,Denim Jacket,3,69.99,0.1,188.97,34.99,104.97,84.0
2025-11-04,UK & Ireland,In-store,Beauty & Wellness,Electric Toothbrush,8,59.99,0.15,407.93,32.99,263.92,144.01
2025-11-04,UK & Ireland,In-store,Beauty & Wellness,Vitamin C Serum,7,29.99,0.1,188.94,10.5,73.5,115.44
2025-11-04,UK & Ireland,In-store,Media & Entertainment,Board Game,2,34.99,0.15,59.48,19.24,38.48,21.0
2025-11-04,UK & Ireland,In-store,Media & Entertainment,Vinyl Record,4,27.99,0.0,111.96,16.79,67.16,44.8
2025-11-04,UK & Ireland,Online,Apparel,Wool Socks 3-pack,3,14.99,0.0,44.97,6.0,18.0,26.97
2025-11-04,UK & Ireland,Online,Home & Kitchen,Coffee Grinder,6,39.99,0.0,239.94,23.99,143.94,96.0
2025-11-04,UK & Ireland,Online,Media & Entertainment,Vinyl Record,7,27.99,0.1,176.34,16.79,117.53,58.81
2025-11-05,APAC,In-store,Apparel,Running Tee,8,24.99,0.0,199.92,11.25,90.0,109.92
2025-11-05,APAC,In-store,Home & Kitchen,Cookware Set,2,129.99,0.0,259.98,84.49,168.98,91.0
2025-11-05,APAC,Online,Apparel,Denim Jacket,3,69.99,0.2,167.98,34.99,104.97,63.01
2025-11-05,APAC,Online,Electronics,Wireless Earbuds,8,79.99,0.0,639.92,51.99,415.92,224.0
2025-11-05,EMEA,Online,Apparel,Running Tee,6,24.99,0.25,112.45,11.25,67.5,44.95
2025-11-05,EMEA,Online,Beauty & Wellness,Vitamin C Serum,4,29.99,0.0,119.96,10.5,42.0,77.96
2025-11-05,EMEA,Online,Electronics,Wireless Earbuds,2,79.99,0.0,159.98,51.99,103.98,56.0
2025-11-05,LATAM,In-store,Apparel,Running Tee,11,24.99,0.0,274.89,11.25,123.75,151.14
2025-11-05,LATAM,In-store,Apparel,Wool Socks 3-pack,6,14.99,0.0,89.94,6.0,36.0,53.94
2025-11-05,LATAM,Online,Media & Entertainment,Board Game,3,34.99,0.0,104.97,19.24,57.72,47.25
2025-11-05,North America,In-store,Electronics,Smart Speaker,4,49.99,0.0,199.96,34.99,139.96,60.0
2025-11-05,North America,In-store,Electronics,USB-C Charger,18,19.99,0.0,359.82,10.99,197.82,162.0
2025-11-05,North America,Online,Apparel,Wool Socks 3-pack,3,14.99,0.25,33.73,6.0,18.0,15.73
2025-11-05,North America,Online,Media & Entertainment,Blu-ray Box Set,4,39.99,0.0,159.96,29.99,119.96,40.0
2025-11-05,UK & Ireland,In-store,Apparel,Wool Socks 3-pack,3,14.99,0.0,44.97,6.0,18.0,26.97
2025-11-05,UK & Ireland,In-store,Home & Kitchen,Air Fryer,11,89.99,0.0,989.89,62.99,692.89,297.0
2025-11-06,APAC,In-store,Beauty & Wellness,Collagen Powder,7,34.99,0.1,220.44,14.0,98.0,122.44
2025-11-06,APAC,In-store,Electronics,Smart Speaker,10,49.99,0.0,499.9,34.99,349.9,150.0
2025-11-06,APAC,Online,Beauty & Wellness,Electric Toothbrush,9,59.99,0.0,539.91,32.99,296.91,243.0
2025-11-06,APAC,Online,Home & Kitchen,Coffee Grinder,5,39.99,0.0,199.95,23.99,119.95,80.0
2025-11-06,EMEA,In-store,Electronics,Wireless Earbuds,14,79.99,0.0,1119.86,51.99,727.86,392.0
2025-11-06,EMEA,In-store,Media & Entertainment,Blu-ray Box Set,7,39.99,0.15,237.94,29.99,209.93,28.01
2025-11-06,LATAM,In-store,Media & Entertainment,Blu-ray Box Set,4,39.99,0.0,159.96,29.99,119.96,40.0
2025-11-06,LATAM,Online,Apparel,Running Tee,6,24.99,0.1,134.95,11.25,67.5,67.45
2025-11-06,LATAM,Online,Home & Kitchen,Coffee Grinder,2,39.99,0.15,67.98,23.99,47.98,20.0
2025-11-06,North America,Online,Home & Kitchen,Air Fryer,8,89.99,0.0,719.92,62.99,503.92,216.0
2025-11-06,North America,Online,Media & Entertainment,Vinyl Record,4,27.99,0.15,95.17,16.79,67.16,28.01
2025-11-06,UK & Ireland,Online,Electronics,Wireless Earbuds,9,79.99,0.0,719.91,51.99,467.91,252.0
2025-11-07,EMEA,In-store,Media & Entertainment,Blu-ray Box Set,5,39.99,0.0,199.95,29.99,149.95,50.0
2025-11-07,LATAM,In-store,Apparel,Wool Socks 3-pack,1,14.99,0.25,11.24,6.0,6.0,5.24
2025-11-07,LATAM,In-store,Beauty & Wellness,Electric Toothbrush,7,59.99,0.25,314.95,32.99,230.93,84.02
2025-11-07,LATAM,In-store,Electronics,Smart Speaker,2,49.99,0.0,99.98,34.99,69.98,30.0
2025-11-07,LATAM,In-store,Home & Kitchen,Air Fryer,4,89.99,0.0,359.96,62.99,251.96,108.0
2025-11-07,North America,In-store,Electronics,Smart Speaker,11,49.99,0.0,549.89,34.99,384.89,165.0
2025-11-07,North America,In-store,Media & Entertainment,Board Game,6,34.99,0.0,209.94,19.24,115.44,94.5
2025-11-07,North America,Online,Beauty & Wellness,Vitamin C Serum,11,29.99,0.2,263.91,10.5,115.5,148.41
2025-11-07,UK & Ireland,In-store,Home & Kitchen,Air Fryer,5,89.99,0.0,449.95,62.99,314.95,135.0
2025-11-07,UK & Ireland,In-store,Home & Kitchen,Cookware Set,2,129.99,0.0,259.98,84.49,168.98,91.0
2025-11-07,UK & Ireland,Online,Apparel,Wool Socks 3-pack,7,14.99,0.2,83.94,6.0,42.0,41.94
2025-11-07,UK & Ireland,Online,Home & Kitchen,Air Fryer,7,89.99,0.25,472.45,62.99,440.93,31.52
2025-11-07,UK & Ireland,Online,Media & Entertainment,Blu-ray Box Set,7,39.99,0.0,279.93,29.99,209.93,70.0
2025-11-08,APAC,In-store,Home & Kitchen,Coffee Grinder,6,39.99,0.25,179.95,23.99,143.94,36.01
2025-11-08,APAC,Online,Electronics,USB-C Charger,5,19.99,0.0,99.95,10.99,54.95,45.0
2025-11-08,APAC,Online,Home & Kitchen,Air Fryer,2,89.99,0.15,152.98,62.99,125.98,27.0
2025-11-08,APAC,Online,Media & Entertainment,Board Game,10,34.99,0.0,349.9,19.24,192.4,157.5
2025-11-08,EMEA,Online,Media & Entertainment,Board Game,4,34.99,0.0,139.96,19.24,76.96,63.0
2025-11-08,LATAM,In-store,Apparel,Wool Socks 3-pack,8,14.99,0.0,119.92,6.0,48.0,71.92
2025-11-08,LATAM,In-store,Beauty & Wellness,Electric Toothbrush,4,59.99,0.25,179.97,32.99,131.96,48.01
2025-11-08,LATAM,Online,Beauty & Wellness,Electric Toothbrush,3,59.99,0.15,152.97,32.99,98.97,54.0
2025-11-08,North America,In-store,Beauty & Wellness,Vitamin C Serum,9,29.99,0.0,269.91,10.5,94.5,175.41
2025-11-08,North America,In-store,Electronics,USB-C Charger,20,19.99,0.15,339.83,10.99,219.8,120.03
2025-11-08,North America,Online,Apparel,Running Tee,10,24.99,0.0,249.9,11.25,112.5,137.4
2025-11-08,North America,Online,Home & Kitchen,Cookware Set,8,129.99,0.15,883.93,84.49,675.92,208.01
2025-11-08,UK & Ireland,In-store,Beauty & Wellness,Vitamin C Serum,12,29.99,0.2,287.9,10.5,126.0,161.9
2025-11-08,UK & Ireland,In-store,Home & Kitchen,Cookware Set,6,129.99,0.0,779.94,84.49,506.94,273.0
2025-11-08,UK & Ireland,Online,Home & Kitchen,Cookware Set,5,129.99,0.0,649.95,84.49,422.45,227.5
2025-11-09,APAC,In-store,Apparel,Wool Socks 3-pack,8,14.99,0.0,119.92,6.0,48.0,71.92
2025-11-09,APAC,Online,Home & Kitchen,Air Fryer,2,89.99,0.0,179.98,62.99,125.98,54.0
2025-11-09,EMEA,In-store,Electronics,Smart Speaker,3,49.99,0.1,134.97,34.99,104.97,30.0
2025-11-09,EMEA,Online,Beauty & Wellness,Electric Toothbrush,9,59.99,0.25,404.93,32.99,296.91,108.02
2025-11-09,EMEA,Online,Beauty & Wellness,Vitamin C Serum,6,29.99,0.0,179.94,10.5,63.0,116.94
2025-11-09,EMEA,Online,Electronics,Smart Speaker,8,49.99,0.0,399.92,34.99,279.92,120.0
2025-11-09,LATAM,In-store,Electronics,Smart Speaker,4,49.99,0.1,179.96,34.99,139.96,40.0
2025-11-09,LATAM,In-store,Home & Kitchen,Cookware Set,5,129.99,0.25,487.46,84.49,422.45,65.01
2025-11-09,LATAM,Online,Beauty & Wellness,Vitamin C Serum,9,29.99,0.15,229.42,10.5,94.5,134.92
2025-11-09,LATAM,Online,Home & Kitchen,Coffee Grinder,1,39.99,0.1,35.99,23.99,23.99,12.0
2025-11-09,LATAM,Online,Home & Kitchen,Cookware Set,3,129.99,0.25,292.48,84.49,253.47,39.01
2025-11-09,North America,In-store,Beauty & Wellness,Collagen Powder,12,34.99,0.0,419.88,14.0,168.0,251.88
2025-11-09,North America,In-store,Home & Kitchen,Coffee Grinder,8,39.99,0.0,319.92,23.99,191.92,128.0
2025-11-09,North America,In-store,Home & Kitchen,Cookware Set,4,129.99,0.25,389.97,84.49,337.96,52.01
2025-11-09,North America,Online,Beauty & Wellness,Collagen Powder,15,34.99,0.1,472.37,14.0,210.0,262.37
2025-11-09,UK & Ireland,Online,Beauty & Wellness,Vitamin C Serum,6,29.99,0.0,179.94,10.5,63.0,116.94
2025-11-09,UK & Ireland,Online,Home & Kitchen,Air Fryer,2,89.99,0.2,143.98,62.99,125.98,18.0
2025-11-09,UK & Ireland,Online,Home & Kitchen,Coffee Grinder,4,39.99,0.25,119.97,23.99,95.96,24.01
2025-11-09,UK & Ireland,Online,Home & Kitchen,Cookware Set,5,129.99,0.2,519.96,84.49,422.45,97.51
2025-11-10,APAC,In-store,Media & Entertainment,Blu-ray Box Set,1,39.99,0.0,39.99,29.99,29.99,10.0
2025-11-10,APAC,In-store,Media & Entertainment,Board Game,7,34.99,0.0,244.93,19.24,134.68,110.25
2025-11-10,APAC,Online,Apparel,Wool Socks 3-pack,4,14.99,0.0,59.96,6.0,24.0,35.96
2025-11-10,APAC,Online,Electronics,Smart Speaker,10,49.99,0.0,499.9,34.99,349.9,150.0
2025-11-10,APAC,Online,Media & Entertainment,Vinyl Record,4,27.99,0.0,111.96,16.79,67.16,44.8
2025-11-10,EMEA,In-store,Electronics,USB-C Charger,15,19.99,0.0,299.85,10.99,164.85,135.0
2025-11-10,EMEA,In-store,Media & Entertainment,Blu-ray Box Set,3,39.99,0.0,119.97,29.99,89.97,30.0
2025-11-10,EMEA,Online,Beauty & Wellness,Vitamin C Serum,5,29.99,0.0,149.95,10.5,52.5,97.45
2025-11-10,EMEA,Online,Electronics,USB-C Charger,3,19.99,0.0,59.97,10.99,32.97,27.0
2025-11-10,EMEA,Online,Home & Kitchen,Coffee Grinder,2,39.99,0.2,63.98,23.99,47.98,16.0
2025-11-10,EMEA,Online,Home & Kitchen,Cookware Set,2,129.99,0.0,259.98,84.49,168.98,91.0
2025-11-10,EMEA,Online,Media & Entertainment,Board Game,7,34.99,0.2,195.94,19.24,134.68,61.26
2025-11-10,LATAM,In-store,Beauty & Wellness,Collagen Powder,2,34.99,0.2,55.98,14.0,28.0,27.98
2025-11-10,LATAM,In-store,Beauty & Wellness,Vitamin C Serum,6,29.99,0.0,179.94,10.5,63.0,116.94
2025-11-10,LATAM,Online,Apparel,Denim Jacket,2,69.99,0.0,139.98,34.99,69.98,70.0
2025-11-10,LATAM,Online,Beauty & Wellness,Electric Toothbrush,1,59.99,0.0,59.99,32.99,32.99,27.0
2025-11-10,UK & Ireland,Online,Electronics,Smart Speaker,3,49.99,0.15,127.47,34.99,104.97,22.5
2025-11-11,APAC,Online,Media & Entertainment,Blu-ray Box Set,1,39.99,0.0,39.99,29.99,29.99,10.0
2025-11-11,EMEA,In-store,Apparel,Wool Socks 3-pack,3,14.99,0.0,44.97,6.0,18.0,26.97
2025-11-11,EMEA,In-store,Electronics,Wireless Earbuds,4,79.99,0.0,319.96,51.99,207.96,112.0
2025-11-11,EMEA,In-store,Media & Entertainment,Blu-ray Box Set,6,39.99,0.0,239.94,29.99,179.94,60.0
2025-11-11,LATAM,In-store,Beauty & Wellness,Electric Toothbrush,3,59.99,0.0,179.97,32.99,98.97,81.0
2025-11-11,LATAM,In-store,Home & Kitchen,Coffee Grinder,4,39.99,0.0,159.96,23.99,95.96,64.0
2025-11-11,LATAM,Online,Electronics,USB-C Charger,8,19.99,0.25,119.94,10.99,87.92,32.02
2025-11-11,LATAM,Online,Media & Entertainment,Vinyl Record,4,27.99,0.0,111.96,16.79,67.16,44.8
2025-11-11,North America,In-store,Media & Entertainment,Vinyl Record,5,27.99,0.0,139.95,16.79,83.95,56.0
2025-11-11,North America,Online,Home & Kitchen,Cookware Set,4,129.99,0.0,519.96,84.49,337.96,182.0
2025-11-11,UK & Ireland,In-store,Home & Kitchen,Air Fryer,4,89.99,0.25,269.97,62.99,251.96,18.01
2025-11-11,UK & Ireland,In-store,Media & Entertainment,Blu-ray Box Set,3,39.99,0.0,119.97,29.99,89.97,30.0
2025-11-12,APAC,In-store,Beauty & Wellness,Collagen Powder,5,34.99,0.1,157.46,14.0,70.0,87.46
2025-11-12,APAC,Online,Beauty & Wellness,Electric Toothbrush,6,59.99,0.0,359.94,32.99,197.94,162.0
2025-11-12,EMEA,In-store,Beauty & Wellness,Electric Toothbrush,8,59.99,0.25,359.94,32.99,263.92,96.02
2025-11-12,EMEA,In-store,Electronics,Wireless Earbuds,3,79.99,0.25,179.98,51.99,155.97,24.01
2025-11-12,EMEA,In-store,Media & Entertainment,Board Game,6,34.99,0.25,157.45,19.24,115.44,42.01
2025-11-12,EMEA,In-store,Media & Entertainment,Vinyl Record,4,27.99,0.0,111.96,16.79,67.16,44.8
2025-11-12,EMEA,Online,Home & Kitchen,Cookware Set,6,129.99,0.0,779.94,84.49,506.94,273.0
2025-11-12,LATAM,In-store,Beauty & Wellness,Vitamin C Serum,5,29.99,0.1,134.95,10.5,52.5,82.45
2025-11-12,LATAM,In-store,Electronics,Wireless Earbuds,5,79.99,0.1,359.95,51.99,259.95,100.0
2025-11-12,LATAM,Online,Home & Kitchen,Air Fryer,2,89.99,0.25,134.98,62.99,125.98,9.0
2025-11-12,LATAM,Online,Media & Entertainment,Board Game,2,34.99,0.15,59.48,19.24,38.48,21.0
2025-11-12,LATAM,Online,Media & Entertainment,Vinyl Record,1,27.99,0.0,27.99,16.79,16.79,11.2
2025-11-12,North America,In-store,Beauty & Wellness,Collagen Powder,19,34.99,0.0,664.81,14.0,266.0,398.81
2025-11-12,North America,In-store,Media & Entertainment,Board Game,6,34.99,0.2,167.95,19.24,115.44,52.51
2025-11-12,North America,Online,Apparel,Running Tee,25,24.99,0.0,624.75,11.25,281.25,343.5
2025-11-12,North America,Online,Electronics,Wireless Earbuds,13,79.99,0.0,1039.87,51.99,675.87,364.0
2025-11-12,North America,Online,Home & Kitchen,Cookware Set,6,129.99,0.0,779.94,84.49,506.94,273.0
2025-11-12,North America,Online,Media & Entertainment,Board Game,5,34.99,0.0,174.95,19.24,96.2,78.75
2025-11-12,UK & Ireland,In-store,Electronics,Smart Speaker,11,49.99,0.0,549.89,34.99,384.89,165.0
2025-11-12,UK & Ireland,In-store,Electronics,Wireless Earbuds,7,79.99,0.0,559.93,51.99,363.93,196.0
2025-11-12,UK & Ireland,In-store,Home & Kitchen,Cookware Set,2,129.99,0.25,194.99,84.49,168.98,26.01
2025-11-12,UK & Ireland,In-store,Media & Entertainment,Board Game,6,34.99,0.15,178.45,19.24,115.44,63.01
2025-11-13,APAC,In-store,Home & Kitchen,Coffee Grinder,4,39.99,0.25,119.97,23.99,95.96,24.01
2025-11-13,APAC,Online,Beauty & Wellness,Electric Toothbrush,4,59.99,0.0,239.96,32.99,131.96,108.0
2025-11-13,APAC,Online,Home & Kitchen,Air Fryer,3,89.99,0.1,242.97,62.99,188.97,54.0
2025-11-13,APAC,Online,Home & Kitchen,Cookware Set,4,129.99,0.0,519.96,84.49,337.96,182.0
2025-11-13,APAC,Online,Media & Entertainment,Board Game,3,34.99,0.0,104.97,19.24,57.72,47.25
2025-11-13,EMEA,In-store,Apparel,Running Tee,10,24.99,0.2,199.92,11.25,112.5,87.42
2025-11-13,LATAM,Online,Electronics,Wireless Earbuds,4,79.99,0.0,319.96,51.99,207.96,112.0
2025-11-13,LATAM,Online,Media & Entertainment,Blu-ray Box Set,2,39.99,0.25,59.98,29.99,59.98,0.0
2025-11-13,North America,In-store,Home & Kitchen,Air Fryer,4,89.99,0.2,287.97,62.99,251.96,36.01
2025-11-13,North America,Online,Electronics,Wireless Earbuds,4,79.99,0.1,287.96,51.99,207.96,80.0
2025-11-13,North America,Online,Media & Entertainment,Blu-ray Box Set,1,39.99,0.0,39.99,29.99,29.99,10.0
2025-11-13,North America,Online,Media & Entertainment,Board Game,7,34.99,0.0,244.93,19.24,134.68,110.25
2025-11-13,UK & Ireland,In-store,Beauty & Wellness,Collagen Powder,10,34.99,0.0,349.9,14.0,140.0,209.9
2025-11-13,UK & Ireland,Online,Apparel,Wool Socks 3-pack,3,14.99,0.15,38.22,6.0,18.0,20.22
2025-11-14,APAC,In-store,Beauty & Wellness,Collagen Powder,6,34.99,0.0,209.94,14.0,84.0,125.94
2025-11-14,APAC,Online,Electronics,Wireless Earbuds,4,79.99,0.0,319.96,51.99,207.96,112.0
2025-11-14,EMEA,In-store,Beauty & Wellness,Collagen Powder,11,34.99,0.0,384.89,14.0,154.0,230.89
2025-11-14,EMEA,Online,Apparel,Denim Jacket,6,69.99,0.0,419.94,34.99,209.94,210.0
2025-11-14,EMEA,Online,Apparel,Wool Socks 3-pack,6,14.99,0.0,89.94,6.0,36.0,53.94
2025-11-14,EMEA,Online,Beauty & Wellness,Collagen Powder,5,34.99,0.15,148.71,14.0,70.0,78.71
2025-11-14,EMEA,Online,Electronics,Wireless Earbuds,16,79.99,0.25,959.88,51.99,831.84,128.04
2025-11-14,LATAM,In-store,Apparel,Denim Jacket,1,69.99,0.25,52.49,34.99,34.99,17.5
2025-11-14,LATAM,Online,Electronics,USB-C Charger,3,19.99,0.15,50.97,10.99,32.97,18.0
2025-11-14,LATAM,Online,Media & Entertainment,Vinyl Record,2,27.99,0.0,55.98,16.79,33.58,22.4
2025-11-14,North America,In-store,Apparel,Running Tee,12,24.99,0.25,224.91,11.25,135.0,89.91
2025-11-14,North America,Online,Beauty & Wellness,Collagen Powder,9,34.99,0.0,314.91,14.0,126.0,188.91
2025-11-14,UK & Ireland,In-store,Apparel,Wool Socks 3-pack,7,14.99,0.0,104.93,6.0,42.0,62.93
2025-11-14,UK & Ireland,In-store,Media & Entertainment,Board Game,3,34.99,0.1,94.47,19.24,57.72,36.75
2025-11-14,UK & Ireland,Online,Apparel,Denim Jacket,3,69.99,0.25,157.48,34.99,104.97,52.51
2025-11-15,APAC,In-store,Beauty & Wellness,Electric Toothbrush,10,59.99,0.0,599.9,32.99,329.9,270.0
2025-11-15,APAC,In-store,Beauty & Wellness,Vitamin C Serum,15,29.99,0.0,449.85,10.5,157.5,292.35
2025-11-15,APAC,Online,Apparel,Denim Jacket,2,69.99,0.0,139.98,34.99,69.98,70.0
2025-11-15,APAC,Online,Home & Kitchen,Coffee Grinder,6,39.99,0.15,203.95,23.99,143.94,60.01
2025-11-15,APAC,Online,Home & Kitchen,Cookware Set,4,129.99,0.15,441.97,84.49,337.96,104.01
2025-11-15,EMEA,Online,Apparel,Running Tee,9,24.99,0.0,224.91,11.25,101.25,123.66
2025-11-15,EMEA,Online,Apparel,Wool Socks 3-pack,8,14.99,0.25,89.94,6.0,48.0,41.94
2025-11-15,EMEA,Online,Home & Kitchen,Air Fryer,8,89.99,0.0,719.92,62.99,503.92,216.0
2025-11-15,LATAM,In-store,Media & Entertainment,Board Game,2,34.99,0.0,69.98,19.24,38.48,31.5
2025-11-15,LATAM,Online,Electronics,USB-C Charger,9,19.99,0.0,179.91,10.99,98.91,81.0
2025-11-15,North America,In-store,Beauty & Wellness,Vitamin C Serum,9,29.99,0.0,269.91,10.5,94.5,175.41
2025-11-15,North America,Online,Electronics,Smart Speaker,6,49.99,0.0,299.94,34.99,209.94,90.0
2025-11-15,North America,Online,Electronics,USB-C Charger,17,19.99,0.0,339.83,10.99,186.83,153.0
2025-11-15,UK & Ireland,In-store,Beauty & Wellness,Vitamin C Serum,11,29.99,0.0,329.89,10.5,115.5,214.39
2025-11-15,UK & Ireland,In-store,Electronics,USB-C Charger,17,19.99,0.0,339.83,10.99,186.83,153.0
2025-11-15,UK & Ireland,In-store,Media & Entertainment,Blu-ray Box Set,6,39.99,0.0,239.94,29.99,179.94,60.0
2025-11-16,APAC,In-store,Home & Kitchen,Coffee Grinder,3,39.99,0.2,95.98,23.99,71.97,24.01
2025-11-16,APAC,In-store,Media & Entertainment,Vinyl Record,2,27.99,0.0,55.98,16.79,33.58,22.4
2025-11-16,APAC,Online,Beauty & Wellness,Electric Toothbrush,10,59.99,0.0,599.9,32.99,329.9,270.0
2025-11-16,APAC,Online,Home & Kitchen,Coffee Grinder,2,39.99,0.0,79.98,23.99,47.98,32.0
2025-11-16,APAC,Online,Media & Entertainment,Blu-ray Box Set,4,39.99,0.0,159.96,29.99,119.96,40.0
2025-11-16,EMEA,In-store,Apparel,Running Tee,7,24.99,0.15,148.69,11.25,78.75,69.94
2025-11-16,EMEA,In-store,Electronics,Wireless Earbuds,8,79.99,0.0,639.92,51.99,415.92,224.0
2025-11-16,LATAM,In-store,Beauty & Wellness,Electric Toothbrush,12,59.99,0.0,719.88,32.99,395.88,324.0
2025-11-16,LATAM,Online,Beauty & Wellness,Electric Toothbrush,1,59.99,0.0,59.99,32.99,32.99,27.0
2025-11-16,LATAM,Online,Electronics,USB-C Charger,11,19.99,0.1,197.9,10.99,120.89,77.01
2025-11-16,North America,In-store,Apparel,Denim Jacket,4,69.99,0.0,279.96,34.99,139.96,140.0
2025-11-16,North America,In-store,Beauty & Wellness,Electric Toothbrush,10,59.99,0.15,509.91,32.99,329.9,180.01
2025-11-16,North America,In-store,Home & Kitchen,Air Fryer,6,89.99,0.0,539.94,62.99,377.94,162.0
2025-11-16,North America,Online,Beauty & Wellness,Collagen Powder,7,34.99,0.1,220.44,14.0,98.0,122.44
2025-11-16,North America,Online,Electronics,Wireless Earbuds,10,79.99,0.0,799.9,51.99,519.9,280.0
2025-11-16,North America,Online,Media & Entertainment,Blu-ray Box Set,1,39.99,0.25,29.99,29.99,29.99,0.0
2025-11-16,UK & Ireland,In-store,Apparel,Denim Jacket,5,69.99,0.0,349.95,34.99,174.95,175.0
2025-11-16,UK & Ireland,Online,Beauty & Wellness,Vitamin C Serum,9,29.99,0.0,269.91,10.5,94.5,175.41
2025-11-17,APAC,In-store,Beauty & Wellness,Electric Toothbrush,7,59.99,0.0,419.93,32.99,230.93,189.0
2025-11-17,APAC,In-store,Electronics,Smart Speaker,8,49.99,0.0,399.92,34.99,279.92,120.0
2025-11-17,APAC,In-store,Home & Kitchen,Air Fryer,5,89.99,0.0,449.95,62.99,314.95,135.0
2025-11-17,APAC,Online,Media & Entertainment,Board Game,4,34.99,0.0,139.96,19.24,76.96,63.0
2025-11-17,EMEA,Online,Media & Entertainment,Board Game,7,34.99,0.2,195.94,19.24,134.68,61.26
2025-11-17,LATAM,In-store,Electronics,Smart Speaker,4,49.99,0.1,179.96,34.99,139.96,40.0
2025-11-17,LATAM,In-store,Electronics,Wireless Earbuds,3,79.99,0.1,215.97,51.99,155.97,60.0
2025-11-17,LATAM,In-store,Home & Kitchen,Air Fryer,7,89.99,0.1,566.94,62.99,440.93,126.01
2025-11-17,LATAM,In-store,Media & Entertainment,Blu-ray Box Set,1,39.99,0.0,39.99,29.99,29.99,10.0
2025-11-17,LATAM,Online,Electronics,USB-C Charger,2,19.99,0.0,39.98,10.99,21.98,18.0
2025-11-17,North America,In-store,Media & Entertainment,Blu-ray Box Set,3,39.99,0.15,101.97,29.99,89.97,12.0
2025-11-17,North America,In-store,Media & Entertainment,Board Game,2,34.99,0.0,69.98,19.24,38.48,31.5
2025-11-17,North America,In-store,Media & Entertainment,Vinyl Record,2,27.99,0.0,55.98,16.79,33.58,22.4
2025-11-17,North America,Online,Home & Kitchen,Coffee Grinder,5,39.99,0.15,169.96,23.99,119.95,50.01
2025-11-17,UK & Ireland,In-store,Home & Kitchen,Air Fryer,5,89.99,0.0,449.95,62.99,314.95,135.0
2025-11-17,UK & Ireland,In-store,Home & Kitchen,Cookware Set,5,129.99,0.0,649.95,84.49,422.45,227.5
2025-11-17,UK & Ireland,Online,Beauty & Wellness,Electric Toothbrush,7,59.99,0.0,419.93,32.99,230.93,189.0
2025-11-18,APAC,In-store,Apparel,Wool Socks 3-pack,4,14.99,0.1,53.96,6.0,24.0,29.96
2025-11-18,APAC,In-store,Electronics,Smart Speaker,5,49.99,0.0,249.95,34.99,174.95,75.0
2025-11-18,APAC,Online,Media & Entertainment,Board Game,6,34.99,0.0,209.94,19.24,115.44,94.5
2025-11-18,EMEA,In-store,Electronics,Wireless Earbuds,11,79.99,0.0,879.89,51.99,571.89,308.0
2025-11-18,EMEA,In-store,Media & Entertainment,Vinyl Record,8,27.99,0.0,223.92,16.79,134.32,89.6
2025-11-18,LATAM,In-store,Media & Entertainment,Board Game,2,34.99,0.25,52.48,19.24,38.48,14.0
2025-11-18,LATAM,Online,Media & Entertainment,Vinyl Record,1,27.99,0.0,27.99,16.79,16.79,11.2
2025-11-18,North America,In-store,Beauty & Wellness,Electric Toothbrush,6,59.99,0.15,305.95,32.99,197.94,108.01
2025-11-18,North America,In-store,Electronics,USB-C Charger,13,19.99,0.1,233.88,10.99,142.87,91.01
2025-11-18,North America,Online,Apparel,Denim Jacket,10,69.99,0.0,699.9,34.99,349.9,350.0
2025-11-18,North America,Online,Electronics,Wireless Earbuds,9,79.99,0.1,647.92,51.99,467.91,180.01
2025-11-18,North America,Online,Home & Kitchen,Cookware Set,3,129.99,0.0,389.97,84.49,253.47,136.5
2025-11-18,UK & Ireland,In-store,Electronics,USB-C Charger,14,19.99,0.0,279.86,10.99,153.86,126.0
2025-11-18,UK & Ireland,In-store,Home & Kitchen,Coffee Grinder,3,39.99,0.0,119.97,23.99,71.97,48.0
2025-11-18,UK & Ireland,In-store,Media & Entertainment,Blu-ray Box Set,2,39.99,0.0,79.98,29.99,59.98,20.0
2025-11-18,UK & Ireland,Online,Apparel,Denim Jacket,1,69.99,0.15,59.49,34.99,34.99,24.5
2025-11-18,UK & Ireland,Online,Beauty & Wellness,Vitamin C Serum,10,29.99,0.0,299.9,10.5,105.0,194.9
2025-11-19,APAC,Online,Beauty & Wellness,Collagen Powder,6,34.99,0.0,209.94,14.0,84.0,125.94
2025-11-19,APAC,Online,Media & Entertainment,Board Game,3,34.99,0.15,89.22,19.24,57.72,31.5
2025-11-19,EMEA,In-store,Beauty & Wellness,Collagen Powder,13,34.99,0.1,409.38,14.0,182.0,227.38
2025-11-19,EMEA,In-store,Beauty & Wellness,Vitamin C Serum,5,29.99,0.0,149.95,10.5,52.5,97.45
2025-11-19,EMEA,In-store,Home & Kitchen,Cookware Set,3,129.99,0.0,389.97,84.49,253.47,136.5
2025-11-19,EMEA,In-store,Media & Entertainment,Board Game,3,34.99,0.15,89.22,19.24,57.72,31.5
2025-11-19,EMEA,Online,Apparel,Denim Jacket,2,69.99,0.0,139.98,34.99,69.98,70.0
2025-11-19,EMEA,Online,Electronics,Smart Speaker,3,49.99,0.0,149.97,34.99,104.97,45.0
2025-11-19,EMEA,Online,Electronics,USB-C Charger,7,19.99,0.15,118.94,10.99,76.93,42.01
2025-11-19,LATAM,In-store,Electronics,USB-C Charger,5,19.99,0.0,99.95,10.99,54.95,45.0
2025-11-19,LATAM,Online,Home & Kitchen,Cookware Set,1,129.99,0.0,129.99,84.49,84.49,45.5
2025-11-19,North America,In-store,Beauty & Wellness,Vitamin C Serum,6,29.99,0.2,143.95,10.5,63.0,80.95
2025-11-19,North America,Online,Home & Kitchen,Cookware Set,5,129.99,0.0,649.95,84.49,422.45,227.5
2025-11-19,UK & Ireland,In-store,Beauty & Wellness,Electric Toothbrush,3,59.99,0.25,134.98,32.99,98.97,36.01
2025-11-19,UK & Ireland,In-store,Home & Kitchen,Cookware Set,4,129.99,0.15,441.97,84.49,337.96,104.01
2025-11-19,UK & Ireland,Online,Home & Kitchen,Cookware Set,2,129.99,0.0,259.98,84.49,168.98,91.0
2025-11-19,UK & Ireland,Online,Media & Entertainment,Board Game,1,34.99,0.0,34.99,19.24,19.24,15.75
2025-11-20,APAC,In-store,Home & Kitchen,Cookware Set,4,129.99,0.0,519.96,84.49,337.96,182.0
2025-11-20,APAC,In-store,Media & Entertainment,Vinyl Record,5,27.99,0.2,111.96,16.79,83.95,28.01
2025-11-20,EMEA,In-store,Media & Entertainment,Vinyl Record,2,27.99,0.0,55.98,16.79,33.58,22.4
2025-11-20,LATAM,In-store,Apparel,Wool Socks 3-pack,1,14.99,0.2,11.99,6.0,6.0,5.99
2025-11-20,LATAM,In-store,Home & Kitchen,Coffee Grinder,2,39.99,0.2,63.98,23.99,47.98,16.0
2025-11-20,LATAM,In-store,Home & Kitchen,Cookware Set,2,129.99,0.0,259.98,84.49,168.98,91.0
2025-11-20,LATAM,Online,Apparel,Denim Jacket,2,69.99,0.0,139.98,34.99,69.98,70.0
2025-11-20,LATAM,Online,Electronics,Smart Speaker,6,49.99,0.2,239.95,34.99,209.94,30.01
2025-11-20,North America,In-store,Apparel,Denim Jacket,5,69.99,0.0,349.95,34.99,174.95,175.0
2025-11-20,UK & Ireland,In-store,Apparel,Wool Socks 3-pack,4,14.99,0.0,59.96,6.0,24.0,35.96
2025-11-20,UK & Ireland,In-store,Beauty & Wellness,Collagen Powder,8,34.99,0.1,251.93,14.0,112.0,139.93
2025-11-20,UK & Ireland,Online,Electronics,USB-C Charger,8,19.99,0.0,159.92,10.99,87.92,72.0
2025-11-20,UK & Ireland,Online,Home & Kitchen,Air Fryer,3,89.99,0.0,269.97,62.99,188.97,81.0
2025-11-21,APAC,In-store,Electronics,USB-C Charger,15,19.99,0.0,299.85,10.99,164.85,135.0
2025-11-21,APAC,Online,Apparel,Denim Jacket,6,69.99,0.0,419.94,34.99,209.94,210.0
2025-11-21,APAC,Online,Beauty & Wellness,Electric Toothbrush,5,59.99,0.0,299.95,32.99,164.95,135.0
2025-11-21,EMEA,In-store,Apparel,Running Tee,9,24.99,0.15,191.17,11.25,101.25,89.92
2025-11-21,EMEA,In-store,Apparel,Wool Socks 3-pack,3,14.99,0.0,44.97,6.0,18.0,26.97
2025-11-21,EMEA,In-store,Beauty & Wellness,Collagen Powder,18,34.99,0.0,629.82,14.0,252.0,377.82
2025-11-21,EMEA,Online,Home & Kitchen,Air Fryer,3,89.99,0.2,215.98,62.99,188.97,27.01
2025-11-21,LATAM,In-store,Electronics,Wireless Earbuds,12,79.99,0.0,959.88,51.99,623.88,336.0
2025-11-21,LATAM,Online,Home & Kitchen,Cookware Set,4,129.99,0.0,519.96,84.49,337.96,182.0
2025-11-21,North America,In-store,Home & Kitchen,Cookware Set,4,129.99,0.1,467.96,84.49,337.96,130.0
2025-11-21,UK & Ireland,In-store,Beauty & Wellness,Collagen Powder,7,34.99,0.0,244.93,14.0,98.0,146.93
2025-11-21,UK & Ireland,In-store,Home & Kitchen,Cookware Set,3,129.99,0.0,389.97,84.49,253.47,136.5
2025-11-21,UK & Ireland,Online,Beauty & Wellness,Collagen Powder,7,34.99,0.25,183.7,14.0,98.0,85.7
2025-11-21,UK & Ireland,Online,Beauty & Wellness,Vitamin C Serum,9,29.99,0.0,269.91,10.5,94.5,175.41
2025-11-22,EMEA,In-store,Electronics,Wireless Earbuds,14,79.99,0.0,1119.86,51.99,727.86,392.0
2025-11-22,EMEA,Online,Apparel,Denim Jacket,5,69.99,0.2,279.96,34.99,174.95,105.01
2025-11-22,EMEA,Online,Electronics,USB-C Charger,13,19.99,0.1,233.88,10.99,142.87,91.01
2025-11-22,LATAM,In-store,Beauty & Wellness,Collagen Powder,12,34.99,0.0,419.88,14.0,168.0,251.88
2025-11-22,LATAM,In-store,Media & Entertainment,Vinyl Record,3,27.99,0.0,83.97,16.79,50.37,33.6
2025-11-22,LATAM,Online,Beauty & Wellness,Electric Toothbrush,3,59.99,0.0,179.97,32.99,98.97,81.0
2025-11-22,LATAM,Online,Media & Entertainment,Board Game,2,34.99,0.1,62.98,19.24,38.48,24.5
2025-11-22,North America,In-store,Apparel,Running Tee,23,24.99,0.0,574.77,11.25,258.75,316.02
2025-11-22,North America,Online,Home & Kitchen,Air Fryer,9,89.99,0.15,688.42,62.99,566.91,121.51
2025-11-22,UK & Ireland,In-store,Electronics,Wireless Earbuds,9,79.99,0.0,719.91,51.99,467.91,252.0
2025-11-22,UK & Ireland,Online,Apparel,Denim Jacket,1,69.99,0.0,69.99,34.99,34.99,35.0
2025-11-22,UK & Ireland,Online,Apparel,Wool Socks 3-pack,6,14.99,0.0,89.94,6.0,36.0,53.94
2025-11-22,UK & Ireland,Online,Home & Kitchen,Coffee Grinder,4,39.99,0.0,159.96,23.99,95.96,64.0
2025-11-23,APAC,In-store,Apparel,Running Tee,10,24.99,0.0,249.9,11.25,112.5,137.4
2025-11-23,APAC,In-store,Beauty & Wellness,Vitamin C Serum,6,29.99,0.0,179.94,10.5,63.0,116.94
2025-11-23,APAC,Online,Beauty & Wellness,Collagen Powder,3,34.99,0.0,104.97,14.0,42.0,62.97
2025-11-23,EMEA,In-store,Apparel,Running Tee,8,24.99,0.0,199.92,11.25,90.0,109.92
2025-11-23,EMEA,In-store,Media & Entertainment,Vinyl Record,6,27.99,0.25,125.95,16.79,100.74,25.21
2025-11-23,EMEA,Online,Electronics,Wireless Earbuds,9,79.99,0.2,575.93,51.99,467.91,108.02
2025-11-23,EMEA,Online,Media & Entertainment,Blu-ray Box Set,3,39.99,0.0,119.97,29.99,89.97,30.0
2025-11-23,EMEA,Online,Media & Entertainment,Board Game,3,34.99,0.15,89.22,19.24,57.72,31.5
2025-11-23,LATAM,In-store,Electronics,Smart Speaker,8,49.99,0.15,339.93,34.99,279.92,60.01
2025-11-23,LATAM,Online,Home & Kitchen,Air Fryer,4,89.99,0.15,305.97,62.99,251.96,54.01
2025-11-23,LATAM,Online,Home & Kitchen,Cookware Set,2,129.99,0.0,259.98,84.49,168.98,91.0
2025-11-23,North America,In-store,Apparel,Denim Jacket,2,69.99,0.1,125.98,34.99,69.98,56.0
2025-11-23,North America,In-store,Electronics,USB-C Charger,11,19.99,0.15,186.91,10.99,120.89,66.02
2025-11-23,North America,Online,Electronics,Smart Speaker,6,49.99,0.0,299.94,34.99,209.94,90.0
2025-11-23,North America,Online,Media & Entertainment,Vinyl Record,5,27.99,0.2,111.96,16.79,83.95,28.01
2025-11-23,UK & Ireland,In-store,Media & Entertainment,Blu-ray Box Set,5,39.99,0.0,199.95,29.99,149.95,50.0
2025-11-23,UK & Ireland,Online,Media & Entertainment,Board Game,1,34.99,0.1,31.49,19.24,19.24,12.25
2025-11-24,APAC,In-store,Electronics,Wireless Earbuds,16,79.99,0.2,1023.87,51.99,831.84,192.03
2025-11-24,APAC,In-store,Media & Entertainment,Blu-ray Box Set,2,39.99,0.0,79.98,29.99,59.98,20.0
2025-11-24,APAC,Online,Apparel,Running Tee,7,24.99,0.0,174.93,11.25,78.75,96.18
2025-11-24,APAC,Online,Electronics,Smart Speaker,5,49.99,0.0,249.95,34.99,174.95,75.0
2025-11-24,EMEA,In-store,Media & Entertainment,Blu-ray Box Set,2,39.99,0.0,79.98,29.99,59.98,20.0
2025-11-24,LATAM,Online,Apparel,Running Tee,4,24.99,0.1,89.96,11.25,45.0,44.96
2025-11-24,North America,In-store,Apparel,Denim Jacket,3,69.99,0.1,188.97,34.99,104.97,84.0
2025-11-24,North America,In-store,Electronics,USB-C Charger,22,19.99,0.0,439.78,10.99,241.78,198.0
2025-11-24,North America,In-store,Media & Entertainment,Board Game,6,34.99,0.0,209.94,19.24,115.44,94.5
2025-11-24,North America,Online,Beauty & Wellness,Electric Toothbrush,10,59.99,0.0,599.9,32.99,329.9,270.0
2025-11-24,North America,Online,Home & Kitchen,Coffee Grinder,7,39.99,0.1,251.94,23.99,167.93,84.01
2025-11-24,UK & Ireland,In-store,Home & Kitchen,Cookware Set,3,129.99,0.2,311.98,84.49,253.47,58.51
2025-11-24,UK & Ireland,Online,Electronics,USB-C Charger,10,19.99,0.0,199.9,10.99,109.9,90.0
2025-11-25,APAC,In-store,Apparel,Denim Jacket,2,69.99,0.15,118.98,34.99,69.98,49.0
2025-11-25,APAC,In-store,Beauty & Wellness,Electric Toothbrush,6,59.99,0.0,359.94,32.99,197.94,162.0
2025-11-25,APAC,In-store,Home & Kitchen,Air Fryer,8,89.99,0.0,719.92,62.99,503.92,216.0
2025-11-25,APAC,Online,Beauty & Wellness,Collagen Powder,8,34.99,0.0,279.92,14.0,112.0,167.92
2025-11-25,APAC,Online,Electronics,Smart Speaker,3,49.99,0.25,112.48,34.99,104.97,7.51
2025-11-25,EMEA,In-store,Apparel,Denim Jacket,1,69.99,0.25,52.49,34.99,34.99,17.5
2025-11-25,EMEA,In-store,Apparel,Running Tee,12,24.99,0.0,299.88,11.25,135.0,164.88
2025-11-25,EMEA,In-store,Electronics,Wireless Earbuds,8,79.99,0.0,639.92,51.99,415.92,224.0
2025-11-25,EMEA,In-store,Home & Kitchen,Coffee Grinder,5,39.99,0.25,149.96,23.99,119.95,30.01
2025-11-25,EMEA,In-store,Home & Kitchen,Cookware Set,4,129.99,0.0,519.96,84.49,337.96,182.0
2025-11-25,EMEA,Online,Media & Entertainment,Vinyl Record,8,27.99,0.0,223.92,16.79,134.32,89.6
2025-11-25,LATAM,In-store,Media & Entertainment,Board Game,2,34.99,0.0,69.98,19.24,38.48,31.5
2025-11-25,LATAM,Online,Media & Entertainment,Blu-ray Box Set,4,39.99,0.2,127.97,29.99,119.96,8.01
2025-11-25,North America,In-store,Apparel,Running Tee,6,24.99,0.0,149.94,11.25,67.5,82.44
2025-11-25,North America,In-store,Beauty & Wellness,Electric Toothbrush,7,59.99,0.2,335.94,32.99,230.93,105.01
2025-11-25,North America,In-store,Beauty & Wellness,Vitamin C Serum,11,29.99,0.15,280.41,10.5,115.5,164.91
2025-11-25,North America,Online,Apparel,Denim Jacket,9,69.99,0.0,629.91,34.99,314.91,315.0
2025-11-25,North America,Online,Apparel,Running Tee,11,24.99,0.0,274.89,11.25,123.75,151.14
2025-11-25,North America,Online,Electronics,Smart Speaker,3,49.99,0.0,149.97,34.99,104.97,45.0
2025-11-25,North America,Online,Electronics,USB-C Charger,15,19.99,0.0,299.85,10.99,164.85,135.0
2025-11-25,North America,Online,Home & Kitchen,Coffee Grinder,4,39.99,0.0,159.96,23.99,95.96,64.0
2025-11-25,UK & Ireland,In-store,Beauty & Wellness,Vitamin C Serum,7,29.99,0.0,209.93,10.5,73.5,136.43
2025-11-25,UK & Ireland,Online,Electronics,Smart Speaker,5,49.99,0.0,249.95,34.99,174.95,75.0
2025-11-25,UK & Ireland,Online,Media & Entertainment,Board Game,3,34.99,0.15,89.22,19.24,57.72,31.5
2025-11-26,APAC,In-store,Electronics,USB-C Charger,10,19.99,0.0,199.9,10.99,109.9,90.0
2025-11-26,APAC,In-store,Home & Kitchen,Air Fryer,6,89.99,0.25,404.95,62.99,377.94,27.01
2025-11-26,APAC,Online,Home & Kitchen,Air Fryer,4,89.99,0.0,359.96,62.99,251.96,108.0
2025-11-26,EMEA,In-store,Apparel,Denim Jacket,3,69.99,0.0,209.97,34.99,104.97,105.0
2025-11-26,EMEA,In-store,Apparel,Running Tee,13,24.99,0.15,276.14,11.25,146.25,129.89
2025-11-26,EMEA,In-store,Home & Kitchen,Cookware Set,3,129.99,0.0,389.97,84.49,253.47,136.5
2025-11-26,EMEA,Online,Home & Kitchen,Coffee Grinder,4,39.99,0.0,159.96,23.99,95.96,64.0
2025-11-26,EMEA,Online,Home & Kitchen,Cookware Set,1,129.99,0.15,110.49,84.49,84.49,26.0
2025-11-26,LATAM,In-store,Media & Entertainment,Blu-ray Box Set,1,39.99,0.2,31.99,29.99,29.99,2.0
2025-11-26,North America,In-store,Apparel,Running Tee,10,24.99,0.0,249.9,11.25,112.5,137.4
2025-11-26,North America,In-store,Apparel,Wool Socks 3-pack,15,14.99,0.0,224.85,6.0,90.0,134.85
2025-11-26,North America,In-store,Beauty & Wellness,Collagen Powder,16,34.99,0.0,559.84,14.0,224.0,335.84
2025-11-26,North America,Online,Beauty & Wellness,Electric Toothbrush,6,59.99,0.25,269.95,32.99,197.94,72.01
2025-11-26,UK & Ireland,In-store,Home & Kitchen,Cookware Set,1,129.99,0.0,129.99,84.49,84.49,45.5
2025-11-26,UK & Ireland,Online,Beauty & Wellness,Vitamin C Serum,5,29.99,0.25,112.46,10.5,52.5,59.96
2025-11-26,UK & Ireland,Online,Electronics,Smart Speaker,4,49.99,0.0,199.96,34.99,139.96,60.0
2025-11-27,APAC,In-store,Apparel,Running Tee,12,24.99,0.15,254.9,11.25,135.0,119.9
2025-11-27,APAC,In-store,Media & Entertainment,Blu-ray Box Set,3,39.99,0.1,107.97,29.99,89.97,18.0
2025-11-27,EMEA,In-store,Media & Entertainment,Vinyl Record,3,27.99,0.0,83.97,16.79,50.37,33.6
2025-11-27,EMEA,Online,Electronics,Wireless Earbuds,5,79.99,0.0,399.95,51.99,259.95,140.0
2025-11-27,EMEA,Online,Home & Kitchen,Cookware Set,3,129.99,0.0,389.97,84.49,253.47,136.5
2025-11-27,LATAM,In-store,Apparel,Denim Jacket,1,69.99,0.25,52.49,34.99,34.99,17.5
2025-11-27,LATAM,In-store,Apparel,Running Tee,10,24.99,0.0,249.9,11.25,112.5,137.4
2025-11-27,LATAM,In-store,Beauty & Wellness,Collagen Powder,9,34.99,0.2,251.93,14.0,126.0,125.93
2025-11-27,LATAM,In-store,Home & Kitchen,Coffee Grinder,3,39.99,0.0,119.97,23.99,71.97,48.0
2025-11-27,North America,In-store,Apparel,Wool Socks 3-pack,8,14.99,0.0,119.92,6.0,48.0,71.92
2025-11-27,North America,Online,Electronics,USB-C Charger,11,19.99,0.2,175.91,10.99,120.89,55.02
2025-11-27,North America,Online,Electronics,Wireless Earbuds,13,79.99,0.0,1039.87,51.99,675.87,364.0
2025-11-27,North America,Online,Home & Kitchen,Air Fryer,9,89.99,0.2,647.93,62.99,566.91,81.02
2025-11-27,North America,Online,Media & Entertainment,Board Game,7,34.99,0.0,244.93,19.24,134.68,110.25
2025-11-27,UK & Ireland,In-store,Beauty & Wellness,Vitamin C Serum,13,29.99,0.0,389.87,10.5,136.5,253.37
2025-11-27,UK & Ireland,In-store,Electronics,USB-C Charger,11,19.99,0.25,164.92,10.99,120.89,44.03
2025-11-27,UK & Ireland,In-store,Home & Kitchen,Air Fryer,5,89.99,0.1,404.95,62.99,314.95,90.0
2025-11-27,UK & Ireland,In-store,Media & Entertainment,Board Game,6,34.99,0.2,167.95,19.24,115.44,52.51
2025-11-27,UK & Ireland,Online,Apparel,Denim Jacket,4,69.99,0.0,279.96,34.99,139.96,140.0
2025-11-27,UK & Ireland,Online,Beauty & Wellness,Collagen Powder,6,34.99,0.0,209.94,14.0,84.0,125.94
2025-11-27,UK & Ireland,Online,Media & Entertainment,Board Game,2,34.99,0.0,69.98,19.24,38.48,31.5
2025-11-28,APAC,In-store,Media & Entertainment,Blu-ray Box Set,3,39.99,0.0,119.97,29.99,89.97,30.0
2025-11-28,EMEA,In-store,Electronics,Wireless Earbuds,5,79.99,0.0,399.95,51.99,259.95,140.0
2025-11-28,EMEA,Online,Electronics,USB-C Charger,5,19.99,0.0,99.95,10.99,54.95,45.0
2025-11-28,LATAM,In-store,Media & Entertainment,Blu-ray Box Set,2,39.99,0.2,63.98,29.99,59.98,4.0
2025-11-28,LATAM,In-store,Media & Entertainment,Board Game,7,34.99,0.0,244.93,19.24,134.68,110.25
2025-11-28,North America,In-store,Beauty & Wellness,Electric Toothbrush,11,59.99,0.0,659.89,32.99,362.89,297.0
2025-11-28,North America,In-store,Media & Entertainment,Vinyl Record,2,27.99,0.2,44.78,16.79,33.58,11.2
2025-11-28,North America,Online,Beauty & Wellness,Vitamin C Serum,10,29.99,0.0,299.9,10.5,105.0,194.9
2025-11-28,UK & Ireland,In-store,Apparel,Running Tee,8,24.99,0.0,199.92,11.25,90.0,109.92
2025-11-28,UK & Ireland,In-store,Apparel,Wool Socks 3-pack,8,14.99,0.0,119.92,6.0,48.0,71.92
2025-11-28,UK & Ireland,In-store,Media & Entertainment,Board Game,3,34.99,0.0,104.97,19.24,57.72,47.25
2025-11-28,UK & Ireland,In-store,Media & Entertainment,Vinyl Record,1,27.99,0.0,27.99,16.79,16.79,11.2
2025-11-28,UK & Ireland,Online,Apparel,Running Tee,18,24.99,0.0,449.82,11.25,202.5,247.32
2025-11-28,UK & Ireland,Online,Beauty & Wellness,Vitamin C Serum,5,29.99,0.0,149.95,10.5,52.5,97.45
2025-11-28,UK & Ireland,Online,Home & Kitchen,Coffee Grinder,4,39.99,0.0,159.96,23.99,95.96,64.0
2025-11-29,APAC,In-store,Electronics,Smart Speaker,18,49.99,0.1,809.84,34.99,629.82,180.02
2025-11-29,APAC,In-store,Media & Entertainment,Blu-ray Box Set,5,39.99,0.0,199.95,29.99,149.95,50.0
2025-11-29,APAC,In-store,Media & Entertainment,Vinyl Record,7,27.99,0.0,195.93,16.79,117.53,78.4
2025-11-29,APAC,Online,Home & Kitchen,Air Fryer,11,89.99,0.0,989.89,62.99,692.89,297.0
2025-11-29,APAC,Online,Home & Kitchen,Coffee Grinder,2,39.99,0.0,79.98,23.99,47.98,32.0
2025-11-29,EMEA,In-store,Beauty & Wellness,Vitamin C Serum,18,29.99,0.25,404.86,10.5,189.0,215.86
2025-11-29,EMEA,In-store,Media & Entertainment,Blu-ray Box Set,5,39.99,0.0,199.95,29.99,149.95,50.0
2025-11-29,EMEA,Online,Apparel,Wool Socks 3-pack,6,14.99,0.1,80.95,6.0,36.0,44.95
2025-11-29,EMEA,Online,Beauty & Wellness,Collagen Powder,8,34.99,0.2,223.94,14.0,112.0,111.94
2025-11-29,EMEA,Online,Electronics,Smart Speaker,8,49.99,0.0,399.92,34.99,279.92,120.0
2025-11-29,EMEA,Online,Home & Kitchen,Cookware Set,7,129.99,0.0,909.93,84.49,591.43,318.5
2025-11-29,LATAM,In-store,Apparel,Running Tee,5,24.99,0.0,124.95,11.25,56.25,68.7
2025-11-29,LATAM,In-store,Electronics,Smart Speaker,5,49.99,0.0,249.95,34.99,174.95,75.0
2025-11-29,LATAM,In-store,Home & Kitchen,Air Fryer,5,89.99,0.0,449.95,62.99,314.95,135.0
2025-11-29,North America,Online,Apparel,Denim Jacket,9,69.99,0.15,535.42,34.99,314.91,220.51
2025-11-29,North America,Online,Electronics,USB-C Charger,11,19.99,0.0,219.89,10.99,120.89,99.0
2025-11-29,North America,Online,Home & Kitchen,Coffee Grinder,6,39.99,0.15,203.95,23.99,143.94,60.01
2025-11-29,UK & Ireland,In-store,Beauty & Wellness,Collagen Powder,8,34.99,0.0,279.92,14.0,112.0,167.92
2025-11-29,UK & Ireland,In-store,Media & Entertainment,Board Game,7,34.99,0.0,244.93,19.24,134.68,110.25
2025-11-29,UK & Ireland,Online,Beauty & Wellness,Electric Toothbrush,5,59.99,0.1,269.95,32.99,164.95,105.0
2025-11-29,UK & Ireland,Online,Beauty & Wellness,Vitamin C Serum,5,29.99,0.0,149.95,10.5,52.5,97.45
2025-11-29,UK & Ireland,Online,Electronics,Smart Speaker,11,49.99,0.0,549.89,34.99,384.89,165.0
2025-11-29,UK & Ireland,Online,Media & Entertainment,Board Game,5,34.99,0.15,148.71,19.24,96.2,52.51
2025-11-30,APAC,In-store,Electronics,USB-C Charger,10,19.99,0.0,199.9,10.99,109.9,90.0
2025-11-30,APAC,In-store,Media & Entertainment,Board Game,5,34.99,0.1,157.46,19.24,96.2,61.26
2025-11-30,APAC,Online,Apparel,Running Tee,16,24.99,0.0,399.84,11.25,180.0,219.84
2025-11-30,EMEA,Online,Beauty & Wellness,Electric Toothbrush,7,59.99,0.0,419.93,32.99,230.93,189.0
2025-11-30,EMEA,Online,Media & Entertainment,Vinyl Record,8,27.99,0.0,223.92,16.79,134.32,89.6
2025-11-30,LATAM,In-store,Beauty & Wellness,Electric Toothbrush,6,59.99,0.0,359.94,32.99,197.94,162.0
2025-11-30,LATAM,In-store,Electronics,USB-C Charger,12,19.99,0.0,239.88,10.99,131.88,108.0
2025-11-30,LATAM,In-store,Media & Entertainment,Vinyl Record,1,27.99,0.0,27.99,16.79,16.79,11.2
2025-11-30,LATAM,Online,Electronics,Wireless Earbuds,11,79.99,0.0,879.89,51.99,571.89,308.0
2025-11-30,North America,In-store,Apparel,Running Tee,11,24.99,0.0,274.89,11.25,123.75,151.14
2025-11-30,North America,In-store,Electronics,Smart Speaker,3,49.99,0.0,149.97,34.99,104.97,45.0
2025-11-30,North America,Online,Electronics,Smart Speaker,10,49.99,0.0,499.9,34.99,349.9,150.0
2025-11-30,North America,Online,Media & Entertainment,Board Game,4,34.99,0.15,118.97,19.24,76.96,42.01
2025-12-01,APAC,Online,Electronics,USB-C Charger,10,19.99,0.25,149.92,10.99,109.9,40.02
2025-12-01,APAC,Online,Home & Kitchen,Air Fryer,14,89.99,0.0,1259.86,62.99,881.86,378.0
2025-12-01,APAC,Online,Home & Kitchen,Coffee Grinder,8,39.99,0.0,319.92,23.99,191.92,128.0
2025-12-01,EMEA,Online,Electronics,Smart Speaker,16,49.99,0.0,799.84,34.99,559.84,240.0
2025-12-01,LATAM,In-store,Apparel,Denim Jacket,3,69.99,0.25,157.48,34.99,104.97,52.51
2025-12-01,LATAM,In-store,Beauty & Wellness,Collagen Powder,6,34.99,0.15,178.45,14.0,84.0,94.45
2025-12-01,LATAM,In-store,Electronics,Wireless Earbuds,8,79.99,0.15,543.93,51.99,415.92,128.01
2025-12-01,LATAM,Online,Beauty & Wellness,Electric Toothbrush,7,59.99,0.0,419.93,32.99,230.93,189.0
2025-12-01,North America,In-store,Beauty & Wellness,Electric Toothbrush,8,59.99,0.0,479.92,32.99,263.92,216.0
2025-12-01,North America,In-store,Home & Kitchen,Cookware Set,6,129.99,0.0,779.94,84.49,506.94,273.0
2025-12-01,North America,Online,Beauty & Wellness,Collagen Powder,9,34.99,0.0,314.91,14.0,126.0,188.91
2025-12-01,North America,Online,Electronics,Smart Speaker,6,49.99,0.0,299.94,34.99,209.94,90.0
2025-12-01,UK & Ireland,In-store,Electronics,USB-C Charger,16,19.99,0.0,319.84,10.99,175.84,144.0
2025-12-01,UK & Ireland,Online,Home & Kitchen,Cookware Set,5,129.99,0.0,649.95,84.49,422.45,227.5
2025-12-02,APAC,In-store,Beauty & Wellness,Electric Toothbrush,7,59.99,0.0,419.93,32.99,230.93,189.0
2025-12-02,APAC,In-store,Beauty & Wellness,Vitamin C Serum,8,29.99,0.1,215.93,10.5,84.0,131.93
2025-12-02,APAC,Online,Apparel,Denim Jacket,6,69.99,0.2,335.95,34.99,209.94,126.01
2025-12-02,APAC,Online,Beauty & Wellness,Collagen Powder,8,34.99,0.2,223.94,14.0,112.0,111.94
2025-12-02,APAC,Online,Media & Entertainment,Board Game,5,34.99,0.2,139.96,19.24,96.2,43.76
2025-12-02,EMEA,In-store,Media & Entertainment,Board Game,3,34.99,0.0,104.97,19.24,57.72,47.25
2025-12-02,EMEA,Online,Apparel,Running Tee,13,24.99,0.0,324.87,11.25,146.25,178.62
2025-12-02,LATAM,In-store,Apparel,Wool Socks 3-pack,6,14.99,0.0,89.94,6.0,36.0,53.94
2025-12-02,North America,In-store,Beauty & Wellness,Vitamin C Serum,9,29.99,0.0,269.91,10.5,94.5,175.41
2025-12-02,North America,In-store,Home & Kitchen,Cookware Set,2,129.99,0.0,259.98,84.49,168.98,91.0
2025-12-02,North America,Online,Electronics,USB-C Charger,17,19.99,0.0,339.83,10.99,186.83,153.0
2025-12-02,UK & Ireland,In-store,Apparel,Running Tee,6,24.99,0.1,134.95,11.25,67.5,67.45
2025-12-02,UK & Ireland,In-store,Electronics,Smart Speaker,7,49.99,0.0,349.93,34.99,244.93,105.0
2025-12-02,UK & Ireland,Online,Apparel,Running Tee,11,24.99,0.0,274.89,11.25,123.75,151.14
2025-12-02,UK & Ireland,Online,Home & Kitchen,Air Fryer,7,89.99,0.25,472.45,62.99,440.93,31.52
2025-12-02,UK & Ireland,Online,Media & Entertainment,Board Game,2,34.99,0.0,69.98,19.24,38.48,31.5
2025-12-03,APAC,In-store,Media & Entertainment,Blu-ray Box Set,3,39.99,0.0,119.97,29.99,89.97,30.0
2025-12-03,APAC,Online,Beauty & Wellness,Collagen Powder,6,34.99,0.15,178.45,14.0,84.0,94.45
2025-12-03,APAC,Online,Media & Entertainment,Board Game,4,34.99,0.0,139.96,19.24,76.96,63.0
2025-12-03,EMEA,In-store,Apparel,Wool Socks 3-pack,10,14.99,0.15,127.42,6.0,60.0,67.42
2025-12-03,EMEA,In-store,Beauty & Wellness,Vitamin C Serum,12,29.99,0.25,269.91,10.5,126.0,143.91
2025-12-03,EMEA,In-store,Electronics,Smart Speaker,10,49.99,0.1,449.91,34.99,349.9,100.01
2025-12-03,EMEA,Online,Beauty & Wellness,Electric Toothbrush,7,59.99,0.0,419.93,32.99,230.93,189.0
2025-12-03,EMEA,Online,Home & Kitchen,Coffee Grinder,4,39.99,0.0,159.96,23.99,95.96,64.0
2025-12-03,LATAM,Online,Electronics,Wireless Earbuds,1,79.99,0.0,79.99,51.99,51.99,28.0
2025-12-03,North America,In-store,Home & Kitchen,Air Fryer,8,89.99,0.0,719.92,62.99,503.92,216.0
2025-12-03,North America,Online,Electronics,USB-C Charger,16,19.99,0.0,319.84,10.99,175.84,144.0
2025-12-03,North America,Online,Home & Kitchen,Air Fryer,7,89.99,0.0,629.93,62.99,440.93,189.0
2025-12-03,UK & Ireland,In-store,Beauty & Wellness,Electric Toothbrush,12,59.99,0.15,611.9,32.99,395.88,216.02
2025-12-03,UK & Ireland,In-store,Home & Kitchen,Air Fryer,2,89.99,0.0,179.98,62.99,125.98,54.0
2025-12-03,UK & Ireland,Online,Beauty & Wellness,Collagen Powder,2,34.99,0.15,59.48,14.0,28.0,31.48
2025-12-03,UK & Ireland,Online,Beauty & Wellness,Vitamin C Serum,17,29.99,0.0,509.83,10.5,178.5,331.33
2025-12-04,APAC,In-store,Apparel,Denim Jacket,3,69.99,0.0,209.97,34.99,104.97,105.0
2025-12-04,APAC,Online,Apparel,Wool Socks 3-pack,11,14.99,0.0,164.89,6.0,66.0,98.89
2025-12-04,APAC,Online,Electronics,Smart Speaker,8,49.99,0.0,399.92,34.99,279.92,120.0
2025-12-04,APAC,Online,Electronics,Wireless Earbuds,10,79.99,0.0,799.9,51.99,519.9,280.0
2025-12-04,APAC,Online,Home & Kitchen,Air Fryer,4,89.99,0.1,323.96,62.99,251.96,72.0
2025-12-04,EMEA,In-store,Home & Kitchen,Air Fryer,4,89.99,0.0,359.96,62.99,251.96,108.0
2025-12-04,EMEA,Online,Electronics,Smart Speaker,6,49.99,0.0,299.94,34.99,209.94,90.0
2025-12-04,LATAM,Online,Home & Kitchen,Cookware Set,2,129.99,0.2,207.98,84.49,168.98,39.0
2025-12-04,LATAM,Online,Media & Entertainment,Vinyl Record,2,27.99,0.15,47.58,16.79,33.58,14.0
2025-12-04,North America,In-store,Beauty & Wellness,Vitamin C Serum,11,29.99,0.25,247.42,10.5,115.5,131.92
2025-12-04,North America,Online,Beauty & Wellness,Electric Toothbrush,14,59.99,0.1,755.87,32.99,461.86,294.01
2025-12-04,North America,Online,Home & Kitchen,Cookware Set,4,129.99,0.0,519.96,84.49,337.96,182.0
2025-12-04,North America,Online,Media & Entertainment,Board Game,8,34.99,0.0,279.92,19.24,153.92,126.0
2025-12-04,UK & Ireland,In-store,Apparel,Denim Jacket,1,69.99,0.0,69.99,34.99,34.99,35.0
2025-12-04,UK & Ireland,In-store,Beauty & Wellness,Vitamin C Serum,10,29.99,0.0,299.9,10.5,105.0,194.9
2025-12-04,UK & Ireland,In-store,Home & Kitchen,Cookware Set,4,129.99,0.0,519.96,84.49,337.96,182.0
2025-12-05,APAC,Online,Apparel,Wool Socks 3-pack,6,14.99,0.0,89.94,6.0,36.0,53.94
2025-12-05,APAC,Online,Home & Kitchen,Coffee Grinder,8,39.99,0.0,319.92,23.99,191.92,128.0
2025-12-05,APAC,Online,Media & Entertainment,Board Game,4,34.99,0.15,118.97,19.24,76.96,42.01
2025-12-05,EMEA,Online,Home & Kitchen,Air Fryer,4,89.99,0.0,359.96,62.99,251.96,108.0
2025-12-05,LATAM,In-store,Home & Kitchen,Cookware Set,2,129.99,0.0,259.98,84.49,168.98,91.0
2025-12-05,LATAM,In-store,Media & Entertainment,Vinyl Record,1,27.99,0.0,27.99,16.79,16.79,11.2
2025-12-05,North America,In-store,Home & Kitchen,Coffee Grinder,6,39.99,0.0,239.94,23.99,143.94,96.0
2025-12-05,North America,Online,Apparel,Running Tee,18,24.99,0.15,382.35,11.25,202.5,179.85
2025-12-05,North America,Online,Media & Entertainment,Blu-ray Box Set,5,39.99,0.0,199.95,29.99,149.95,50.0
2025-12-06,APAC,In-store,Electronics,Smart Speaker,11,49.99,0.0,549.89,34.99,384.89,165.0
2025-12-06,APAC,In-store,Home & Kitchen,Coffee Grinder,4,39.99,0.0,159.96,23.99,95.96,64.0
2025-12-06,EMEA,In-store,Apparel,Denim Jacket,8,69.99,0.0,559.92,34.99,279.92,280.0
2025-12-06,EMEA,In-store,Electronics,USB-C Charger,19,19.99,0.2,303.85,10.99,208.81,95.04
2025-12-06,EMEA,Online,Apparel,Wool Socks 3-pack,3,14.99,0.0,44.97,6.0,18.0,26.97
2025-12-06,EMEA,Online,Home & Kitchen,Cookware Set,5,129.99,0.15,552.46,84.49,422.45,130.01
2025-12-06,EMEA,Online,Media & Entertainment,Vinyl Record,2,27.99,0.0,55.98,16.79,33.58,22.4
2025-12-06,LATAM,In-store,Home & Kitchen,Coffee Grinder,6,39.99,0.0,239.94,23.99,143.94,96.0
2025-12-06,LATAM,Online,Media & Entertainment,Blu-ray Box Set,3,39.99,0.0,119.97,29.99,89.97,30.0
2025-12-06,North America,In-store,Beauty & Wellness,Collagen Powder,16,34.99,0.1,503.86,14.0,224.0,279.86
2025-12-06,North America,In-store,Home & Kitchen,Coffee Grinder,4,39.99,0.25,119.97,23.99,95.96,24.01
2025-12-06,North America,In-store,Home & Kitchen,Cookware Set,7,129.99,0.25,682.45,84.49,591.43,91.02
2025-12-06,North America,In-store,Media & Entertainment,Blu-ray Box Set,8,39.99,0.0,319.92,29.99,239.92,80.0
2025-12-06,North America,In-store,Media & Entertainment,Vinyl Record,12,27.99,0.0,335.88,16.79,201.48,134.4
2025-12-06,North America,Online,Home & Kitchen,Coffee Grinder,10,39.99,0.2,319.92,23.99,239.9,80.02
2025-12-06,UK & Ireland,In-store,Apparel,Running Tee,13,24.99,0.2,259.9,11.25,146.25,113.65
2025-12-06,UK & Ireland,In-store,Home & Kitchen,Coffee Grinder,12,39.99,0.25,359.91,23.99,287.88,72.03
2025-12-06,UK & Ireland,Online,Electronics,USB-C Charger,13,19.99,0.0,259.87,10.99,142.87,117.0
2025-12-07,APAC,In-store,Apparel,Denim Jacket,3,69.99,0.0,209.97,34.99,104.97,105.0
2025-12-07,APAC,In-store,Apparel,Wool Socks 3-pack,11,14.99,0.2,131.91,6.0,66.0,65.91
2025-12-07,APAC,In-store,Media & Entertainment,Blu-ray Box Set,5,39.99,0.1,179.96,29.99,149.95,30.01
2025-12-07,APAC,Online,Apparel,Running Tee,6,24.99,0.0,149.94,11.25,67.5,82.44
2025-12-07,APAC,Online,Electronics,Smart Speaker,3,49.99,0.0,149.97,34.99,104.97,45.0
2025-12-07,APAC,Online,Media & Entertainment,Blu-ray Box Set,2,39.99,0.1,71.98,29.99,59.98,12.0
2025-12-07,LATAM,Online,Beauty & Wellness,Collagen Powder,3,34.99,0.2,83.98,14.0,42.0,41.98
2025-12-07,LATAM,Online,Beauty & Wellness,Electric Toothbrush,5,59.99,0.2,239.96,32.99,164.95,75.01
2025-12-07,North America,In-store,Apparel,Denim Jacket,1,69.99,0.0,69.99,34.99,34.99,35.0
2025-12-07,North America,Online,Apparel,Wool Socks 3-pack,9,14.99,0.25,101.18,6.0,54.0,47.18
2025-12-07,North America,Online,Beauty & Wellness,Vitamin C Serum,11,29.99,0.0,329.89,10.5,115.5,214.39
2025-12-07,UK & Ireland,In-store,Apparel,Running Tee,8,24.99,0.25,149.94,11.25,90.0,59.94
2025-12-07,UK & Ireland,In-store,Beauty & Wellness,Electric Toothbrush,7,59.99,0.0,419.93,32.99,230.93,189.0
2025-12-07,UK & Ireland,In-store,Media & Entertainment,Board Game,6,34.99,0.0,209.94,19.24,115.44,94.5
2025-12-07,UK & Ireland,Online,Electronics,USB-C Charger,9,19.99,0.25,134.93,10.99,98.91,36.02
2025-12-08,APAC,In-store,Apparel,Running Tee,8,24.99,0.2,159.94,11.25,90.0,69.94
2025-12-08,APAC,Online,Home & Kitchen,Coffee Grinder,2,39.99,0.0,79.98,23.99,47.98,32.0
2025-12-08,EMEA,In-store,Electronics,Smart Speaker,7,49.99,0.25,262.45,34.99,244.93,17.52
2025-12-08,EMEA,In-store,Home & Kitchen,Coffee Grinder,10,39.99,0.0,399.9,23.99,239.9,160.0
2025-12-08,LATAM,In-store,Beauty & Wellness,Electric Toothbrush,2,59.99,0.0,119.98,32.99,65.98,54.0
2025-12-08,LATAM,In-store,Home & Kitchen,Coffee Grinder,2,39.99,0.1,71.98,23.99,47.98,24.0
2025-12-08,LATAM,In-store,Media & Entertainment,Board Game,3,34.99,0.0,104.97,19.24,57.72,47.25
2025-12-08,LATAM,In-store,Media & Entertainment,Vinyl Record,2,27.99,0.2,44.78,16.79,33.58,11.2
2025-12-08,LATAM,Online,Home & Kitchen,Cookware Set,2,129.99,0.0,259.98,84.49,168.98,91.0
2025-12-08,North America,In-store,Home & Kitchen,Air Fryer,12,89.99,0.1,971.89,62.99,755.88,216.01
2025-12-08,North America,In-store,Home & Kitchen,Coffee Grinder,4,39.99,0.0,159.96,23.99,95.96,64.0
2025-12-08,North America,Online,Electronics,USB-C Charger,11,19.99,0.1,197.9,10.99,120.89,77.01
2025-12-08,North America,Online,Home & Kitchen,Cookware Set,4,129.99,0.2,415.97,84.49,337.96,78.01
2025-12-08,UK & Ireland,In-store,Electronics,Wireless Earbuds,11,79.99,0.25,659.92,51.99,571.89,88.03
2025-12-08,UK & Ireland,Online,Media & Entertainment,Board Game,3,34.99,0.0,104.97,19.24,57.72,47.25
2025-12-09,APAC,In-store,Apparel,Wool Socks 3-pack,10,14.99,0.0,149.9,6.0,60.0,89.9
2025-12-09,APAC,In-store,Beauty & Wellness,Collagen Powder,15,34.99,0.15,446.12,14.0,210.0,236.12
2025-12-09,APAC,In-store,Electronics,Wireless Earbuds,4,79.99,0.0,319.96,51.99,207.96,112.0
2025-12-09,APAC,In-store,Home & Kitchen,Cookware Set,1,129.99,0.0,129.99,84.49,84.49,45.5
2025-12-09,APAC,Online,Apparel,Running Tee,7,24.99,0.0,174.93,11.25,78.75,96.18
2025-12-09,APAC,Online,Electronics,Smart Speaker,7,49.99,0.0,349.93,34.99,244.93,105.0
2025-12-09,EMEA,Online,Apparel,Wool Socks 3-pack,5,14.99,0.0,74.95,6.0,30.0,44.95
2025-12-09,EMEA,Online,Electronics,Smart Speaker,7,49.99,0.25,262.45,34.99,244.93,17.52
2025-12-09,EMEA,Online,Electronics,USB-C Charger,14,19.99,0.0,279.86,10.99,153.86,126.0
2025-12-09,UK & Ireland,In-store,Beauty & Wellness,Vitamin C Serum,10,29.99,0.2,239.92,10.5,105.0,134.92
2025-12-09,UK & Ireland,In-store,Home & Kitchen,Air Fryer,5,89.99,0.1,404.95,62.99,314.95,90.0
2025-12-09,UK & Ireland,In-store,Media & Entertainment,Vinyl Record,5,27.99,0.0,139.95,16.79,83.95,56.0
2025-12-09,UK & Ireland,Online,Apparel,Denim Jacket,1,69.99,0.0,69.99,34.99,34.99,35.0
2025-12-09,UK & Ireland,Online,Apparel,Running Tee,6,24.99,0.0,149.94,11.25,67.5,82.44
2025-12-09,UK & Ireland,Online,Apparel,Wool Socks 3-pack,9,14.99,0.0,134.91,6.0,54.0,80.91
2025-12-09,UK & Ireland,Online,Home & Kitchen,Cookware Set,5,129.99,0.0,649.95,84.49,422.45,227.5
2025-12-10,APAC,In-store,Beauty & Wellness,Vitamin C Serum,9,29.99,0.0,269.91,10.5,94.5,175.41
2025-12-10,EMEA,In-store,Beauty & Wellness,Electric Toothbrush,8,59.99,0.0,479.92,32.99,263.92,216.0
2025-12-10,EMEA,In-store,Beauty & Wellness,Vitamin C Serum,13,29.99,0.0,389.87,10.5,136.5,253.37
2025-12-10,EMEA,Online,Electronics,Smart Speaker,6,49.99,0.0,299.94,34.99,209.94,90.0
2025-12-10,LATAM,In-store,Apparel,Denim Jacket,3,69.99,0.0,209.97,34.99,104.97,105.0
2025-12-10,LATAM,In-store,Home & Kitchen,Cookware Set,1,129.99,0.2,103.99,84.49,84.49,19.5
2025-12-10,LATAM,Online,Beauty & Wellness,Vitamin C Serum,6,29.99,0.25,134.95,10.5,63.0,71.95
2025-12-10,LATAM,Online,Electronics,USB-C Charger,13,19.99,0.0,259.87,10.99,142.87,117.0
2025-12-10,North America,In-store,Beauty & Wellness,Collagen Powder,13,34.99,0.25,341.15,14.0,182.0,159.15
2025-12-10,North America,In-store,Media & Entertainment,Vinyl Record,4,27.99,0.0,111.96,16.79,67.16,44.8
2025-12-10,North America,Online,Apparel,Wool Socks 3-pack,2,14.99,0.2,23.98,6.0,12.0,11.98
2025-12-10,North America,Online,Electronics,USB-C Charger,24,19.99,0.0,479.76,10.99,263.76,216.0
2025-12-10,North America,Online,Media & Entertainment,Blu-ray Box Set,3,39.99,0.0,119.97,29.99,89.97,30.0
2025-12-10,UK & Ireland,In-store,Apparel,Wool Socks 3-pack,3,14.99,0.25,33.73,6.0,18.0,15.73
2025-12-10,UK & Ireland,In-store,Electronics,Smart Speaker,7,49.99,0.25,262.45,34.99,244.93,17.52
2025-12-11,APAC,In-store,Apparel,Wool Socks 3-pack,8,14.99,0.0,119.92,6.0,48.0,71.92
2025-12-11,APAC,Online,Media & Entertainment,Blu-ray Box Set,5,39.99,0.0,199.95,29.99,149.95,50.0
2025-12-11,APAC,Online,Media & Entertainment,Board Game,4,34.99,0.2,111.97,19.24,76.96,35.01
2025-12-11,EMEA,Online,Beauty & Wellness,Vitamin C Serum,13,29.99,0.15,331.39,10.5,136.5,194.89
2025-12-11,EMEA,Online,Electronics,Smart Speaker,8,49.99,0.0,399.92,34.99,279.92,120.0
2025-12-11,EMEA,Online,Media & Entertainment,Blu-ray Box Set,1,39.99,0.0,39.99,29.99,29.99,10.0
2025-12-11,LATAM,Online,Apparel,Denim Jacket,4,69.99,0.0,279.96,34.99,139.96,140.0
2025-12-11,LATAM,Online,Home & Kitchen,Cookware Set,2,129.99,0.1,233.98,84.49,168.98,65.0
2025-12-11,North America,In-store,Media & Entertainment,Blu-ray Box Set,5,39.99,0.0,199.95,29.99,149.95,50.0
2025-12-11,North America,Online,Apparel,Running Tee,17,24.99,0.0,424.83,11.25,191.25,233.58
2025-12-11,North America,Online,Electronics,USB-C Charger,16,19.99,0.0,319.84,10.99,175.84,144.0
2025-12-11,North America,Online,Home & Kitchen,Air Fryer,11,89.99,0.0,989.89,62.99,692.89,297.0
2025-12-11,UK & Ireland,In-store,Home & Kitchen,Cookware Set,4,129.99,0.2,415.97,84.49,337.96,78.01
2025-12-11,UK & Ireland,Online,Apparel,Running Tee,7,24.99,0.1,157.44,11.25,78.75,78.69
2025-12-11,UK & Ireland,Online,Apparel,Wool Socks 3-pack,4,14.99,0.0,59.96,6.0,24.0,35.96
2025-12-11,UK & Ireland,Online,Beauty & Wellness,Electric Toothbrush,9,59.99,0.0,539.91,32.99,296.91,243.0
2025-12-12,APAC,In-store,Home & Kitchen,Cookware Set,2,129.99,0.0,259.98,84.49,168.98,91.0
2025-12-12,EMEA,In-store,Home & Kitchen,Coffee Grinder,4,39.99,0.15,135.97,23.99,95.96,40.01
2025-12-12,EMEA,In-store,Home & Kitchen,Cookware Set,11,129.99,0.1,1286.9,84.49,929.39,357.51
2025-12-12,EMEA,Online,Home & Kitchen,Air Fryer,5,89.99,0.0,449.95,62.99,314.95,135.0
2025-12-12,LATAM,In-store,Apparel,Running Tee,3,24.99,0.0,74.97,11.25,33.75,41.22
2025-12-12,LATAM,Online,Beauty & Wellness,Electric Toothbrush,5,59.99,0.0,299.95,32.99,164.95,135.0
2025-12-12,North America,In-store,Apparel,Denim Jacket,7,69.99,0.0,489.93,34.99,244.93,245.0
2025-12-12,North America,Online,Apparel,Running Tee,9,24.99,0.0,224.91,11.25,101.25,123.66
2025-12-12,North America,Online,Electronics,Wireless Earbuds,7,79.99,0.1,503.94,51.99,363.93,140.01
2025-12-12,North America,Online,Media & Entertainment,Board Game,2,34.99,0.0,69.98,19.24,38.48,31.5
2025-12-12,UK & Ireland,In-store,Apparel,Running Tee,12,24.99,0.1,269.89,11.25,135.0,134.89
2025-12-12,UK & Ireland,In-store,Beauty & Wellness,Collagen Powder,15,34.99,0.0,524.85,14.0,210.0,314.85
2025-12-13,APAC,Online,Apparel,Wool Socks 3-pack,12,14.99,0.2,143.9,6.0,72.0,71.9
2025-12-13,LATAM,In-store,Beauty & Wellness,Collagen Powder,11,34.99,0.0,384.89,14.0,154.0,230.89
2025-12-13,LATAM,In-store,Beauty & Wellness,Vitamin C Serum,8,29.99,0.15,203.93,10.5,84.0,119.93
2025-12-13,North America,In-store,Home & Kitchen,Cookware Set,2,129.99,0.0,259.98,84.49,168.98,91.0
2025-12-13,North America,Online,Home & Kitchen,Coffee Grinder,8,39.99,0.0,319.92,23.99,191.92,128.0
2025-12-13,North America,Online,Media & Entertainment,Vinyl Record,4,27.99,0.0,111.96,16.79,67.16,44.8
2025-12-13,UK & Ireland,In-store,Media & Entertainment,Board Game,9,34.99,0.0,314.91,19.24,173.16,141.75
2025-12-13,UK & Ireland,Online,Beauty & Wellness,Collagen Powder,13,34.99,0.25,341.15,14.0,182.0,159.15
2025-12-13,UK & Ireland,Online,Electronics,Wireless Earbuds,6,79.99,0.0,479.94,51.99,311.94,168.0
2025-12-14,APAC,In-store,Electronics,USB-C Charger,10,19.99,0.0,199.9,10.99,109.9,90.0
2025-12-14,APAC,Online,Beauty & Wellness,Collagen Powder,7,34.99,0.0,244.93,14.0,98.0,146.93
2025-12-14,APAC,Online,Beauty & Wellness,Electric Toothbrush,17,59.99,0.0,1019.83,32.99,560.83,459.0
2025-12-14,APAC,Online,Home & Kitchen,Coffee Grinder,5,39.99,0.0,199.95,23.99,119.95,80.0
2025-12-14,EMEA,In-store,Beauty & Wellness,Collagen Powder,12,34.99,0.0,419.88,14.0,168.0,251.88
2025-12-14,EMEA,Online,Beauty & Wellness,Collagen Powder,13,34.99,0.0,454.87,14.0,182.0,272.87
2025-12-14,EMEA,Online,Electronics,Smart Speaker,4,49.99,0.0,199.96,34.99,139.96,60.0
2025-12-14,LATAM,In-store,Beauty & Wellness,Collagen Powder,6,34.99,0.0,209.94,14.0,84.0,125.94
2025-12-14,LATAM,In-store,Media & Entertainment,Vinyl Record,1,27.99,0.2,22.39,16.79,16.79,5.6
2025-12-14,LATAM,Online,Apparel,Wool Socks 3-pack,4,14.99,0.0,59.96,6.0,24.0,35.96
2025-12-14,UK & Ireland,In-store,Home & Kitchen,Coffee Grinder,8,39.99,0.0,319.92,23.99,191.92,128.0
2025-12-15,APAC,In-store,Beauty & Wellness,Vitamin C Serum,10,29.99,0.25,224.92,10.5,105.0,119.92
2025-12-15,APAC,Online,Apparel,Running Tee,8,24.99,0.1,179.93,11.25,90.0,89.93
2025-12-15,EMEA,In-store,Media & Entertainment,Board Game,5,34.99,0.25,131.21,19.24,96.2,35.01
2025-12-15,LATAM,Online,Apparel,Wool Socks 3-pack,6,14.99,0.0,89.94,6.0,36.0,53.94
2025-12-15,North America,In-store,Beauty & Wellness,Vitamin C Serum,16,29.99,0.0,479.84,10.5,168.0,311.84
2025-12-15,UK & Ireland,In-store,Beauty & Wellness,Electric Toothbrush,6,59.99,0.15,305.95,32.99,197.94,108.01
2025-12-15,UK & Ireland,Online,Beauty & Wellness,Electric Toothbrush,6,59.99,0.0,359.94,32.99,197.94,162.0
2025-12-15,UK & Ireland,Online,Media & Entertainment,Vinyl Record,1,27.99,0.0,27.99,16.79,16.79,11.2
2025-12-16,APAC,In-store,Apparel,Running Tee,7,24.99,0.1,157.44,11.25,78.75,78.69
2025-12-16,APAC,In-store,Beauty & Wellness,Electric Toothbrush,7,59.99,0.0,419.93,32.99,230.93,189.0
2025-12-16,APAC,In-store,Electronics,Smart Speaker,5,49.99,0.15,212.46,34.99,174.95,37.51
2025-12-16,APAC,In-store,Media & Entertainment,Vinyl Record,4,27.99,0.0,111.96,16.79,67.16,44.8
2025-12-16,APAC,Online,Beauty & Wellness,Vitamin C Serum,9,29.99,0.0,269.91,10.5,94.5,175.41
2025-12-16,EMEA,In-store,Media & Entertainment,Board Game,4,34.99,0.0,139.96,19.24,76.96,63.0
2025-12-16,North America,In-store,Home & Kitchen,Air Fryer,9,89.99,0.15,688.42,62.99,566.91,121.51
2025-12-16,North America,In-store,Home & Kitchen,Cookware Set,9,129.99,0.0,1169.91,84.49,760.41,409.5
2025-12-16,North America,Online,Apparel,Wool Socks 3-pack,6,14.99,0.1,80.95,6.0,36.0,44.95
2025-12-16,UK & Ireland,Online,Electronics,USB-C Charger,9,19.99,0.0,179.91,10.99,98.91,81.0
2025-12-17,APAC,In-store,Electronics,Smart Speaker,9,49.99,0.0,449.91,34.99,314.91,135.0
2025-12-17,EMEA,In-store,Media & Entertainment,Board Game,1,34.99,0.2,27.99,19.24,19.24,8.75
2025-12-17,EMEA,Online,Electronics,Wireless Earbuds,9,79.99,0.25,539.93,51.99,467.91,72.02
2025-12-17,LATAM,Online,Electronics,Wireless Earbuds,6,79.99,0.15,407.95,51.99,311.94,96.01
2025-12-17,North America,In-store,Beauty & Wellness,Electric Toothbrush,15,59.99,0.0,899.85,32.99,494.85,405.0
2025-12-17,North America,In-store,Electronics,Smart Speaker,7,49.99,0.2,279.94,34.99,244.93,35.01
2025-12-17,North America,Online,Apparel,Running Tee,10,24.99,0.0,249.9,11.25,112.5,137.4
2025-12-17,North America,Online,Apparel,Wool Socks 3-pack,11,14.99,0.0,164.89,6.0,66.0,98.89
2025-12-17,North America,Online,Home & Kitchen,Cookware Set,3,129.99,0.2,311.98,84.49,253.47,58.51
2025-12-18,APAC,In-store,Apparel,Wool Socks 3-pack,14,14.99,0.2,167.89,6.0,84.0,83.89
2025-12-18,EMEA,In-store,Electronics,Wireless Earbuds,15,79.99,0.0,1199.85,51.99,779.85,420.0
2025-12-18,EMEA,Online,Electronics,Smart Speaker,6,49.99,0.25,224.95,34.99,209.94,15.01
2025-12-18,LATAM,Online,Beauty & Wellness,Collagen Powder,2,34.99,0.0,69.98,14.0,28.0,41.98
2025-12-18,LATAM,Online,Home & Kitchen,Coffee Grinder,2,39.99,0.1,71.98,23.99,47.98,24.0
2025-12-18,LATAM,Online,Media & Entertainment,Board Game,3,34.99,0.0,104.97,19.24,57.72,47.25
2025-12-18,North America,In-store,Beauty & Wellness,Electric Toothbrush,11,59.99,0.15,560.91,32.99,362.89,198.02
2025-12-18,North America,In-store,Media & Entertainment,Vinyl Record,6,27.99,0.0,167.94,16.79,100.74,67.2
2025-12-18,North America,Online,Apparel,Denim Jacket,4,69.99,0.0,279.96,34.99,139.96,140.0
2025-12-18,North America,Online,Home & Kitchen,Air Fryer,11,89.99,0.15,841.41,62.99,692.89,148.52
2025-12-18,North America,Online,Media & Entertainment,Vinyl Record,6,27.99,0.0,167.94,16.79,100.74,67.2
2025-12-18,UK & Ireland,In-store,Apparel,Denim Jacket,4,69.99,0.0,279.96,34.99,139.96,140.0
2025-12-18,UK & Ireland,In-store,Beauty & Wellness,Electric Toothbrush,8,59.99,0.2,383.94,32.99,263.92,120.02
2025-12-19,APAC,In-store,Home & Kitchen,Coffee Grinder,7,39.99,0.0,279.93,23.99,167.93,112.0
2025-12-19,APAC,Online,Electronics,Wireless Earbuds,10,79.99,0.25,599.92,51.99,519.9,80.02
2025-12-19,APAC,Online,Home & Kitchen,Air Fryer,5,89.99,0.25,337.46,62.99,314.95,22.51
2025-12-19,EMEA,In-store,Media & Entertainment,Vinyl Record,5,27.99,0.0,139.95,16.79,83.95,56.0
2025-12-19,LATAM,In-store,Apparel,Wool Socks 3-pack,8,14.99,0.0,119.92,6.0,48.0,71.92
2025-12-19,LATAM,In-store,Beauty & Wellness,Vitamin C Serum,4,29.99,0.0,119.96,10.5,42.0,77.96
2025-12-19,LATAM,Online,Apparel,Denim Jacket,8,69.99,0.0,559.92,34.99,279.92,280.0
2025-12-19,LATAM,Online,Apparel,Running Tee,6,24.99,0.0,149.94,11.25,67.5,82.44
2025-12-19,LATAM,Online,Electronics,USB-C Charger,11,19.99,0.1,197.9,10.99,120.89,77.01
2025-12-19,North America,In-store,Beauty & Wellness,Vitamin C Serum,17,29.99,0.0,509.83,10.5,178.5,331.33
2025-12-19,North America,Online,Home & Kitchen,Air Fryer,4,89.99,0.15,305.97,62.99,251.96,54.01
2025-12-19,UK & Ireland,In-store,Home & Kitchen,Air Fryer,7,89.99,0.0,629.93,62.99,440.93,189.0
2025-12-19,UK & Ireland,In-store,Home & Kitchen,Cookware Set,10,129.99,0.15,1104.91,84.49,844.9,260.01
2025-12-19,UK & Ireland,Online,Media & Entertainment,Blu-ray Box Set,2,39.99,0.0,79.98,29.99,59.98,20.0
2025-12-19,UK & Ireland,Online,Media & Entertainment,Board Game,6,34.99,0.0,209.94,19.24,115.44,94.5
2025-12-20,APAC,In-store,Electronics,Smart Speaker,5,49.99,0.0,249.95,34.99,174.95,75.0
2025-12-20,APAC,In-store,Home & Kitchen,Air Fryer,14,89.99,0.0,1259.86,62.99,881.86,378.0
2025-12-20,LATAM,In-store,Beauty & Wellness,Vitamin C Serum,7,29.99,0.0,209.93,10.5,73.5,136.43
2025-12-20,LATAM,Online,Beauty & Wellness,Collagen Powder,3,34.99,0.2,83.98,14.0,42.0,41.98
2025-12-20,LATAM,Online,Electronics,USB-C Charger,13,19.99,0.0,259.87,10.99,142.87,117.0
2025-12-20,North America,Online,Home & Kitchen,Coffee Grinder,5,39.99,0.0,199.95,23.99,119.95,80.0
2025-12-20,North America,Online,Media & Entertainment,Vinyl Record,6,27.99,0.0,167.94,16.79,100.74,67.2
2025-12-20,UK & Ireland,Online,Apparel,Wool Socks 3-pack,10,14.99,0.0,149.9,6.0,60.0,89.9
2025-12-20,UK & Ireland,Online,Beauty & Wellness,Collagen Powder,8,34.99,0.15,237.93,14.0,112.0,125.93
2025-12-21,APAC,In-store,Apparel,Denim Jacket,4,69.99,0.25,209.97,34.99,139.96,70.01
2025-12-21,APAC,In-store,Beauty & Wellness,Vitamin C Serum,6,29.99,0.2,143.95,10.5,63.0,80.95
2025-12-21,APAC,Online,Beauty & Wellness,Vitamin C Serum,7,29.99,0.0,209.93,10.5,73.5,136.43
2025-12-21,APAC,Online,Media & Entertainment,Board Game,3,34.99,0.2,83.98,19.24,57.72,26.26
2025-12-21,EMEA,Online,Apparel,Wool Socks 3-pack,5,14.99,0.0,74.95,6.0,30.0,44.95
2025-12-21,EMEA,Online,Beauty & Wellness,Collagen Powder,7,34.99,0.25,183.7,14.0,98.0,85.7
2025-12-21,LATAM,In-store,Home & Kitchen,Coffee Grinder,3,39.99,0.1,107.97,23.99,71.97,36.0
2025-12-21,LATAM,In-store,Media & Entertainment,Board Game,2,34.99,0.15,59.48,19.24,38.48,21.0
2025-12-21,LATAM,Online,Apparel,Denim Jacket,2,69.99,0.25,104.98,34.99,69.98,35.0
2025-12-21,LATAM,Online,Beauty & Wellness,Vitamin C Serum,9,29.99,0.0,269.91,10.5,94.5,175.41
2025-12-21,North America,In-store,Beauty & Wellness,Vitamin C Serum,13,29.99,0.0,389.87,10.5,136.5,253.37
2025-12-21,North America,In-store,Electronics,Wireless Earbuds,20,79.99,0.2,1279.84,51.99,1039.8,240.04
2025-12-21,North America,Online,Apparel,Running Tee,9,24.99,0.25,168.68,11.25,101.25,67.43
2025-12-21,North America,Online,Beauty & Wellness,Collagen Powder,9,34.99,0.0,314.91,14.0,126.0,188.91
2025-12-21,North America,Online,Beauty & Wellness,Electric Toothbrush,12,59.99,0.0,719.88,32.99,395.88,324.0
2025-12-21,UK & Ireland,In-store,Home & Kitchen,Air Fryer,8,89.99,0.0,719.92,62.99,503.92,216.0
2025-12-22,APAC,In-store,Apparel,Running Tee,5,24.99,0.1,112.45,11.25,56.25,56.2
2025-12-22,APAC,In-store,Apparel,Wool Socks 3-pack,4,14.99,0.0,59.96,6.0,24.0,35.96
2025-12-22,APAC,Online,Apparel,Denim Jacket,3,69.99,0.0,209.97,34.99,104.97,105.0
2025-12-22,APAC,Online,Apparel,Wool Socks 3-pack,10,14.99,0.0,149.9,6.0,60.0,89.9
2025-12-22,APAC,Online,Electronics,Smart Speaker,4,49.99,0.0,199.96,34.99,139.96,60.0
2025-12-22,APAC,Online,Electronics,USB-C Charger,16,19.99,0.0,319.84,10.99,175.84,144.0
2025-12-22,APAC,Online,Media & Entertainment,Vinyl Record,4,27.99,0.1,100.76,16.79,67.16,33.6
2025-12-22,EMEA,In-store,Beauty & Wellness,Collagen Powder,10,34.99,0.0,349.9,14.0,140.0,209.9
2025-12-22,EMEA,In-store,Beauty & Wellness,Vitamin C Serum,16,29.99,0.15,407.86,10.5,168.0,239.86
2025-12-22,EMEA,In-store,Electronics,Smart Speaker,6,49.99,0.25,224.95,34.99,209.94,15.01
2025-12-22,EMEA,In-store,Home & Kitchen,Coffee Grinder,5,39.99,0.0,199.95,23.99,119.95,80.0
2025-12-22,EMEA,In-store,Media & Entertainment,Blu-ray Box Set,5,39.99,0.0,199.95,29.99,149.95,50.0
2025-12-22,EMEA,Online,Beauty & Wellness,Collagen Powder,9,34.99,0.1,283.42,14.0,126.0,157.42
2025-12-22,LATAM,In-store,Home & Kitchen,Air Fryer,4,89.99,0.0,359.96,62.99,251.96,108.0
2025-12-22,LATAM,In-store,Home & Kitchen,Cookware Set,2,129.99,0.1,233.98,84.49,168.98,65.0
2025-12-22,LATAM,Online,Beauty & Wellness,Vitamin C Serum,4,29.99,0.2,95.97,10.5,42.0,53.97
2025-12-22,LATAM,Online,Electronics,Smart Speaker,10,49.99,0.0,499.9,34.99,349.9,150.0
2025-12-22,North America,In-store,Beauty & Wellness,Collagen Powder,6,34.99,0.0,209.94,14.0,84.0,125.94
2025-12-22,North America,In-store,Electronics,Smart Speaker,13,49.99,0.0,649.87,34.99,454.87,195.0
2025-12-22,North America,In-store,Electronics,USB-C Charger,17,19.99,0.1,305.85,10.99,186.83,119.02
2025-12-22,North America,Online,Beauty & Wellness,Vitamin C Serum,7,29.99,0.25,157.45,10.5,73.5,83.95
2025-12-22,UK & Ireland,In-store,Apparel,Denim Jacket,3,69.99,0.15,178.47,34.99,104.97,73.5
2025-12-22,UK & Ireland,In-store,Media & Entertainment,Board Game,5,34.99,0.0,174.95,19.24,96.2,78.75
2025-12-22,UK & Ireland,Online,Electronics,USB-C Charger,11,19.99,0.15,186.91,10.99,120.89,66.02
2025-12-23,EMEA,In-store,Beauty & Wellness,Vitamin C Serum,13,29.99,0.0,389.87,10.5,136.5,253.37
2025-12-23,LATAM,Online,Electronics,Smart Speaker,4,49.99,0.0,199.96,34.99,139.96,60.0
2025-12-23,North America,In-store,Media & Entertainment,Board Game,6,34.99,0.0,209.94,19.24,115.44,94.5
2025-12-23,North America,Online,Electronics,USB-C Charger,11,19.99,0.15,186.91,10.99,120.89,66.02
2025-12-23,North America,Online,Media & Entertainment,Blu-ray Box Set,4,39.99,0.0,159.96,29.99,119.96,40.0
2025-12-23,UK & Ireland,In-store,Home & Kitchen,Cookware Set,3,129.99,0.0,389.97,84.49,253.47,136.5
2025-12-23,UK & Ireland,Online,Electronics,USB-C Charger,8,19.99,0.25,119.94,10.99,87.92,32.02
2025-12-23,UK & Ireland,Online,Home & Kitchen,Air Fryer,2,89.99,0.0,179.98,62.99,125.98,54.0
2025-12-23,UK & Ireland,Online,Home & Kitchen,Cookware Set,3,129.99,0.0,389.97,84.49,253.47,136.5
2025-12-24,APAC,In-store,Beauty & Wellness,Collagen Powder,9,34.99,0.1,283.42,14.0,126.0,157.42
2025-12-24,APAC,In-store,Beauty & Wellness,Electric Toothbrush,7,59.99,0.15,356.94,32.99,230.93,126.01
2025-12-24,APAC,In-store,Beauty & Wellness,Vitamin C Serum,7,29.99,0.0,209.93,10.5,73.5,136.43
2025-12-24,APAC,In-store,Home & Kitchen,Coffee Grinder,9,39.99,0.0,359.91,23.99,215.91,144.0
2025-12-24,EMEA,In-store,Beauty & Wellness,Electric Toothbrush,11,59.99,0.0,659.89,32.99,362.89,297.0
2025-12-24,EMEA,In-store,Home & Kitchen,Coffee Grinder,7,39.99,0.0,279.93,23.99,167.93,112.0
2025-12-24,EMEA,In-store,Media & Entertainment,Vinyl Record,4,27.99,0.15,95.17,16.79,67.16,28.01
2025-12-24,EMEA,Online,Apparel,Running Tee,6,24.99,0.15,127.45,11.25,67.5,59.95
2025-12-24,LATAM,In-store,Beauty & Wellness,Collagen Powder,1,34.99,0.15,29.74,14.0,14.0,15.74
2025-12-24,LATAM,In-store,Media & Entertainment,Vinyl Record,3,27.99,0.15,71.37,16.79,50.37,21.0
2025-12-24,LATAM,Online,Beauty & Wellness,Vitamin C Serum,7,29.99,0.0,209.93,10.5,73.5,136.43
2025-12-24,LATAM,Online,Home & Kitchen,Air Fryer,4,89.99,0.0,359.96,62.99,251.96,108.0
2025-12-24,North America,In-store,Apparel,Denim Jacket,8,69.99,0.2,447.94,34.99,279.92,168.02
2025-12-24,North America,In-store,Electronics,Wireless Earbuds,5,79.99,0.0,399.95,51.99,259.95,140.0
2025-12-24,North America,Online,Apparel,Running Tee,13,24.99,0.0,324.87,11.25,146.25,178.62
2025-12-24,UK & Ireland,In-store,Apparel,Wool Socks 3-pack,3,14.99,0.0,44.97,6.0,18.0,26.97
2025-12-24,UK & Ireland,Online,Electronics,USB-C Charger,8,19.99,0.0,159.92,10.99,87.92,72.0
2025-12-25,APAC,In-store,Apparel,Running Tee,3,24.99,0.2,59.98,11.25,33.75,26.23
2025-12-25,APAC,Online,Electronics,Smart Speaker,9,49.99,0.1,404.92,34.99,314.91,90.01
2025-12-25,APAC,Online,Media & Entertainment,Vinyl Record,1,27.99,0.2,22.39,16.79,16.79,5.6
2025-12-25,EMEA,In-store,Apparel,Denim Jacket,4,69.99,0.0,279.96,34.99,139.96,140.0
2025-12-25,EMEA,In-store,Beauty & Wellness,Electric Toothbrush,13,59.99,0.0,779.87,32.99,428.87,351.0
2025-12-25,EMEA,In-store,Electronics,USB-C Charger,7,19.99,0.0,139.93,10.99,76.93,63.0
2025-12-25,EMEA,In-store,Electronics,Wireless Earbuds,9,79.99,0.0,719.91,51.99,467.91,252.0
2025-12-25,LATAM,In-store,Apparel,Running Tee,1,24.99,0.0,24.99,11.25,11.25,13.74
2025-12-25,LATAM,In-store,Beauty & Wellness,Vitamin C Serum,5,29.99,0.0,149.95,10.5,52.5,97.45
2025-12-25,LATAM,In-store,Media & Entertainment,Vinyl Record,3,27.99,0.15,71.37,16.79,50.37,21.0
2025-12-25,LATAM,Online,Media & Entertainment,Vinyl Record,3,27.99,0.15,71.37,16.79,50.37,21.0
2025-12-25,North America,In-store,Electronics,Smart Speaker,9,49.99,0.0,449.91,34.99,314.91,135.0
2025-12-25,North America,Online,Home & Kitchen,Cookware Set,8,129.99,0.0,1039.92,84.49,675.92,364.0
2025-12-25,North America,Online,Media & Entertainment,Blu-ray Box Set,3,39.99,0.0,119.97,29.99,89.97,30.0
2025-12-25,UK & Ireland,In-store,Beauty & Wellness,Vitamin C Serum,8,29.99,0.0,239.92,10.5,84.0,155.92
2025-12-25,UK & Ireland,Online,Home & Kitchen,Coffee Grinder,6,39.99,0.25,179.95,23.99,143.94,36.01
2025-12-25,UK & Ireland,Online,Media & Entertainment,Vinyl Record,5,27.99,0.1,125.95,16.79,83.95,42.0
2025-12-26,APAC,In-store,Beauty & Wellness,Collagen Powder,10,34.99,0.0,349.9,14.0,140.0,209.9
2025-12-26,EMEA,In-store,Home & Kitchen,Air Fryer,6,89.99,0.1,485.95,62.99,377.94,108.01
2025-12-26,EMEA,Online,Apparel,Wool Socks 3-pack,8,14.99,0.0,119.92,6.0,48.0,71.92
2025-12-26,EMEA,Online,Home & Kitchen,Cookware Set,4,129.99,0.2,415.97,84.49,337.96,78.01
2025-12-26,LATAM,In-store,Apparel,Denim Jacket,4,69.99,0.0,279.96,34.99,139.96,140.0
2025-12-26,LATAM,In-store,Apparel,Running Tee,3,24.99,0.15,63.72,11.25,33.75,29.97
2025-12-26,LATAM,In-store,Home & Kitchen,Air Fryer,3,89.99,0.0,269.97,62.99,188.97,81.0
2025-12-26,LATAM,In-store,Media & Entertainment,Blu-ray Box Set,5,39.99,0.15,169.96,29.99,149.95,20.01
2025-12-26,LATAM,In-store,Media & Entertainment,Board Game,3,34.99,0.0,104.97,19.24,57.72,47.25
2025-12-26,LATAM,Online,Electronics,Wireless Earbuds,6,79.99,0.0,479.94,51.99,311.94,168.0
2025-12-26,North America,In-store,Apparel,Wool Socks 3-pack,10,14.99,0.0,149.9,6.0,60.0,89.9
2025-12-26,North America,Online,Beauty & Wellness,Electric Toothbrush,14,59.99,0.0,839.86,32.99,461.86,378.0
2025-12-26,UK & Ireland,In-store,Apparel,Running Tee,9,24.99,0.15,191.17,11.25,101.25,89.92
2025-12-26,UK & Ireland,In-store,Electronics,Smart Speaker,7,49.99,0.0,349.93,34.99,244.93,105.0
2025-12-26,UK & Ireland,In-store,Home & Kitchen,Air Fryer,3,89.99,0.0,269.97,62.99,188.97,81.0
2025-12-26,UK & Ireland,In-store,Home & Kitchen,Coffee Grinder,7,39.99,0.2,223.94,23.99,167.93,56.01
2025-12-26,UK & Ireland,Online,Apparel,Wool Socks 3-pack,6,14.99,0.0,89.94,6.0,36.0,53.94
2025-12-26,UK & Ireland,Online,Beauty & Wellness,Electric Toothbrush,9,59.99,0.25,404.93,32.99,296.91,108.02
2025-12-26,UK & Ireland,Online,Home & Kitchen,Air Fryer,8,89.99,0.0,719.92,62.99,503.92,216.0
2025-12-27,APAC,In-store,Electronics,Wireless Earbuds,9,79.99,0.0,719.91,51.99,467.91,252.0
2025-12-27,APAC,In-store,Home & Kitchen,Cookware Set,6,129.99,0.15,662.95,84.49,506.94,156.01
2025-12-27,APAC,In-store,Media & Entertainment,Board Game,8,34.99,0.1,251.93,19.24,153.92,98.01
2025-12-27,APAC,Online,Beauty & Wellness,Vitamin C Serum,9,29.99,0.0,269.91,10.5,94.5,175.41
2025-12-27,EMEA,In-store,Beauty & Wellness,Electric Toothbrush,13,59.99,0.1,701.88,32.99,428.87,273.01
2025-12-27,EMEA,Online,Home & Kitchen,Air Fryer,4,89.99,0.0,359.96,62.99,251.96,108.0
2025-12-27,UK & Ireland,In-store,Electronics,USB-C Charger,24,19.99,0.15,407.8,10.99,263.76,144.04
2025-12-27,UK & Ireland,In-store,Electronics,Wireless Earbuds,11,79.99,0.0,879.89,51.99,571.89,308.0
2025-12-28,APAC,Online,Home & Kitchen,Air Fryer,7,89.99,0.0,629.93,62.99,440.93,189.0
2025-12-28,APAC,Online,Media & Entertainment,Blu-ray Box Set,6,39.99,0.0,239.94,29.99,179.94,60.0
2025-12-28,EMEA,In-store,Apparel,Wool Socks 3-pack,9,14.99,0.25,101.18,6.0,54.0,47.18
2025-12-28,EMEA,In-store,Electronics,Wireless Earbuds,10,79.99,0.0,799.9,51.99,519.9,280.0
2025-12-28,EMEA,Online,Apparel,Denim Jacket,2,69.99,0.0,139.98,34.99,69.98,70.0
2025-12-28,EMEA,Online,Media & Entertainment,Blu-ray Box Set,2,39.99,0.0,79.98,29.99,59.98,20.0
2025-12-28,EMEA,Online,Media & Entertainment,Board Game,10,34.99,0.0,349.9,19.24,192.4,157.5
2025-12-28,LATAM,In-store,Apparel,Running Tee,8,24.99,0.0,199.92,11.25,90.0,109.92
2025-12-28,LATAM,Online,Apparel,Wool Socks 3-pack,4,14.99,0.0,59.96,6.0,24.0,35.96
2025-12-28,LATAM,Online,Electronics,Smart Speaker,5,49.99,0.0,249.95,34.99,174.95,75.0
2025-12-28,LATAM,Online,Electronics,USB-C Charger,6,19.99,0.0,119.94,10.99,65.94,54.0
2025-12-28,LATAM,Online,Media & Entertainment,Board Game,2,34.99,0.25,52.48,19.24,38.48,14.0
2025-12-28,North America,Online,Electronics,Wireless Earbuds,13,79.99,0.0,1039.87,51.99,675.87,364.0
2025-12-28,UK & Ireland,Online,Apparel,Running Tee,13,24.99,0.0,324.87,11.25,146.25,178.62
2025-12-28,UK & Ireland,Online,Apparel,Wool Socks 3-pack,8,14.99,0.2,95.94,6.0,48.0,47.94
2025-12-28,UK & Ireland,Online,Electronics,Smart Speaker,5,49.99,0.2,199.96,34.99,174.95,25.01
2025-12-28,UK & Ireland,Online,Media & Entertainment,Blu-ray Box Set,5,39.99,0.0,199.95,29.99,149.95,50.0
2025-12-29,APAC,Online,Electronics,Smart Speaker,7,49.99,0.0,349.93,34.99,244.93,105.0
2025-12-29,EMEA,In-store,Apparel,Wool Socks 3-pack,9,14.99,0.2,107.93,6.0,54.0,53.93
2025-12-29,EMEA,In-store,Beauty & Wellness,Collagen Powder,3,34.99,0.0,104.97,14.0,42.0,62.97
2025-12-29,EMEA,Online,Electronics,Smart Speaker,5,49.99,0.0,249.95,34.99,174.95,75.0
2025-12-29,EMEA,Online,Home & Kitchen,Cookware Set,3,129.99,0.2,311.98,84.49,253.47,58.51
2025-12-29,EMEA,Online,Media & Entertainment,Vinyl Record,6,27.99,0.15,142.75,16.79,100.74,42.01
2025-12-29,LATAM,In-store,Home & Kitchen,Coffee Grinder,1,39.99,0.0,39.99,23.99,23.99,16.0
2025-12-29,LATAM,Online,Beauty & Wellness,Collagen Powder,5,34.99,0.0,174.95,14.0,70.0,104.95
2025-12-29,LATAM,Online,Home & Kitchen,Air Fryer,4,89.99,0.15,305.97,62.99,251.96,54.01
2025-12-29,North America,In-store,Apparel,Denim Jacket,4,69.99,0.2,223.97,34.99,139.96,84.01
2025-12-29,North America,In-store,Media & Entertainment,Blu-ray Box Set,6,39.99,0.0,239.94,29.99,179.94,60.0
2025-12-29,North America,Online,Electronics,Wireless Earbuds,7,79.99,0.0,559.93,51.99,363.93,196.0
2025-12-29,UK & Ireland,In-store,Home & Kitchen,Air Fryer,9,89.99,0.1,728.92,62.99,566.91,162.01
2025-12-30,APAC,Online,Beauty & Wellness,Vitamin C Serum,5,29.99,0.0,149.95,10.5,52.5,97.45
2025-12-30,APAC,Online,Home & Kitchen,Coffee Grinder,6,39.99,0.0,239.94,23.99,143.94,96.0
2025-12-30,EMEA,In-store,Apparel,Denim Jacket,4,69.99,0.0,279.96,34.99,139.96,140.0
2025-12-30,EMEA,Online,Home & Kitchen,Air Fryer,1,89.99,0.25,67.49,62.99,62.99,4.5
2025-12-30,LATAM,In-store,Home & Kitchen,Air Fryer,3,89.99,0.25,202.48,62.99,188.97,13.51
2025-12-30,LATAM,Online,Beauty & Wellness,Vitamin C Serum,10,29.99,0.0,299.9,10.5,105.0,194.9
2025-12-30,LATAM,Online,Home & Kitchen,Air Fryer,2,89.99,0.0,179.98,62.99,125.98,54.0
2025-12-30,North America,In-store,Apparel,Running Tee,8,24.99,0.25,149.94,11.25,90.0,59.94
2025-12-30,North America,In-store,Beauty & Wellness,Vitamin C Serum,10,29.99,0.15,254.91,10.5,105.0,149.91
2025-12-30,North America,In-store,Home & Kitchen,Coffee Grinder,9,39.99,0.15,305.92,23.99,215.91,90.01
2025-12-30,North America,Online,Apparel,Denim Jacket,3,69.99,0.0,209.97,34.99,104.97,105.0
2025-12-30,UK & Ireland,In-store,Home & Kitchen,Air Fryer,6,89.99,0.0,539.94,62.99,377.94,162.0
2025-12-30,UK & Ireland,Online,Media & Entertainment,Board Game,7,34.99,0.0,244.93,19.24,134.68,110.25
2025-12-31,APAC,In-store,Apparel,Running Tee,6,24.99,0.25,112.45,11.25,67.5,44.95
2025-12-31,APAC,In-store,Apparel,Wool Socks 3-pack,2,14.99,0.15,25.48,6.0,12.0,13.48
2025-12-31,APAC,In-store,Media & Entertainment,Blu-ray Box Set,4,39.99,0.25,119.97,29.99,119.96,0.01
2025-12-31,EMEA,In-store,Electronics,Wireless Earbuds,10,79.99,0.0,799.9,51.99,519.9,280.0
2025-12-31,EMEA,In-store,Home & Kitchen,Coffee Grinder,2,39.99,0.0,79.98,23.99,47.98,32.0
2025-12-31,EMEA,Online,Apparel,Wool Socks 3-pack,10,14.99,0.0,149.9,6.0,60.0,89.9
2025-12-31,EMEA,Online,Electronics,USB-C Charger,11,19.99,0.0,219.89,10.99,120.89,99.0
2025-12-31,EMEA,Online,Media & Entertainment,Vinyl Record,5,27.99,0.0,139.95,16.79,83.95,56.0
2025-12-31,LATAM,In-store,Apparel,Running Tee,2,24.99,0.15,42.48,11.25,22.5,19.98
2025-12-31,LATAM,In-store,Home & Kitchen,Coffee Grinder,3,39.99,0.0,119.97,23.99,71.97,48.0
2025-12-31,North America,In-store,Home & Kitchen,Air Fryer,9,89.99,0.25,607.43,62.99,566.91,40.52
2025-12-31,North America,Online,Beauty & Wellness,Electric Toothbrush,13,59.99,0.0,779.87,32.99,428.87,351.0
2025-12-31,UK & Ireland,In-store,Media & Entertainment,Vinyl Record,2,27.99,0.0,55.98,16.79,33.58,22.4
2025-12-31,UK & Ireland,Online,Electronics,USB-C Charger,16,19.99,0.0,319.84,10.99,175.84,144.0
2026-01-01,EMEA,Online,Apparel,Running Tee,5,24.99,0.0,124.95,11.25,56.25,68.7
2026-01-01,LATAM,In-store,Apparel,Denim Jacket,1,69.99,0.0,69.99,34.99,34.99,35.0
2026-01-01,LATAM,In-store,Home & Kitchen,Cookware Set,3,129.99,0.0,389.97,84.49,253.47,136.5
2026-01-01,LATAM,Online,Electronics,Wireless Earbuds,5,79.99,0.0,399.95,51.99,259.95,140.0
2026-01-01,North America,In-store,Apparel,Running Tee,6,24.99,0.0,149.94,11.25,67.5,82.44
2026-01-01,North America,Online,Beauty & Wellness,Electric Toothbrush,4,59.99,0.0,239.96,32.99,131.96,108.0
2026-01-01,North America,Online,Home & Kitchen,Coffee Grinder,3,39.99,0.15,101.97,23.99,71.97,30.0
2026-01-01,North America,Online,Media & Entertainment,Blu-ray Box Set,5,39.99,0.25,149.96,29.99,149.95,0.01
2026-01-02,APAC,In-store,Apparel,Running Tee,5,24.99,0.0,124.95,11.25,56.25,68.7
2026-01-02,APAC,Online,Apparel,Running Tee,3,24.99,0.0,74.97,11.25,33.75,41.22
2026-01-02,APAC,Online,Electronics,USB-C Charger,9,19.99,0.0,179.91,10.99,98.91,81.0
2026-01-02,EMEA,Online,Apparel,Wool Socks 3-pack,5,14.99,0.15,63.71,6.0,30.0,33.71
2026-01-02,EMEA,Online,Home & Kitchen,Coffee Grinder,5,39.99,0.1,179.96,23.99,119.95,60.01
2026-01-02,EMEA,Online,Media & Entertainment,Blu-ray Box Set,1,39.99,0.0,39.99,29.99,29.99,10.0
2026-01-02,EMEA,Online,Media & Entertainment,Board Game,5,34.99,0.0,174.95,19.24,96.2,78.75
2026-01-02,North America,In-store,Beauty & Wellness,Electric Toothbrush,2,59.99,0.1,107.98,32.99,65.98,42.0
2026-01-02,North America,Online,Media & Entertainment,Vinyl Record,3,27.99,0.25,62.98,16.79,50.37,12.61
2026-01-02,UK & Ireland,In-store,Beauty & Wellness,Electric Toothbrush,4,59.99,0.0,239.96,32.99,131.96,108.0
2026-01-02,UK & Ireland,Online,Beauty & Wellness,Collagen Powder,6,34.99,0.0,209.94,14.0,84.0,125.94
2026-01-02,UK & Ireland,Online,Home & Kitchen,Cookware Set,3,129.99,0.0,389.97,84.49,253.47,136.5
2026-01-02,UK & Ireland,Online,Media & Entertainment,Vinyl Record,5,27.99,0.0,139.95,16.79,83.95,56.0
2026-01-03,APAC,In-store,Beauty & Wellness,Collagen Powder,9,34.99,0.0,314.91,14.0,126.0,188.91
2026-01-03,APAC,In-store,Media & Entertainment,Board Game,1,34.99,0.0,34.99,19.24,19.24,15.75
2026-01-03,APAC,Online,Electronics,Smart Speaker,7,49.99,0.0,349.93,34.99,244.93,105.0
2026-01-03,EMEA,In-store,Electronics,USB-C Charger,7,19.99,0.0,139.93,10.99,76.93,63.0
2026-01-03,EMEA,Online,Apparel,Running Tee,6,24.99,0.1,134.95,11.25,67.5,67.45
2026-01-03,EMEA,Online,Apparel,Wool Socks 3-pack,5,14.99,0.0,74.95,6.0,30.0,44.95
2026-01-03,EMEA,Online,Beauty & Wellness,Electric Toothbrush,1,59.99,0.0,59.99,32.99,32.99,27.0
2026-01-03,EMEA,Online,Electronics,Wireless Earbuds,11,79.99,0.0,879.89,51.99,571.89,308.0
2026-01-03,North America,In-store,Electronics,Smart Speaker,9,49.99,0.0,449.91,34.99,314.91,135.0
2026-01-03,North America,Online,Apparel,Denim Jacket,5,69.99,0.0,349.95,34.99,174.95,175.0
2026-01-03,UK & Ireland,In-store,Apparel,Denim Jacket,2,69.99,0.0,139.98,34.99,69.98,70.0
2026-01-03,UK & Ireland,In-store,Beauty & Wellness,Collagen Powder,7,34.99,0.2,195.94,14.0,98.0,97.94
2026-01-03,UK & Ireland,In-store,Beauty & Wellness,Vitamin C Serum,9,29.99,0.1,242.92,10.5,94.5,148.42
2026-01-03,UK & Ireland,In-store,Electronics,Wireless Earbuds,6,79.99,0.0,479.94,51.99,311.94,168.0
2026-01-03,UK & Ireland,Online,Beauty & Wellness,Collagen Powder,4,34.99,0.0,139.96,14.0,56.0,83.96
2026-01-03,UK & Ireland,Online,Home & Kitchen,Cookware Set,5,129.99,0.25,487.46,84.49,422.45,65.01
2026-01-04,APAC,Online,Apparel,Running Tee,2,24.99,0.0,49.98,11.25,22.5,27.48
2026-01-04,EMEA,In-store,Beauty & Wellness,Electric Toothbrush,6,59.99,0.0,359.94,32.99,197.94,162.0
2026-01-04,EMEA,In-store,Beauty & Wellness,Vitamin C Serum,13,29.99,0.25,292.4,10.5,136.5,155.9
2026-01-04,LATAM,In-store,Beauty & Wellness,Electric Toothbrush,4,59.99,0.25,179.97,32.99,131.96,48.01
2026-01-04,LATAM,Online,Apparel,Denim Jacket,1,69.99,0.0,69.99,34.99,34.99,35.0
2026-01-04,LATAM,Online,Electronics,USB-C Charger,6,19.99,0.0,119.94,10.99,65.94,54.0
2026-01-04,LATAM,Online,Media & Entertainment,Blu-ray Box Set,3,39.99,0.0,119.97,29.99,89.97,30.0
2026-01-04,North America,In-store,Beauty & Wellness,Electric Toothbrush,5,59.99,0.0,299.95,32.99,164.95,135.0
2026-01-04,North America,In-store,Media & Entertainment,Board Game,2,34.99,0.0,69.98,19.24,38.48,31.5
2026-01-04,North America,Online,Beauty & Wellness,Collagen Powder,7,34.99,0.0,244.93,14.0,98.0,146.93
2026-01-04,North America,Online,Media & Entertainment,Board Game,3,34.99,0.0,104.97,19.24,57.72,47.25
2026-01-04,UK & Ireland,In-store,Beauty & Wellness,Electric Toothbrush,3,59.99,0.1,161.97,32.99,98.97,63.0
2026-01-04,UK & Ireland,Online,Beauty & Wellness,Electric Toothbrush,5,59.99,0.0,299.95,32.99,164.95,135.0
2026-01-04,UK & Ireland,Online,Electronics,Smart Speaker,6,49.99,0.0,299.94,34.99,209.94,90.0
2026-01-04,UK & Ireland,Online,Media & Entertainment,Vinyl Record,5,27.99,0.1,125.95,16.79,83.95,42.0
2026-01-05,APAC,In-store,Apparel,Wool Socks 3-pack,5,14.99,0.0,74.95,6.0,30.0,44.95
2026-01-05,APAC,In-store,Electronics,Wireless Earbuds,3,79.99,0.1,215.97,51.99,155.97,60.0
2026-01-05,APAC,Online,Home & Kitchen,Cookware Set,3,129.99,0.1,350.97,84.49,253.47,97.5
2026-01-05,EMEA,In-store,Media & Entertainment,Vinyl Record,2,27.99,0.0,55.98,16.79,33.58,22.4
2026-01-05,North America,In-store,Beauty & Wellness,Collagen Powder,1,34.99,0.0,34.99,14.0,14.0,20.99
2026-01-05,North America,In-store,Home & Kitchen,Cookware Set,2,129.99,0.1,233.98,84.49,168.98,65.0
2026-01-05,North America,Online,Apparel,Wool Socks 3-pack,5,14.99,0.0,74.95,6.0,30.0,44.95
2026-01-05,UK & Ireland,Online,Apparel,Wool Socks 3-pack,1,14.99,0.25,11.24,6.0,6.0,5.24
2026-01-05,UK & Ireland,Online,Beauty & Wellness,Collagen Powder,9,34.99,0.0,314.91,14.0,126.0,188.91
2026-01-06,APAC,In-store,Home & Kitchen,Coffee Grinder,2,39.99,0.2,63.98,23.99,47.98,16.0
2026-01-06,APAC,Online,Electronics,Smart Speaker,2,49.99,0.0,99.98,34.99,69.98,30.0
2026-01-06,APAC,Online,Media & Entertainment,Board Game,6,34.99,0.1,188.95,19.24,115.44,73.51
2026-01-06,EMEA,In-store,Apparel,Wool Socks 3-pack,3,14.99,0.0,44.97,6.0,18.0,26.97
2026-01-06,EMEA,Online,Beauty & Wellness,Collagen Powder,3,34.99,0.0,104.97,14.0,42.0,62.97
2026-01-06,LATAM,In-store,Electronics,Wireless Earbuds,3,79.99,0.2,191.98,51.99,155.97,36.01
2026-01-06,LATAM,In-store,Home & Kitchen,Cookware Set,1,129.99,0.25,97.49,84.49,84.49,13.0
2026-01-06,North America,Online,Electronics,Wireless Earbuds,8,79.99,0.0,639.92,51.99,415.92,224.0
2026-01-06,UK & Ireland,In-store,Apparel,Wool Socks 3-pack,2,14.99,0.0,29.98,6.0,12.0,17.98
2026-01-06,UK & Ireland,In-store,Electronics,USB-C Charger,9,19.99,0.2,143.93,10.99,98.91,45.02
2026-01-06,UK & Ireland,Online,Apparel,Denim Jacket,2,69.99,0.0,139.98,34.99,69.98,70.0
2026-01-06,UK & Ireland,Online,Home & Kitchen,Coffee Grinder,4,39.99,0.0,159.96,23.99,95.96,64.0
2026-01-06,UK & Ireland,Online,Media & Entertainment,Vinyl Record,1,27.99,0.0,27.99,16.79,16.79,11.2
2026-01-07,APAC,In-store,Electronics,Smart Speaker,5,49.99,0.25,187.46,34.99,174.95,12.51
2026-01-07,APAC,In-store,Electronics,Wireless Earbuds,5,79.99,0.0,399.95,51.99,259.95,140.0
2026-01-07,APAC,Online,Media & Entertainment,Board Game,3,34.99,0.15,89.22,19.24,57.72,31.5
2026-01-07,EMEA,Online,Media & Entertainment,Vinyl Record,3,27.99,0.0,83.97,16.79,50.37,33.6
2026-01-07,LATAM,Online,Media & Entertainment,Vinyl Record,1,27.99,0.0,27.99,16.79,16.79,11.2
2026-01-07,North America,In-store,Apparel,Running Tee,6,24.99,0.0,149.94,11.25,67.5,82.44
2026-01-07,North America,Online,Electronics,USB-C Charger,12,19.99,0.0,239.88,10.99,131.88,108.0
2026-01-07,North America,Online,Media & Entertainment,Blu-ray Box Set,2,39.99,0.0,79.98,29.99,59.98,20.0
2026-01-07,UK & Ireland,In-store,Home & Kitchen,Coffee Grinder,1,39.99,0.0,39.99,23.99,23.99,16.0
2026-01-07,UK & Ireland,Online,Home & Kitchen,Coffee Grinder,2,39.99,0.0,79.98,23.99,47.98,32.0
2026-01-07,UK & Ireland,Online,Media & Entertainment,Board Game,4,34.99,0.0,139.96,19.24,76.96,63.0
2026-01-08,APAC,In-store,Home & Kitchen,Air Fryer,4,89.99,0.0,359.96,62.99,251.96,108.0
2026-01-08,APAC,Online,Apparel,Running Tee,4,24.99,0.0,99.96,11.25,45.0,54.96
2026-01-08,APAC,Online,Beauty & Wellness,Electric Toothbrush,5,59.99,0.0,299.95,32.99,164.95,135.0
2026-01-08,LATAM,Online,Home & Kitchen,Cookware Set,1,129.99,0.0,129.99,84.49,84.49,45.5
2026-01-08,LATAM,Online,Media & Entertainment,Blu-ray Box Set,1,39.99,0.0,39.99,29.99,29.99,10.0
2026-01-08,LATAM,Online,Media & Entertainment,Board Game,2,34.99,0.1,62.98,19.24,38.48,24.5
2026-01-08,North America,In-store,Home & Kitchen,Air Fryer,7,89.99,0.0,629.93,62.99,440.93,189.0
2026-01-08,UK & Ireland,Online,Electronics,Wireless Earbuds,3,79.99,0.0,239.97,51.99,155.97,84.0
2026-01-09,APAC,In-store,Beauty & Wellness,Electric Toothbrush,7,59.99,0.0,419.93,32.99,230.93,189.0
2026-01-09,APAC,In-store,Electronics,Smart Speaker,8,49.99,0.0,399.92,34.99,279.92,120.0
2026-01-09,APAC,In-store,Home & Kitchen,Coffee Grinder,4,39.99,0.0,159.96,23.99,95.96,64.0
2026-01-09,EMEA,In-store,Apparel,Denim Jacket,1,69.99,0.0,69.99,34.99,34.99,35.0
2026-01-09,EMEA,In-store,Home & Kitchen,Air Fryer,8,89.99,0.25,539.94,62.99,503.92,36.02
2026-01-09,EMEA,In-store,Home & Kitchen,Cookware Set,4,129.99,0.1,467.96,84.49,337.96,130.0
2026-01-09,EMEA,Online,Beauty & Wellness,Vitamin C Serum,4,29.99,0.0,119.96,10.5,42.0,77.96
2026-01-09,LATAM,In-store,Electronics,Wireless Earbuds,6,79.99,0.2,383.95,51.99,311.94,72.01
2026-01-09,LATAM,Online,Electronics,USB-C Charger,5,19.99,0.15,84.96,10.99,54.95,30.01
2026-01-09,LATAM,Online,Home & Kitchen,Air Fryer,6,89.99,0.15,458.95,62.99,377.94,81.01
2026-01-09,North America,In-store,Apparel,Wool Socks 3-pack,9,14.99,0.0,134.91,6.0,54.0,80.91
2026-01-09,North America,In-store,Beauty & Wellness,Electric Toothbrush,12,59.99,0.1,647.89,32.99,395.88,252.01
2026-01-09,North America,In-store,Home & Kitchen,Air Fryer,5,89.99,0.0,449.95,62.99,314.95,135.0
2026-01-09,North America,Online,Beauty & Wellness,Electric Toothbrush,10,59.99,0.0,599.9,32.99,329.9,270.0
2026-01-09,UK & Ireland,In-store,Beauty & Wellness,Vitamin C Serum,3,29.99,0.0,89.97,10.5,31.5,58.47
2026-01-09,UK & Ireland,In-store,Electronics,Wireless Earbuds,6,79.99,0.2,383.95,51.99,311.94,72.01
2026-01-09,UK & Ireland,Online,Electronics,USB-C Charger,2,19.99,0.0,39.98,10.99,21.98,18.0
2026-01-10,APAC,Online,Beauty & Wellness,Collagen Powder,9,34.99,0.2,251.93,14.0,126.0,125.93
2026-01-10,EMEA,In-store,Home & Kitchen,Cookware Set,5,129.99,0.2,519.96,84.49,422.45,97.51
2026-01-10,LATAM,In-store,Beauty & Wellness,Electric Toothbrush,4,59.99,0.0,239.96,32.99,131.96,108.0
2026-01-10,LATAM,In-store,Media & Entertainment,Blu-ray Box Set,2,39.99,0.0,79.98,29.99,59.98,20.0
2026-01-10,LATAM,Online,Media & Entertainment,Board Game,1,34.99,0.1,31.49,19.24,19.24,12.25
2026-01-10,North America,In-store,Electronics,Smart Speaker,6,49.99,0.1,269.95,34.99,209.94,60.01
2026-01-10,North America,Online,Apparel,Running Tee,11,24.99,0.1,247.4,11.25,123.75,123.65
2026-01-10,UK & Ireland,In-store,Beauty & Wellness,Electric Toothbrush,4,59.99,0.15,203.97,32.99,131.96,72.01
2026-01-10,UK & Ireland,In-store,Home & Kitchen,Air Fryer,7,89.99,0.0,629.93,62.99,440.93,189.0
2026-01-10,UK & Ireland,In-store,Media & Entertainment,Blu-ray Box Set,5,39.99,0.0,199.95,29.99,149.95,50.0
2026-01-10,UK & Ireland,In-store,Media & Entertainment,Vinyl Record,4,27.99,0.0,111.96,16.79,67.16,44.8
2026-01-10,UK & Ireland,Online,Beauty & Wellness,Vitamin C Serum,9,29.99,0.0,269.91,10.5,94.5,175.41
2026-01-10,UK & Ireland,Online,Home & Kitchen,Coffee Grinder,8,39.99,0.0,319.92,23.99,191.92,128.0
2026-01-11,APAC,In-store,Beauty & Wellness,Vitamin C Serum,9,29.99,0.2,215.93,10.5,94.5,121.43
2026-01-11,APAC,In-store,Media & Entertainment,Board Game,2,34.99,0.0,69.98,19.24,38.48,31.5
2026-01-11,APAC,Online,Beauty & Wellness,Vitamin C Serum,7,29.99,0.0,209.93,10.5,73.5,136.43
2026-01-11,LATAM,In-store,Beauty & Wellness,Electric Toothbrush,1,59.99,0.0,59.99,32.99,32.99,27.0
2026-01-11,LATAM,Online,Home & Kitchen,Air Fryer,3,89.99,0.0,269.97,62.99,188.97,81.0
2026-01-11,North America,In-store,Apparel,Running Tee,11,24.99,0.25,206.17,11.25,123.75,82.42
2026-01-11,UK & Ireland,In-store,Media & Entertainment,Vinyl Record,7,27.99,0.1,176.34,16.79,117.53,58.81
2026-01-11,UK & Ireland,Online,Electronics,USB-C Charger,6,19.99,0.0,119.94,10.99,65.94,54.0
2026-01-11,UK & Ireland,Online,Electronics,Wireless Earbuds,6,79.99,0.0,479.94,51.99,311.94,168.0
2026-01-11,UK & Ireland,Online,Home & Kitchen,Coffee Grinder,2,39.99,0.0,79.98,23.99,47.98,32.0
2026-01-12,APAC,Online,Beauty & Wellness,Collagen Powder,6,34.99,0.2,167.95,14.0,84.0,83.95
2026-01-12,APAC,Online,Media & Entertainment,Blu-ray Box Set,2,39.99,0.2,63.98,29.99,59.98,4.0
2026-01-12,EMEA,In-store,Apparel,Wool Socks 3-pack,5,14.99,0.0,74.95,6.0,30.0,44.95
2026-01-12,EMEA,In-store,Beauty & Wellness,Vitamin C Serum,8,29.99,0.0,239.92,10.5,84.0,155.92
2026-01-12,EMEA,In-store,Electronics,USB-C Charger,7,19.99,0.0,139.93,10.99,76.93,63.0
2026-01-12,EMEA,In-store,Home & Kitchen,Air Fryer,6,89.99,0.25,404.95,62.99,377.94,27.01
2026-01-12,EMEA,Online,Media & Entertainment,Vinyl Record,2,27.99,0.2,44.78,16.79,33.58,11.2
2026-01-12,LATAM,In-store,Apparel,Running Tee,3,24.99,0.25,56.23,11.25,33.75,22.48
2026-01-12,LATAM,In-store,Beauty & Wellness,Vitamin C Serum,2,29.99,0.2,47.98,10.5,21.0,26.98
2026-01-12,LATAM,Online,Apparel,Wool Socks 3-pack,5,14.99,0.1,67.45,6.0,30.0,37.45
2026-01-12,LATAM,Online,Beauty & Wellness,Vitamin C Serum,6,29.99,0.1,161.95,10.5,63.0,98.95
2026-01-12,North America,In-store,Apparel,Denim Jacket,4,69.99,0.1,251.96,34.99,139.96,112.0
2026-01-12,North America,In-store,Home & Kitchen,Air Fryer,7,89.99,0.0,629.93,62.99,440.93,189.0
2026-01-12,North America,Online,Beauty & Wellness,Vitamin C Serum,8,29.99,0.1,215.93,10.5,84.0,131.93
2026-01-12,North America,Online,Media & Entertainment,Board Game,3,34.99,0.25,78.73,19.24,57.72,21.01
2026-01-12,UK & Ireland,In-store,Electronics,USB-C Charger,12,19.99,0.0,239.88,10.99,131.88,108.0
2026-01-12,UK & Ireland,Online,Apparel,Running Tee,4,24.99,0.0,99.96,11.25,45.0,54.96
2026-01-13,APAC,In-store,Beauty & Wellness,Electric Toothbrush,2,59.99,0.2,95.98,32.99,65.98,30.0
2026-01-13,APAC,Online,Media & Entertainment,Vinyl Record,2,27.99,0.1,50.38,16.79,33.58,16.8
2026-01-13,EMEA,In-store,Media & Entertainment,Board Game,3,34.99,0.0,104.97,19.24,57.72,47.25
2026-01-13,EMEA,Online,Apparel,Denim Jacket,2,69.99,0.0,139.98,34.99,69.98,70.0
2026-01-13,EMEA,Online,Beauty & Wellness,Vitamin C Serum,4,29.99,0.2,95.97,10.5,42.0,53.97
2026-01-13,LATAM,In-store,Electronics,USB-C Charger,7,19.99,0.0,139.93,10.99,76.93,63.0
2026-01-13,North America,In-store,Apparel,Denim Jacket,2,69.99,0.0,139.98,34.99,69.98,70.0
2026-01-13,North America,In-store,Media & Entertainment,Blu-ray Box Set,4,39.99,0.0,159.96,29.99,119.96,40.0
2026-01-13,North America,Online,Beauty & Wellness,Collagen Powder,5,34.99,0.0,174.95,14.0,70.0,104.95
2026-01-13,North America,Online,Electronics,USB-C Charger,13,19.99,0.25,194.9,10.99,142.87,52.03
2026-01-13,UK & Ireland,In-store,Beauty & Wellness,Electric Toothbrush,4,59.99,0.0,239.96,32.99,131.96,108.0
2026-01-13,UK & Ireland,Online,Electronics,USB-C Charger,8,19.99,0.15,135.93,10.99,87.92,48.01
2026-01-14,EMEA,In-store,Home & Kitchen,Air Fryer,11,89.99,0.0,989.89,62.99,692.89,297.0
2026-01-14,EMEA,Online,Apparel,Running Tee,5,24.99,0.2,99.96,11.25,56.25,43.71
2026-01-14,EMEA,Online,Apparel,Wool Socks 3-pack,3,14.99,0.0,44.97,6.0,18.0,26.97
2026-01-14,EMEA,Online,Beauty & Wellness,Collagen Powder,9,34.99,0.0,314.91,14.0,126.0,188.91
2026-01-14,EMEA,Online,Media & Entertainment,Blu-ray Box Set,2,39.99,0.1,71.98,29.99,59.98,12.0
2026-01-14,EMEA,Online,Media & Entertainment,Board Game,2,34.99,0.0,69.98,19.24,38.48,31.5
2026-01-14,LATAM,In-store,Beauty & Wellness,Electric Toothbrush,3,59.99,0.0,179.97,32.99,98.97,81.0
2026-01-14,LATAM,Online,Beauty & Wellness,Electric Toothbrush,5,59.99,0.0,299.95,32.99,164.95,135.0
2026-01-14,LATAM,Online,Electronics,USB-C Charger,3,19.99,0.0,59.97,10.99,32.97,27.0
2026-01-14,North America,In-store,Electronics,Smart Speaker,8,49.99,0.0,399.92,34.99,279.92,120.0
2026-01-14,North America,Online,Electronics,USB-C Charger,17,19.99,0.0,339.83,10.99,186.83,153.0
2026-01-14,UK & Ireland,In-store,Beauty & Wellness,Electric Toothbrush,4,59.99,0.1,215.96,32.99,131.96,84.0
2026-01-14,UK & Ireland,In-store,Home & Kitchen,Cookware Set,4,129.99,0.0,519.96,84.49,337.96,182.0
2026-01-14,UK & Ireland,Online,Media & Entertainment,Vinyl Record,3,27.99,0.0,83.97,16.79,50.37,33.6
2026-01-15,APAC,In-store,Apparel,Denim Jacket,1,69.99,0.0,69.99,34.99,34.99,35.0
2026-01-15,APAC,In-store,Beauty & Wellness,Collagen Powder,5,34.99,0.0,174.95,14.0,70.0,104.95
2026-01-15,APAC,In-store,Beauty & Wellness,Electric Toothbrush,1,59.99,0.2,47.99,32.99,32.99,15.0
2026-01-15,EMEA,Online,Apparel,Wool Socks 3-pack,13,14.99,0.1,175.38,6.0,78.0,97.38
2026-01-15,EMEA,Online,Media & Entertainment,Blu-ray Box Set,2,39.99,0.1,71.98,29.99,59.98,12.0
2026-01-15,LATAM,In-store,Apparel,Wool Socks 3-pack,2,14.99,0.0,29.98,6.0,12.0,17.98
2026-01-15,LATAM,In-store,Beauty & Wellness,Vitamin C Serum,5,29.99,0.0,149.95,10.5,52.5,97.45
2026-01-15,North America,In-store,Beauty & Wellness,Collagen Powder,12,34.99,0.0,419.88,14.0,168.0,251.88
2026-01-15,North America,In-store,Media & Entertainment,Blu-ray Box Set,2,39.99,0.0,79.98,29.99,59.98,20.0
2026-01-15,North America,In-store,Media & Entertainment,Board Game,6,34.99,0.0,209.94,19.24,115.44,94.5
2026-01-15,North America,Online,Electronics,Smart Speaker,2,49.99,0.0,99.98,34.99,69.98,30.0
2026-01-15,North America,Online,Home & Kitchen,Air Fryer,5,89.99,0.2,359.96,62.99,314.95,45.01
2026-01-15,UK & Ireland,In-store,Apparel,Running Tee,8,24.99,0.0,199.92,11.25,90.0,109.92
2026-01-15,UK & Ireland,In-store,Electronics,USB-C Charger,5,19.99,0.0,99.95,10.99,54.95,45.0
2026-01-15,UK & Ireland,In-store,Home & Kitchen,Coffee Grinder,3,39.99,0.0,119.97,23.99,71.97,48.0
2026-01-16,APAC,In-store,Apparel,Running Tee,3,24.99,0.0,74.97,11.25,33.75,41.22
2026-01-16,APAC,In-store,Beauty & Wellness,Electric Toothbrush,8,59.99,0.1,431.93,32.99,263.92,168.01
2026-01-16,APAC,In-store,Electronics,Wireless Earbuds,2,79.99,0.0,159.98,51.99,103.98,56.0
2026-01-16,APAC,Online,Media & Entertainment,Vinyl Record,6,27.99,0.0,167.94,16.79,100.74,67.2
2026-01-16,EMEA,In-store,Beauty & Wellness,Collagen Powder,8,34.99,0.2,223.94,14.0,112.0,111.94
2026-01-16,EMEA,In-store,Home & Kitchen,Air Fryer,9,89.99,0.15,688.42,62.99,566.91,121.51
2026-01-16,EMEA,In-store,Home & Kitchen,Coffee Grinder,3,39.99,0.2,95.98,23.99,71.97,24.01
2026-01-16,EMEA,Online,Beauty & Wellness,Collagen Powder,10,34.99,0.0,349.9,14.0,140.0,209.9
2026-01-16,EMEA,Online,Beauty & Wellness,Vitamin C Serum,13,29.99,0.2,311.9,10.5,136.5,175.4
2026-01-16,LATAM,In-store,Apparel,Running Tee,4,24.99,0.0,99.96,11.25,45.0,54.96
2026-01-16,LATAM,In-store,Apparel,Wool Socks 3-pack,6,14.99,0.1,80.95,6.0,36.0,44.95
2026-01-16,LATAM,Online,Beauty & Wellness,Collagen Powder,3,34.99,0.0,104.97,14.0,42.0,62.97
2026-01-16,LATAM,Online,Electronics,USB-C Charger,4,19.99,0.0,79.96,10.99,43.96,36.0
2026-01-16,LATAM,Online,Electronics,Wireless Earbuds,7,79.99,0.0,559.93,51.99,363.93,196.0
2026-01-16,North America,In-store,Home & Kitchen,Cookware Set,6,129.99,0.0,779.94,84.49,506.94,273.0
2026-01-16,North America,Online,Apparel,Running Tee,3,24.99,0.1,67.47,11.25,33.75,33.72
2026-01-16,UK & Ireland,In-store,Apparel,Running Tee,2,24.99,0.0,49.98,11.25,22.5,27.48
2026-01-16,UK & Ireland,In-store,Home & Kitchen,Air Fryer,2,89.99,0.0,179.98,62.99,125.98,54.0
2026-01-16,UK & Ireland,Online,Beauty & Wellness,Electric Toothbrush,6,59.99,0.0,359.94,32.99,197.94,162.0
2026-01-17,APAC,In-store,Apparel,Running Tee,4,24.99,0.0,99.96,11.25,45.0,54.96
2026-01-17,APAC,Online,Apparel,Running Tee,9,24.99,0.0,224.91,11.25,101.25,123.66
2026-01-17,APAC,Online,Apparel,Wool Socks 3-pack,5,14.99,0.0,74.95,6.0,30.0,44.95
2026-01-17,APAC,Online,Electronics,USB-C Charger,8,19.99,0.2,127.94,10.99,87.92,40.02
2026-01-17,EMEA,In-store,Beauty & Wellness,Vitamin C Serum,10,29.99,0.0,299.9,10.5,105.0,194.9
2026-01-17,EMEA,In-store,Home & Kitchen,Air Fryer,6,89.99,0.0,539.94,62.99,377.94,162.0
2026-01-17,EMEA,In-store,Media & Entertainment,Board Game,4,34.99,0.0,139.96,19.24,76.96,63.0
2026-01-17,EMEA,In-store,Media & Entertainment,Vinyl Record,2,27.99,0.25,41.98,16.79,33.58,8.4
2026-01-17,LATAM,In-store,Beauty & Wellness,Collagen Powder,6,34.99,0.1,188.95,14.0,84.0,104.95
2026-01-17,LATAM,In-store,Electronics,Smart Speaker,4,49.99,0.0,199.96,34.99,139.96,60.0
2026-01-17,LATAM,In-store,Home & Kitchen,Air Fryer,3,89.99,0.15,229.47,62.99,188.97,40.5
2026-01-17,LATAM,In-store,Home & Kitchen,Coffee Grinder,1,39.99,0.1,35.99,23.99,23.99,12.0
2026-01-17,LATAM,In-store,Media & Entertainment,Blu-ray Box Set,2,39.99,0.25,59.98,29.99,59.98,0.0
2026-01-17,LATAM,Online,Electronics,Smart Speaker,4,49.99,0.0,199.96,34.99,139.96,60.0
2026-01-17,North America,In-store,Electronics,Smart Speaker,8,49.99,0.0,399.92,34.99,279.92,120.0
2026-01-17,North America,In-store,Electronics,USB-C Charger,12,19.99,0.0,239.88,10.99,131.88,108.0
2026-01-17,UK & Ireland,In-store,Apparel,Denim Jacket,5,69.99,0.2,279.96,34.99,174.95,105.01
2026-01-18,APAC,In-store,Home & Kitchen,Cookware Set,2,129.99,0.25,194.99,84.49,168.98,26.01
2026-01-18,APAC,Online,Electronics,Wireless Earbuds,5,79.99,0.2,319.96,51.99,259.95,60.01
2026-01-18,APAC,Online,Media & Entertainment,Board Game,2,34.99,0.1,62.98,19.24,38.48,24.5
2026-01-18,APAC,Online,Media & Entertainment,Vinyl Record,2,27.99,0.0,55.98,16.79,33.58,22.4
2026-01-18,EMEA,In-store,Apparel,Denim Jacket,5,69.99,0.0,349.95,34.99,174.95,175.0
2026-01-18,EMEA,In-store,Electronics,USB-C Charger,8,19.99,0.0,159.92,10.99,87.92,72.0
2026-01-18,LATAM,Online,Home & Kitchen,Cookware Set,2,129.99,0.25,194.99,84.49,168.98,26.01
2026-01-18,North America,In-store,Beauty & Wellness,Vitamin C Serum,11,29.99,0.2,263.91,10.5,115.5,148.41
2026-01-18,North America,Online,Electronics,Smart Speaker,4,49.99,0.0,199.96,34.99,139.96,60.0
2026-01-18,North America,Online,Home & Kitchen,Air Fryer,2,89.99,0.0,179.98,62.99,125.98,54.0
2026-01-18,UK & Ireland,In-store,Electronics,USB-C Charger,6,19.99,0.0,119.94,10.99,65.94,54.0
2026-01-18,UK & Ireland,In-store,Home & Kitchen,Air Fryer,9,89.99,0.0,809.91,62.99,566.91,243.0
2026-01-18,UK & Ireland,Online,Home & Kitchen,Coffee Grinder,3,39.99,0.0,119.97,23.99,71.97,48.0
2026-01-19,APAC,In-store,Apparel,Running Tee,3,24.99,0.0,74.97,11.25,33.75,41.22
2026-01-19,APAC,Online,Beauty & Wellness,Collagen Powder,5,34.99,0.0,174.95,14.0,70.0,104.95
2026-01-19,APAC,Online,Electronics,Smart Speaker,2,49.99,0.0,99.98,34.99,69.98,30.0
2026-01-19,APAC,Online,Electronics,USB-C Charger,9,19.99,0.25,134.93,10.99,98.91,36.02
2026-01-19,EMEA,In-store,Media & Entertainment,Blu-ray Box Set,2,39.99,0.0,79.98,29.99,59.98,20.0
2026-01-19,EMEA,Online,Apparel,Denim Jacket,2,69.99,0.0,139.98,34.99,69.98,70.0
2026-01-19,EMEA,Online,Media & Entertainment,Board Game,1,34.99,0.15,29.74,19.24,19.24,10.5
2026-01-19,LATAM,In-store,Electronics,Wireless Earbuds,4,79.99,0.1,287.96,51.99,207.96,80.0
2026-01-19,North America,In-store,Apparel,Denim Jacket,1,69.99,0.0,69.99,34.99,34.99,35.0
2026-01-19,North America,In-store,Beauty & Wellness,Vitamin C Serum,5,29.99,0.0,149.95,10.5,52.5,97.45
2026-01-19,North America,In-store,Electronics,Wireless Earbuds,5,79.99,0.0,399.95,51.99,259.95,140.0
2026-01-19,North America,In-store,Home & Kitchen,Coffee Grinder,3,39.99,0.0,119.97,23.99,71.97,48.0
2026-01-19,North America,Online,Apparel,Denim Jacket,4,69.99,0.0,279.96,34.99,139.96,140.0
2026-01-19,North America,Online,Media & Entertainment,Board Game,5,34.99,0.0,174.95,19.24,96.2,78.75
2026-01-19,North America,Online,Media & Entertainment,Vinyl Record,2,27.99,0.0,55.98,16.79,33.58,22.4
2026-01-19,UK & Ireland,In-store,Electronics,USB-C Charger,8,19.99,0.0,159.92,10.99,87.92,72.0
2026-01-19,UK & Ireland,Online,Beauty & Wellness,Electric Toothbrush,6,59.99,0.25,269.95,32.99,197.94,72.01
2026-01-19,UK & Ireland,Online,Beauty & Wellness,Vitamin C Serum,10,29.99,0.1,269.91,10.5,105.0,164.91
2026-01-20,APAC,In-store,Apparel,Denim Jacket,6,69.99,0.1,377.95,34.99,209.94,168.01
2026-01-20,APAC,In-store,Apparel,Wool Socks 3-pack,9,14.99,0.0,134.91,6.0,54.0,80.91
2026-01-20,APAC,In-store,Home & Kitchen,Cookware Set,1,129.99,0.0,129.99,84.49,84.49,45.5
2026-01-20,APAC,Online,Electronics,USB-C Charger,8,19.99,0.0,159.92,10.99,87.92,72.0
2026-01-20,APAC,Online,Media & Entertainment,Board Game,2,34.99,0.0,69.98,19.24,38.48,31.5
2026-01-20,EMEA,In-store,Apparel,Denim Jacket,2,69.99,0.2,111.98,34.99,69.98,42.0
2026-01-20,EMEA,In-store,Electronics,USB-C Charger,8,19.99,0.2,127.94,10.99,87.92,40.02
2026-01-20,EMEA,In-store,Home & Kitchen,Air Fryer,8,89.99,0.2,575.94,62.99,503.92,72.02
2026-01-20,EMEA,In-store,Home & Kitchen,Cookware Set,1,129.99,0.0,129.99,84.49,84.49,45.5
2026-01-20,EMEA,Online,Electronics,Smart Speaker,7,49.99,0.0,349.93,34.99,244.93,105.0
2026-01-20,EMEA,Online,Home & Kitchen,Coffee Grinder,2,39.99,0.25,59.98,23.99,47.98,12.0
2026-01-20,North America,In-store,Home & Kitchen,Coffee Grinder,2,39.99,0.0,79.98,23.99,47.98,32.0
2026-01-20,North America,Online,Electronics,Wireless Earbuds,17,79.99,0.0,1359.83,51.99,883.83,476.0
2026-01-20,North America,Online,Media & Entertainment,Board Game,4,34.99,0.0,139.96,19.24,76.96,63.0
2026-01-20,UK & Ireland,In-store,Beauty & Wellness,Vitamin C Serum,4,29.99,0.0,119.96,10.5,42.0,77.96
2026-01-20,UK & Ireland,Online,Apparel,Denim Jacket,1,69.99,0.2,55.99,34.99,34.99,21.0
2026-01-20,UK & Ireland,Online,Apparel,Wool Socks 3-pack,3,14.99,0.0,44.97,6.0,18.0,26.97
2026-01-20,UK & Ireland,Online,Electronics,Wireless Earbuds,5,79.99,0.0,399.95,51.99,259.95,140.0
2026-01-21,APAC,In-store,Beauty & Wellness,Collagen Powder,3,34.99,0.0,104.97,14.0,42.0,62.97
2026-01-21,APAC,In-store,Beauty & Wellness,Vitamin C Serum,9,29.99,0.2,215.93,10.5,94.5,121.43
2026-01-21,APAC,Online,Electronics,Wireless Earbuds,7,79.99,0.25,419.95,51.99,363.93,56.02
2026-01-21,APAC,Online,Home & Kitchen,Coffee Grinder,3,39.99,0.0,119.97,23.99,71.97,48.0
2026-01-21,EMEA,Online,Apparel,Denim Jacket,3,69.99,0.0,209.97,34.99,104.97,105.0
2026-01-21,EMEA,Online,Beauty & Wellness,Collagen Powder,7,34.99,0.0,244.93,14.0,98.0,146.93
2026-01-21,North America,In-store,Beauty & Wellness,Collagen Powder,7,34.99,0.2,195.94,14.0,98.0,97.94
2026-01-21,North America,In-store,Electronics,USB-C Charger,12,19.99,0.0,239.88,10.99,131.88,108.0
2026-01-21,North America,Online,Apparel,Running Tee,7,24.99,0.15,148.69,11.25,78.75,69.94
2026-01-21,North America,Online,Home & Kitchen,Air Fryer,7,89.99,0.15,535.44,62.99,440.93,94.51
2026-01-21,UK & Ireland,Online,Electronics,USB-C Charger,4,19.99,0.0,79.96,10.99,43.96,36.0
2026-01-22,APAC,Online,Apparel,Denim Jacket,7,69.99,0.0,489.93,34.99,244.93,245.0
2026-01-22,APAC,Online,Beauty & Wellness,Electric Toothbrush,3,59.99,0.0,179.97,32.99,98.97,81.0
2026-01-22,APAC,Online,Electronics,Wireless Earbuds,10,79.99,0.1,719.91,51.99,519.9,200.01
2026-01-22,EMEA,Online,Apparel,Denim Jacket,1,69.99,0.0,69.99,34.99,34.99,35.0
2026-01-22,LATAM,In-store,Apparel,Denim Jacket,2,69.99,0.0,139.98,34.99,69.98,70.0
2026-01-22,North America,In-store,Apparel,Running Tee,7,24.99,0.0,174.93,11.25,78.75,96.18
2026-01-22,North America,In-store,Home & Kitchen,Cookware Set,4,129.99,0.0,519.96,84.49,337.96,182.0
2026-01-22,North America,Online,Home & Kitchen,Air Fryer,3,89.99,0.25,202.48,62.99,188.97,13.51
2026-01-22,North America,Online,Media & Entertainment,Board Game,3,34.99,0.0,104.97,19.24,57.72,47.25
2026-01-22,UK & Ireland,Online,Beauty & Wellness,Vitamin C Serum,10,29.99,0.0,299.9,10.5,105.0,194.9
2026-01-23,APAC,Online,Electronics,Smart Speaker,2,49.99,0.0,99.98,34.99,69.98,30.0
2026-01-23,APAC,Online,Home & Kitchen,Air Fryer,8,89.99,0.0,719.92,62.99,503.92,216.0
2026-01-23,APAC,Online,Media & Entertainment,Vinyl Record,1,27.99,0.0,27.99,16.79,16.79,11.2
2026-01-23,EMEA,Online,Beauty & Wellness,Vitamin C Serum,8,29.99,0.2,191.94,10.5,84.0,107.94
2026-01-23,EMEA,Online,Media & Entertainment,Board Game,6,34.99,0.15,178.45,19.24,115.44,63.01
2026-01-23,LATAM,Online,Beauty & Wellness,Collagen Powder,1,34.99,0.2,27.99,14.0,14.0,13.99
2026-01-23,LATAM,Online,Electronics,USB-C Charger,5,19.99,0.0,99.95,10.99,54.95,45.0
2026-01-23,LATAM,Online,Home & Kitchen,Air Fryer,3,89.99,0.0,269.97,62.99,188.97,81.0
2026-01-23,North America,In-store,Beauty & Wellness,Vitamin C Serum,9,29.99,0.1,242.92,10.5,94.5,148.42
2026-01-23,North America,In-store,Electronics,USB-C Charger,16,19.99,0.0,319.84,10.99,175.84,144.0
2026-01-23,UK & Ireland,In-store,Electronics,Wireless Earbuds,7,79.99,0.25,419.95,51.99,363.93,56.02
2026-01-23,UK & Ireland,Online,Electronics,Wireless Earbuds,6,79.99,0.0,479.94,51.99,311.94,168.0
2026-01-24,LATAM,Online,Home & Kitchen,Air Fryer,5,89.99,0.0,449.95,62.99,314.95,135.0
2026-01-24,North America,In-store,Home & Kitchen,Coffee Grinder,11,39.99,0.0,439.89,23.99,263.89,176.0
2026-01-24,North America,In-store,Home & Kitchen,Cookware Set,3,129.99,0.0,389.97,84.49,253.47,136.5
2026-01-24,North America,Online,Apparel,Running Tee,6,24.99,0.0,149.94,11.25,67.5,82.44
2026-01-24,UK & Ireland,In-store,Media & Entertainment,Blu-ray Box Set,3,39.99,0.2,95.98,29.99,89.97,6.01
2026-01-24,UK & Ireland,Online,Apparel,Wool Socks 3-pack,4,14.99,0.0,59.96,6.0,24.0,35.96
2026-01-25,APAC,Online,Beauty & Wellness,Vitamin C Serum,12,29.99,0.0,359.88,10.5,126.0,233.88
2026-01-25,EMEA,Online,Beauty & Wellness,Electric Toothbrush,6,59.99,0.0,359.94,32.99,197.94,162.0
2026-01-25,LATAM,In-store,Electronics,Smart Speaker,4,49.99,0.0,199.96,34.99,139.96,60.0
2026-01-25,LATAM,Online,Apparel,Wool Socks 3-pack,3,14.99,0.0,44.97,6.0,18.0,26.97
2026-01-25,LATAM,Online,Media & Entertainment,Board Game,8,34.99,0.15,237.93,19.24,153.92,84.01
2026-01-25,North America,In-store,Apparel,Wool Socks 3-pack,6,14.99,0.15,76.45,6.0,36.0,40.45
2026-01-25,North America,In-store,Beauty & Wellness,Electric Toothbrush,5,59.99,0.2,239.96,32.99,164.95,75.01
2026-01-25,North America,Online,Apparel,Running Tee,1,24.99,0.0,24.99,11.25,11.25,13.74
2026-01-26,APAC,In-store,Electronics,Smart Speaker,3,49.99,0.0,149.97,34.99,104.97,45.0
2026-01-26,APAC,In-store,Electronics,Wireless Earbuds,6,79.99,0.0,479.94,51.99,311.94,168.0
2026-01-26,APAC,Online,Home & Kitchen,Coffee Grinder,4,39.99,0.15,135.97,23.99,95.96,40.01
2026-01-26,APAC,Online,Media & Entertainment,Vinyl Record,2,27.99,0.15,47.58,16.79,33.58,14.0
2026-01-26,EMEA,In-store,Apparel,Running Tee,5,24.99,0.0,124.95,11.25,56.25,68.7
2026-01-26,EMEA,In-store,Electronics,USB-C Charger,8,19.99,0.25,119.94,10.99,87.92,32.02
2026-01-26,EMEA,Online,Beauty & Wellness,Electric Toothbrush,10,59.99,0.0,599.9,32.99,329.9,270.0
2026-01-26,EMEA,Online,Home & Kitchen,Air Fryer,3,89.99,0.2,215.98,62.99,188.97,27.01
2026-01-26,LATAM,In-store,Electronics,Wireless Earbuds,3,79.99,0.0,239.97,51.99,155.97,84.0
2026-01-26,LATAM,In-store,Home & Kitchen,Coffee Grinder,1,39.99,0.15,33.99,23.99,23.99,10.0
2026-01-26,LATAM,Online,Beauty & Wellness,Collagen Powder,5,34.99,0.0,174.95,14.0,70.0,104.95
2026-01-26,LATAM,Online,Beauty & Wellness,Electric Toothbrush,2,59.99,0.0,119.98,32.99,65.98,54.0
2026-01-26,LATAM,Online,Electronics,USB-C Charger,5,19.99,0.25,74.96,10.99,54.95,20.01
2026-01-26,LATAM,Online,Media & Entertainment,Blu-ray Box Set,3,39.99,0.15,101.97,29.99,89.97,12.0
2026-01-26,North America,In-store,Home & Kitchen,Coffee Grinder,5,39.99,0.0,199.95,23.99,119.95,80.0
2026-01-26,North America,Online,Home & Kitchen,Air Fryer,5,89.99,0.25,337.46,62.99,314.95,22.51
2026-01-26,North America,Online,Media & Entertainment,Blu-ray Box Set,1,39.99,0.0,39.99,29.99,29.99,10.0
2026-01-26,UK & Ireland,In-store,Home & Kitchen,Cookware Set,2,129.99,0.0,259.98,84.49,168.98,91.0
2026-01-26,UK & Ireland,Online,Media & Entertainment,Board Game,3,34.99,0.0,104.97,19.24,57.72,47.25
2026-01-27,APAC,In-store,Apparel,Running Tee,5,24.99,0.15,106.21,11.25,56.25,49.96
2026-01-27,APAC,In-store,Beauty & Wellness,Collagen Powder,3,34.99,0.0,104.97,14.0,42.0,62.97
2026-01-27,APAC,In-store,Electronics,USB-C Charger,4,19.99,0.0,79.96,10.99,43.96,36.0
2026-01-27,APAC,Online,Home & Kitchen,Air Fryer,3,89.99,0.15,229.47,62.99,188.97,40.5
2026-01-27,EMEA,In-store,Electronics,Wireless Earbuds,4,79.99,0.2,255.97,51.99,207.96,48.01
2026-01-27,EMEA,In-store,Home & Kitchen,Coffee Grinder,4,39.99,0.0,159.96,23.99,95.96,64.0
2026-01-27,EMEA,In-store,Media & Entertainment,Blu-ray Box Set,2,39.99,0.0,79.98,29.99,59.98,20.0
2026-01-27,EMEA,Online,Electronics,Smart Speaker,4,49.99,0.0,199.96,34.99,139.96,60.0
2026-01-27,EMEA,Online,Home & Kitchen,Air Fryer,5,89.99,0.2,359.96,62.99,314.95,45.01
2026-01-27,LATAM,In-store,Beauty & Wellness,Collagen Powder,1,34.99,0.15,29.74,14.0,14.0,15.74
2026-01-27,LATAM,In-store,Electronics,Wireless Earbuds,6,79.99,0.0,479.94,51.99,311.94,168.0
2026-01-27,LATAM,Online,Media & Entertainment,Vinyl Record,1,27.99,0.0,27.99,16.79,16.79,11.2
2026-01-27,North America,In-store,Apparel,Wool Socks 3-pack,7,14.99,0.0,104.93,6.0,42.0,62.93
2026-01-27,North America,Online,Apparel,Wool Socks 3-pack,7,14.99,0.15,89.19,6.0,42.0,47.19
2026-01-27,North America,Online,Home & Kitchen,Coffee Grinder,4,39.99,0.1,143.96,23.99,95.96,48.0
2026-01-27,North America,Online,Media & Entertainment,Board Game,3,34.99,0.0,104.97,19.24,57.72,47.25
2026-01-27,UK & Ireland,Online,Media & Entertainment,Board Game,1,34.99,0.0,34.99,19.24,19.24,15.75
2026-01-28,APAC,In-store,Home & Kitchen,Coffee Grinder,3,39.99,0.25,89.98,23.99,71.97,18.01
2026-01-28,APAC,Online,Beauty & Wellness,Vitamin C Serum,8,29.99,0.0,239.92,10.5,84.0,155.92
2026-01-28,EMEA,In-store,Apparel,Denim Jacket,4,69.99,0.0,279.96,34.99,139.96,140.0
2026-01-28,EMEA,In-store,Apparel,Wool Socks 3-pack,5,14.99,0.0,74.95,6.0,30.0,44.95
2026-01-28,EMEA,In-store,Media & Entertainment,Vinyl Record,3,27.99,0.0,83.97,16.79,50.37,33.6
2026-01-28,EMEA,Online,Beauty & Wellness,Collagen Powder,8,34.99,0.0,279.92,14.0,112.0,167.92
2026-01-28,EMEA,Online,Electronics,Smart Speaker,6,49.99,0.15,254.95,34.99,209.94,45.01
2026-01-28,LATAM,In-store,Beauty & Wellness,Electric Toothbrush,1,59.99,0.0,59.99,32.99,32.99,27.0
2026-01-28,LATAM,In-store,Beauty & Wellness,Vitamin C Serum,4,29.99,0.0,119.96,10.5,42.0,77.96
2026-01-28,LATAM,In-store,Home & Kitchen,Cookware Set,1,129.99,0.2,103.99,84.49,84.49,19.5
2026-01-28,LATAM,Online,Home & Kitchen,Air Fryer,3,89.99,0.1,242.97,62.99,188.97,54.0
2026-01-28,North America,In-store,Electronics,USB-C Charger,12,19.99,0.1,215.89,10.99,131.88,84.01
2026-01-28,North America,In-store,Home & Kitchen,Cookware Set,1,129.99,0.2,103.99,84.49,84.49,19.5
2026-01-28,North America,In-store,Media & Entertainment,Board Game,6,34.99,0.0,209.94,19.24,115.44,94.5
2026-01-28,North America,Online,Electronics,Wireless Earbuds,7,79.99,0.0,559.93,51.99,363.93,196.0
2026-01-28,North America,Online,Home & Kitchen,Air Fryer,3,89.99,0.0,269.97,62.99,188.97,81.0
2026-01-28,UK & Ireland,Online,Apparel,Running Tee,3,24.99,0.25,56.23,11.25,33.75,22.48
2026-01-28,UK & Ireland,Online,Home & Kitchen,Coffee Grinder,7,39.99,0.0,279.93,23.99,167.93,112.0
2026-01-29,APAC,In-store,Home & Kitchen,Coffee Grinder,4,39.99,0.0,159.96,23.99,95.96,64.0
2026-01-29,APAC,Online,Beauty & Wellness,Collagen Powder,6,34.99,0.0,209.94,14.0,84.0,125.94
2026-01-29,APAC,Online,Home & Kitchen,Coffee Grinder,3,39.99,0.0,119.97,23.99,71.97,48.0
2026-01-29,APAC,Online,Media & Entertainment,Blu-ray Box Set,2,39.99,0.0,79.98,29.99,59.98,20.0
2026-01-29,EMEA,In-store,Electronics,Wireless Earbuds,4,79.99,0.0,319.96,51.99,207.96,112.0
2026-01-29,LATAM,In-store,Media & Entertainment,Blu-ray Box Set,4,39.99,0.0,159.96,29.99,119.96,40.0
2026-01-29,LATAM,Online,Beauty & Wellness,Collagen Powder,2,34.99,0.0,69.98,14.0,28.0,41.98
2026-01-29,LATAM,Online,Home & Kitchen,Cookware Set,4,129.99,0.0,519.96,84.49,337.96,182.0
2026-01-29,North America,In-store,Beauty & Wellness,Electric Toothbrush,7,59.99,0.15,356.94,32.99,230.93,126.01
2026-01-29,North America,In-store,Home & Kitchen,Air Fryer,4,89.99,0.0,359.96,62.99,251.96,108.0
2026-01-29,North America,Online,Apparel,Running Tee,6,24.99,0.15,127.45,11.25,67.5,59.95
2026-01-29,North America,Online,Apparel,Wool Socks 3-pack,4,14.99,0.1,53.96,6.0,24.0,29.96
2026-01-30,APAC,In-store,Beauty & Wellness,Vitamin C Serum,6,29.99,0.1,161.95,10.5,63.0,98.95
2026-01-30,APAC,In-store,Media & Entertainment,Vinyl Record,1,27.99,0.25,20.99,16.79,16.79,4.2
2026-01-30,APAC,Online,Electronics,USB-C Charger,8,19.99,0.0,159.92,10.99,87.92,72.0
2026-01-30,LATAM,In-store,Apparel,Running Tee,3,24.99,0.2,59.98,11.25,33.75,26.23
2026-01-30,LATAM,In-store,Beauty & Wellness,Collagen Powder,4,34.99,0.0,139.96,14.0,56.0,83.96
2026-01-30,North America,In-store,Electronics,Smart Speaker,8,49.99,0.0,399.92,34.99,279.92,120.0
2026-01-30,North America,In-store,Home & Kitchen,Coffee Grinder,3,39.99,0.25,89.98,23.99,71.97,18.01
2026-01-30,UK & Ireland,In-store,Beauty & Wellness,Vitamin C Serum,1,29.99,0.0,29.99,10.5,10.5,19.49
2026-01-30,UK & Ireland,In-store,Electronics,Wireless Earbuds,2,79.99,0.0,159.98,51.99,103.98,56.0
2026-01-30,UK & Ireland,Online,Media & Entertainment,Board Game,3,34.99,0.0,104.97,19.24,57.72,47.25
2026-01-31,APAC,Online,Apparel,Running Tee,5,24.99,0.1,112.45,11.25,56.25,56.2
2026-01-31,APAC,Online,Apparel,Wool Socks 3-pack,6,14.99,0.25,67.45,6.0,36.0,31.45
2026-01-31,APAC,Online,Home & Kitchen,Air Fryer,12,89.99,0.0,1079.88,62.99,755.88,324.0
2026-01-31,APAC,Online,Home & Kitchen,Cookware Set,2,129.99,0.1,233.98,84.49,168.98,65.0
2026-01-31,EMEA,In-store,Home & Kitchen,Coffee Grinder,8,39.99,0.0,319.92,23.99,191.92,128.0
2026-01-31,EMEA,Online,Electronics,USB-C Charger,14,19.99,0.0,279.86,10.99,153.86,126.0
2026-01-31,LATAM,In-store,Media & Entertainment,Vinyl Record,3,27.99,0.1,75.57,16.79,50.37,25.2
2026-01-31,LATAM,Online,Beauty & Wellness,Electric Toothbrush,5,59.99,0.0,299.95,32.99,164.95,135.0
2026-01-31,North America,In-store,Electronics,Smart Speaker,9,49.99,0.25,337.43,34.99,314.91,22.52
2026-01-31,North America,In-store,Electronics,Wireless Earbuds,12,79.99,0.25,719.91,51.99,623.88,96.03
2026-01-31,North America,In-store,Home & Kitchen,Coffee Grinder,6,39.99,0.2,191.95,23.99,143.94,48.01
2026-01-31,UK & Ireland,In-store,Beauty & Wellness,Electric Toothbrush,6,59.99,0.0,359.94,32.99,197.94,162.0
2026-01-31,UK & Ireland,Online,Home & Kitchen,Cookware Set,3,129.99,0.0,389.97,84.49,253.47,136.5
2026-02-01,APAC,In-store,Apparel,Running Tee,12,24.99,0.25,224.91,11.25,135.0,89.91
2026-02-01,APAC,In-store,Electronics,Smart Speaker,6,49.99,0.25,224.95,34.99,209.94,15.01
2026-02-01,APAC,In-store,Media & Entertainment,Blu-ray Box Set,3,39.99,0.0,119.97,29.99,89.97,30.0
2026-02-01,APAC,In-store,Media & Entertainment,Board Game,5,34.99,0.0,174.95,19.24,96.2,78.75
2026-02-01,APAC,Online,Apparel,Denim Jacket,4,69.99,0.15,237.97,34.99,139.96,98.01
2026-02-01,APAC,Online,Electronics,Wireless Earbuds,8,79.99,0.1,575.93,51.99,415.92,160.01
2026-02-01,EMEA,In-store,Apparel,Wool Socks 3-pack,7,14.99,0.0,104.93,6.0,42.0,62.93
2026-02-01,EMEA,In-store,Beauty & Wellness,Collagen Powder,6,34.99,0.2,167.95,14.0,84.0,83.95
2026-02-01,EMEA,In-store,Beauty & Wellness,Vitamin C Serum,16,29.99,0.0,479.84,10.5,168.0,311.84
2026-02-01,EMEA,Online,Beauty & Wellness,Electric Toothbrush,7,59.99,0.0,419.93,32.99,230.93,189.0
2026-02-01,LATAM,In-store,Beauty & Wellness,Collagen Powder,2,34.99,0.0,69.98,14.0,28.0,41.98
2026-02-01,North America,In-store,Home & Kitchen,Air Fryer,6,89.99,0.0,539.94,62.99,377.94,162.0
2026-02-01,North America,Online,Beauty & Wellness,Electric Toothbrush,5,59.99,0.25,224.96,32.99,164.95,60.01
2026-02-01,UK & Ireland,In-store,Electronics,USB-C Charger,13,19.99,0.0,259.87,10.99,142.87,117.0
2026-02-01,UK & Ireland,Online,Electronics,USB-C Charger,4,19.99,0.0,79.96,10.99,43.96,36.0
2026-02-02,APAC,In-store,Beauty & Wellness,Collagen Powder,4,34.99,0.0,139.96,14.0,56.0,83.96
2026-02-02,APAC,In-store,Electronics,Wireless Earbuds,8,79.99,0.0,639.92,51.99,415.92,224.0
2026-02-02,APAC,Online,Home & Kitchen,Cookware Set,1,129.99,0.0,129.99,84.49,84.49,45.5
2026-02-02,EMEA,In-store,Apparel,Denim Jacket,1,69.99,0.0,69.99,34.99,34.99,35.0
2026-02-02,EMEA,In-store,Media & Entertainment,Vinyl Record,1,27.99,0.1,25.19,16.79,16.79,8.4
2026-02-02,EMEA,Online,Beauty & Wellness,Vitamin C Serum,4,29.99,0.0,119.96,10.5,42.0,77.96
2026-02-02,LATAM,In-store,Media & Entertainment,Vinyl Record,2,27.99,0.25,41.98,16.79,33.58,8.4
2026-02-02,LATAM,Online,Apparel,Running Tee,3,24.99,0.15,63.72,11.25,33.75,29.97
2026-02-02,LATAM,Online,Electronics,USB-C Charger,3,19.99,0.25,44.98,10.99,32.97,12.01
2026-02-02,North America,In-store,Apparel,Wool Socks 3-pack,3,14.99,0.0,44.97,6.0,18.0,26.97
2026-02-02,North America,In-store,Beauty & Wellness,Collagen Powder,5,34.99,0.0,174.95,14.0,70.0,104.95
2026-02-02,North America,In-store,Electronics,Wireless Earbuds,7,79.99,0.0,559.93,51.99,363.93,196.0
2026-02-02,North America,In-store,Media & Entertainment,Board Game,9,34.99,0.0,314.91,19.24,173.16,141.75
2026-02-02,North America,In-store,Media & Entertainment,Vinyl Record,2,27.99,0.0,55.98,16.79,33.58,22.4
2026-02-02,North America,Online,Beauty & Wellness,Vitamin C Serum,9,29.99,0.25,202.43,10.5,94.5,107.93
2026-02-02,UK & Ireland,In-store,Electronics,USB-C Charger,6,19.99,0.0,119.94,10.99,65.94,54.0
2026-02-03,APAC,In-store,Beauty & Wellness,Collagen Powder,11,34.99,0.25,288.67,14.0,154.0,134.67
2026-02-03,APAC,Online,Apparel,Denim Jacket,4,69.99,0.0,279.96,34.99,139.96,140.0
2026-02-03,APAC,Online,Home & Kitchen,Cookware Set,2,129.99,0.0,259.98,84.49,168.98,91.0
2026-02-03,EMEA,In-store,Beauty & Wellness,Vitamin C Serum,10,29.99,0.1,269.91,10.5,105.0,164.91
2026-02-03,EMEA,Online,Media & Entertainment,Board Game,2,34.99,0.0,69.98,19.24,38.48,31.5
2026-02-03,LATAM,In-store,Media & Entertainment,Blu-ray Box Set,4,39.99,0.0,159.96,29.99,119.96,40.0
2026-02-03,LATAM,In-store,Media & Entertainment,Vinyl Record,1,27.99,0.0,27.99,16.79,16.79,11.2
2026-02-03,LATAM,Online,Electronics,Wireless Earbuds,3,79.99,0.0,239.97,51.99,155.97,84.0
2026-02-03,North America,Online,Apparel,Wool Socks 3-pack,4,14.99,0.0,59.96,6.0,24.0,35.96
2026-02-03,North America,Online,Home & Kitchen,Air Fryer,1,89.99,0.2,71.99,62.99,62.99,9.0
2026-02-03,North America,Online,Home & Kitchen,Coffee Grinder,5,39.99,0.2,159.96,23.99,119.95,40.01
2026-02-03,UK & Ireland,In-store,Electronics,Wireless Earbuds,6,79.99,0.0,479.94,51.99,311.94,168.0
2026-02-03,UK & Ireland,In-store,Media & Entertainment,Vinyl Record,2,27.99,0.2,44.78,16.79,33.58,11.2
2026-02-04,APAC,In-store,Apparel,Denim Jacket,6,69.99,0.1,377.95,34.99,209.94,168.01
2026-02-04,EMEA,In-store,Electronics,Wireless Earbuds,4,79.99,0.0,319.96,51.99,207.96,112.0
2026-02-04,EMEA,Online,Media & Entertainment,Board Game,6,34.99,0.0,209.94,19.24,115.44,94.5
2026-02-04,LATAM,In-store,Beauty & Wellness,Collagen Powder,2,34.99,0.1,62.98,14.0,28.0,34.98
2026-02-04,LATAM,Online,Electronics,USB-C Charger,6,19.99,0.0,119.94,10.99,65.94,54.0
2026-02-04,North America,In-store,Home & Kitchen,Cookware Set,1,129.99,0.0,129.99,84.49,84.49,45.5
2026-02-04,UK & Ireland,In-store,Apparel,Denim Jacket,3,69.99,0.15,178.47,34.99,104.97,73.5
2026-02-04,UK & Ireland,In-store,Media & Entertainment,Board Game,2,34.99,0.1,62.98,19.24,38.48,24.5
2026-02-04,UK & Ireland,Online,Apparel,Running Tee,4,24.99,0.0,99.96,11.25,45.0,54.96
2026-02-05,APAC,In-store,Apparel,Denim Jacket,1,69.99,0.0,69.99,34.99,34.99,35.0
2026-02-05,APAC,In-store,Beauty & Wellness,Vitamin C Serum,2,29.99,0.0,59.98,10.5,21.0,38.98
2026-02-05,APAC,In-store,Electronics,Smart Speaker,6,49.99,0.0,299.94,34.99,209.94,90.0
2026-02-05,APAC,In-store,Media & Entertainment,Board Game,1,34.99,0.0,34.99,19.24,19.24,15.75
2026-02-05,APAC,Online,Home & Kitchen,Cookware Set,2,129.99,0.0,259.98,84.49,168.98,91.0
2026-02-05,LATAM,In-store,Apparel,Running Tee,5,24.99,0.0,124.95,11.25,56.25,68.7
2026-02-05,LATAM,Online,Home & Kitchen,Cookware Set,4,129.99,0.0,519.96,84.49,337.96,182.0
2026-02-05,LATAM,Online,Media & Entertainment,Board Game,3,34.99,0.1,94.47,19.24,57.72,36.75
2026-02-05,North America,In-store,Beauty & Wellness,Vitamin C Serum,7,29.99,0.0,209.93,10.5,73.5,136.43
2026-02-05,North America,Online,Home & Kitchen,Cookware Set,1,129.99,0.1,116.99,84.49,84.49,32.5
2026-02-05,UK & Ireland,In-store,Beauty & Wellness,Collagen Powder,3,34.99,0.15,89.22,14.0,42.0,47.22
2026-02-05,UK & Ireland,Online,Electronics,USB-C Charger,4,19.99,0.0,79.96,10.99,43.96,36.0
2026-02-05,UK & Ireland,Online,Home & Kitchen,Coffee Grinder,3,39.99,0.0,119.97,23.99,71.97,48.0
2026-02-05,UK & Ireland,Online,Media & Entertainment,Blu-ray Box Set,2,39.99,0.0,79.98,29.99,59.98,20.0
2026-02-06,APAC,Online,Media & Entertainment,Board Game,4,34.99,0.2,111.97,19.24,76.96,35.01
2026-02-06,EMEA,In-store,Beauty & Wellness,Vitamin C Serum,5,29.99,0.0,149.95,10.5,52.5,97.45
2026-02-06,EMEA,In-store,Electronics,Smart Speaker,2,49.99,0.0,99.98,34.99,69.98,30.0
2026-02-06,EMEA,In-store,Home & Kitchen,Coffee Grinder,4,39.99,0.0,159.96,23.99,95.96,64.0
2026-02-06,EMEA,In-store,Home & Kitchen,Cookware Set,5,129.99,0.0,649.95,84.49,422.45,227.5
2026-02-06,EMEA,Online,Home & Kitchen,Coffee Grinder,4,39.99,0.0,159.96,23.99,95.96,64.0
2026-02-06,LATAM,In-store,Home & Kitchen,Coffee Grinder,3,39.99,0.0,119.97,23.99,71.97,48.0
2026-02-06,LATAM,Online,Electronics,Wireless Earbuds,7,79.99,0.1,503.94,51.99,363.93,140.01
2026-02-06,LATAM,Online,Home & Kitchen,Air Fryer,3,89.99,0.0,269.97,62.99,188.97,81.0
2026-02-06,North America,In-store,Apparel,Wool Socks 3-pack,8,14.99,0.0,119.92,6.0,48.0,71.92
2026-02-06,North America,In-store,Beauty & Wellness,Electric Toothbrush,5,59.99,0.25,224.96,32.99,164.95,60.01
2026-02-06,North America,In-store,Media & Entertainment,Vinyl Record,2,27.99,0.0,55.98,16.79,33.58,22.4
2026-02-06,North America,Online,Beauty & Wellness,Vitamin C Serum,12,29.99,0.0,359.88,10.5,126.0,233.88
2026-02-06,UK & Ireland,In-store,Electronics,Smart Speaker,12,49.99,0.0,599.88,34.99,419.88,180.0
2026-02-06,UK & Ireland,In-store,Electronics,Wireless Earbuds,11,79.99,0.0,879.89,51.99,571.89,308.0
2026-02-06,UK & Ireland,In-store,Home & Kitchen,Air Fryer,4,89.99,0.0,359.96,62.99,251.96,108.0
2026-02-06,UK & Ireland,In-store,Home & Kitchen,Cookware Set,1,129.99,0.0,129.99,84.49,84.49,45.5
2026-02-07,APAC,In-store,Beauty & Wellness,Electric Toothbrush,6,59.99,0.0,359.94,32.99,197.94,162.0
2026-02-07,APAC,Online,Apparel,Denim Jacket,2,69.99,0.0,139.98,34.99,69.98,70.0
2026-02-07,APAC,Online,Apparel,Wool Socks 3-pack,2,14.99,0.15,25.48,6.0,12.0,13.48
2026-02-07,APAC,Online,Home & Kitchen,Cookware Set,4,129.99,0.1,467.96,84.49,337.96,130.0
2026-02-07,APAC,Online,Media & Entertainment,Board Game,3,34.99,0.0,104.97,19.24,57.72,47.25
2026-02-07,EMEA,In-store,Apparel,Denim Jacket,4,69.99,0.0,279.96,34.99,139.96,140.0
2026-02-07,EMEA,In-store,Beauty & Wellness,Vitamin C Serum,13,29.99,0.15,331.39,10.5,136.5,194.89
2026-02-07,EMEA,In-store,Home & Kitchen,Air Fryer,8,89.99,0.0,719.92,62.99,503.92,216.0
2026-02-07,EMEA,Online,Beauty & Wellness,Electric Toothbrush,7,59.99,0.0,419.93,32.99,230.93,189.0
2026-02-07,EMEA,Online,Media & Entertainment,Blu-ray Box Set,4,39.99,0.0,159.96,29.99,119.96,40.0
2026-02-07,LATAM,In-store,Electronics,USB-C Charger,3,19.99,0.0,59.97,10.99,32.97,27.0
2026-02-07,LATAM,Online,Apparel,Wool Socks 3-pack,4,14.99,0.15,50.97,6.0,24.0,26.97
2026-02-07,LATAM,Online,Media & Entertainment,Vinyl Record,3,27.99,0.0,83.97,16.79,50.37,33.6
2026-02-07,North America,In-store,Beauty & Wellness,Vitamin C Serum,13,29.99,0.15,331.39,10.5,136.5,194.89
2026-02-07,North America,In-store,Electronics,Smart Speaker,8,49.99,0.2,319.94,34.99,279.92,40.02
2026-02-07,North America,In-store,Home & Kitchen,Air Fryer,1,89.99,0.0,89.99,62.99,62.99,27.0
2026-02-07,North America,Online,Electronics,Wireless Earbuds,4,79.99,0.2,255.97,51.99,207.96,48.01
2026-02-07,UK & Ireland,In-store,Apparel,Wool Socks 3-pack,2,14.99,0.0,29.98,6.0,12.0,17.98
2026-02-07,UK & Ireland,In-store,Electronics,Smart Speaker,8,49.99,0.25,299.94,34.99,279.92,20.02
2026-02-07,UK & Ireland,Online,Apparel,Running Tee,3,24.99,0.0,74.97,11.25,33.75,41.22
2026-02-08,APAC,In-store,Media & Entertainment,Vinyl Record,3,27.99,0.1,75.57,16.79,50.37,25.2
2026-02-08,APAC,Online,Beauty & Wellness,Electric Toothbrush,6,59.99,0.1,323.95,32.99,197.94,126.01
2026-02-08,EMEA,In-store,Electronics,Wireless Earbuds,6,79.99,0.0,479.94,51.99,311.94,168.0
2026-02-08,EMEA,Online,Apparel,Wool Socks 3-pack,2,14.99,0.0,29.98,6.0,12.0,17.98
2026-02-08,LATAM,In-store,Apparel,Denim Jacket,1,69.99,0.25,52.49,34.99,34.99,17.5
2026-02-08,LATAM,In-store,Apparel,Wool Socks 3-pack,3,14.99,0.0,44.97,6.0,18.0,26.97
2026-02-08,LATAM,Online,Apparel,Running Tee,1,24.99,0.0,24.99,11.25,11.25,13.74
2026-02-08,LATAM,Online,Electronics,USB-C Charger,3,19.99,0.2,47.98,10.99,32.97,15.01
2026-02-08,North America,In-store,Beauty & Wellness,Vitamin C Serum,4,29.99,0.0,119.96,10.5,42.0,77.96
2026-02-08,North America,Online,Beauty & Wellness,Electric Toothbrush,6,59.99,0.0,359.94,32.99,197.94,162.0
2026-02-08,UK & Ireland,In-store,Apparel,Wool Socks 3-pack,3,14.99,0.25,33.73,6.0,18.0,15.73
2026-02-08,UK & Ireland,Online,Home & Kitchen,Air Fryer,5,89.99,0.0,449.95,62.99,314.95,135.0
2026-02-08,UK & Ireland,Online,Media & Entertainment,Vinyl Record,3,27.99,0.0,83.97,16.79,50.37,33.6
2026-02-09,APAC,In-store,Home & Kitchen,Coffee Grinder,1,39.99,0.2,31.99,23.99,23.99,8.0
2026-02-09,EMEA,In-store,Beauty & Wellness,Collagen Powder,5,34.99,0.25,131.21,14.0,70.0,61.21
2026-02-09,EMEA,In-store,Electronics,Smart Speaker,6,49.99,0.25,224.95,34.99,209.94,15.01
2026-02-09,EMEA,In-store,Home & Kitchen,Coffee Grinder,1,39.99,0.0,39.99,23.99,23.99,16.0
2026-02-09,EMEA,Online,Home & Kitchen,Coffee Grinder,7,39.99,0.0,279.93,23.99,167.93,112.0
2026-02-09,LATAM,Online,Apparel,Wool Socks 3-pack,1,14.99,0.0,14.99,6.0,6.0,8.99
2026-02-09,LATAM,Online,Media & Entertainment,Board Game,2,34.99,0.0,69.98,19.24,38.48,31.5
2026-02-09,North America,In-store,Beauty & Wellness,Electric Toothbrush,5,59.99,0.0,299.95,32.99,164.95,135.0
2026-02-09,North America,Online,Apparel,Wool Socks 3-pack,5,14.99,0.0,74.95,6.0,30.0,44.95
2026-02-09,UK & Ireland,In-store,Apparel,Running Tee,2,24.99,0.0,49.98,11.25,22.5,27.48
2026-02-09,UK & Ireland,In-store,Beauty & Wellness,Vitamin C Serum,5,29.99,0.0,149.95,10.5,52.5,97.45
2026-02-10,APAC,In-store,Beauty & Wellness,Vitamin C Serum,7,29.99,0.0,209.93,10.5,73.5,136.43
2026-02-10,APAC,Online,Beauty & Wellness,Collagen Powder,4,34.99,0.0,139.96,14.0,56.0,83.96
2026-02-10,EMEA,In-store,Electronics,Wireless Earbuds,8,79.99,0.0,639.92,51.99,415.92,224.0
2026-02-10,EMEA,Online,Apparel,Denim Jacket,2,69.99,0.0,139.98,34.99,69.98,70.0
2026-02-10,EMEA,Online,Electronics,Smart Speaker,3,49.99,0.25,112.48,34.99,104.97,7.51
2026-02-10,LATAM,In-store,Beauty & Wellness,Vitamin C Serum,3,29.99,0.0,89.97,10.5,31.5,58.47
2026-02-10,LATAM,Online,Beauty & Wellness,Vitamin C Serum,5,29.99,0.0,149.95,10.5,52.5,97.45
2026-02-10,North America,In-store,Media & Entertainment,Blu-ray Box Set,2,39.99,0.25,59.98,29.99,59.98,0.0
2026-02-10,North America,In-store,Media & Entertainment,Board Game,3,34.99,0.0,104.97,19.24,57.72,47.25
2026-02-10,North America,Online,Electronics,Wireless Earbuds,8,79.99,0.0,639.92,51.99,415.92,224.0
2026-02-10,North America,Online,Home & Kitchen,Air Fryer,1,89.99,0.0,89.99,62.99,62.99,27.0
2026-02-10,UK & Ireland,In-store,Beauty & Wellness,Collagen Powder,1,34.99,0.25,26.24,14.0,14.0,12.24
2026-02-10,UK & Ireland,In-store,Beauty & Wellness,Electric Toothbrush,3,59.99,0.15,152.97,32.99,98.97,54.0
2026-02-10,UK & Ireland,Online,Beauty & Wellness,Collagen Powder,4,34.99,0.0,139.96,14.0,56.0,83.96
2026-02-11,APAC,In-store,Electronics,Smart Speaker,3,49.99,0.25,112.48,34.99,104.97,7.51
2026-02-11,EMEA,In-store,Apparel,Running Tee,2,24.99,0.15,42.48,11.25,22.5,19.98
2026-02-11,EMEA,In-store,Electronics,Smart Speaker,7,49.99,0.2,279.94,34.99,244.93,35.01
2026-02-11,EMEA,Online,Apparel,Denim Jacket,2,69.99,0.0,139.98,34.99,69.98,70.0
2026-02-11,EMEA,Online,Beauty & Wellness,Electric Toothbrush,5,59.99,0.15,254.96,32.99,164.95,90.01
2026-02-11,EMEA,Online,Electronics,USB-C Charger,9,19.99,0.2,143.93,10.99,98.91,45.02
2026-02-11,EMEA,Online,Electronics,Wireless Earbuds,5,79.99,0.15,339.96,51.99,259.95,80.01
2026-02-11,LATAM,In-store,Beauty & Wellness,Collagen Powder,8,34.99,0.0,279.92,14.0,112.0,167.92
2026-02-11,LATAM,In-store,Home & Kitchen,Cookware Set,1,129.99,0.2,103.99,84.49,84.49,19.5
2026-02-11,LATAM,Online,Beauty & Wellness,Vitamin C Serum,6,29.99,0.0,179.94,10.5,63.0,116.94
2026-02-11,LATAM,Online,Media & Entertainment,Blu-ray Box Set,1,39.99,0.15,33.99,29.99,29.99,4.0
2026-02-11,North America,In-store,Apparel,Wool Socks 3-pack,1,14.99,0.0,14.99,6.0,6.0,8.99
2026-02-11,North America,In-store,Media & Entertainment,Board Game,3,34.99,0.1,94.47,19.24,57.72,36.75
2026-02-11,UK & Ireland,In-store,Home & Kitchen,Air Fryer,5,89.99,0.0,449.95,62.99,314.95,135.0
2026-02-11,UK & Ireland,Online,Beauty & Wellness,Vitamin C Serum,5,29.99,0.0,149.95,10.5,52.5,97.45
2026-02-11,UK & Ireland,Online,Home & Kitchen,Air Fryer,8,89.99,0.0,719.92,62.99,503.92,216.0
2026-02-12,APAC,In-store,Home & Kitchen,Coffee Grinder,5,39.99,0.1,179.96,23.99,119.95,60.01
2026-02-12,APAC,Online,Beauty & Wellness,Collagen Powder,6,34.99,0.0,209.94,14.0,84.0,125.94
2026-02-12,EMEA,In-store,Beauty & Wellness,Electric Toothbrush,4,59.99,0.0,239.96,32.99,131.96,108.0
2026-02-12,EMEA,In-store,Electronics,USB-C Charger,9,19.99,0.0,179.91,10.99,98.91,81.0
2026-02-12,EMEA,In-store,Media & Entertainment,Board Game,2,34.99,0.2,55.98,19.24,38.48,17.5
2026-02-12,EMEA,In-store,Media & Entertainment,Vinyl Record,3,27.99,0.0,83.97,16.79,50.37,33.6
2026-02-12,EMEA,Online,Apparel,Running Tee,2,24.99,0.2,39.98,11.25,22.5,17.48
2026-02-12,LATAM,Online,Beauty & Wellness,Vitamin C Serum,4,29.99,0.0,119.96,10.5,42.0,77.96
2026-02-12,North America,In-store,Apparel,Denim Jacket,2,69.99,0.1,125.98,34.99,69.98,56.0
2026-02-12,North America,In-store,Electronics,Wireless Earbuds,13,79.99,0.25,779.9,51.99,675.87,104.03
2026-02-12,North America,Online,Apparel,Denim Jacket,3,69.99,0.0,209.97,34.99,104.97,105.0
2026-02-12,North America,Online,Electronics,Smart Speaker,4,49.99,0.0,199.96,34.99,139.96,60.0
2026-02-12,UK & Ireland,Online,Home & Kitchen,Air Fryer,2,89.99,0.2,143.98,62.99,125.98,18.0
2026-02-13,APAC,In-store,Apparel,Wool Socks 3-pack,6,14.99,0.0,89.94,6.0,36.0,53.94
2026-02-13,APAC,In-store,Electronics,USB-C Charger,9,19.99,0.0,179.91,10.99,98.91,81.0
2026-02-13,APAC,Online,Apparel,Wool Socks 3-pack,3,14.99,0.0,44.97,6.0,18.0,26.97
2026-02-13,APAC,Online,Electronics,Wireless Earbuds,8,79.99,0.25,479.94,51.99,415.92,64.02
2026-02-13,EMEA,In-store,Electronics,Smart Speaker,4,49.99,0.0,199.96,34.99,139.96,60.0
2026-02-13,EMEA,In-store,Home & Kitchen,Coffee Grinder,2,39.99,0.0,79.98,23.99,47.98,32.0
2026-02-13,EMEA,Online,Media & Entertainment,Vinyl Record,1,27.99,0.0,27.99,16.79,16.79,11.2
2026-02-13,LATAM,In-store,Beauty & Wellness,Vitamin C Serum,5,29.99,0.0,149.95,10.5,52.5,97.45
2026-02-13,LATAM,In-store,Electronics,Smart Speaker,3,49.99,0.15,127.47,34.99,104.97,22.5
2026-02-13,North America,In-store,Electronics,Wireless Earbuds,10,79.99,0.0,799.9,51.99,519.9,280.0
2026-02-13,North America,In-store,Media & Entertainment,Blu-ray Box Set,5,39.99,0.0,199.95,29.99,149.95,50.0
2026-02-13,North America,Online,Apparel,Wool Socks 3-pack,2,14.99,0.1,26.98,6.0,12.0,14.98
2026-02-13,North America,Online,Media & Entertainment,Vinyl Record,3,27.99,0.1,75.57,16.79,50.37,25.2
2026-02-13,UK & Ireland,Online,Home & Kitchen,Coffee Grinder,4,39.99,0.15,135.97,23.99,95.96,40.01
2026-02-14,APAC,In-store,Media & Entertainment,Vinyl Record,4,27.99,0.0,111.96,16.79,67.16,44.8
2026-02-14,APAC,Online,Electronics,Wireless Earbuds,7,79.99,0.0,559.93,51.99,363.93,196.0
2026-02-14,EMEA,In-store,Apparel,Wool Socks 3-pack,9,14.99,0.0,134.91,6.0,54.0,80.91
2026-02-14,LATAM,Online,Beauty & Wellness,Collagen Powder,8,34.99,0.25,209.94,14.0,112.0,97.94
2026-02-14,North America,In-store,Beauty & Wellness,Vitamin C Serum,6,29.99,0.0,179.94,10.5,63.0,116.94
2026-02-14,North America,Online,Electronics,USB-C Charger,10,19.99,0.1,179.91,10.99,109.9,70.01
2026-02-14,UK & Ireland,In-store,Beauty & Wellness,Collagen Powder,2,34.99,0.0,69.98,14.0,28.0,41.98
2026-02-14,UK & Ireland,In-store,Electronics,Smart Speaker,5,49.99,0.0,249.95,34.99,174.95,75.0
2026-02-14,UK & Ireland,Online,Electronics,Smart Speaker,5,49.99,0.0,249.95,34.99,174.95,75.0
2026-02-14,UK & Ireland,Online,Electronics,Wireless Earbuds,7,79.99,0.0,559.93,51.99,363.93,196.0
2026-02-14,UK & Ireland,Online,Home & Kitchen,Coffee Grinder,2,39.99,0.0,79.98,23.99,47.98,32.0
2026-02-14,UK & Ireland,Online,Media & Entertainment,Vinyl Record,2,27.99,0.0,55.98,16.79,33.58,22.4
2026-02-15,APAC,Online,Electronics,Wireless Earbuds,9,79.99,0.0,719.91,51.99,467.91,252.0
2026-02-15,EMEA,In-store,Apparel,Wool Socks 3-pack,5,14.99,0.0,74.95,6.0,30.0,44.95
2026-02-15,EMEA,In-store,Beauty & Wellness,Electric Toothbrush,9,59.99,0.0,539.91,32.99,296.91,243.0
2026-02-15,EMEA,In-store,Home & Kitchen,Air Fryer,1,89.99,0.2,71.99,62.99,62.99,9.0
2026-02-15,EMEA,In-store,Media & Entertainment,Vinyl Record,3,27.99,0.0,83.97,16.79,50.37,33.6
2026-02-15,EMEA,Online,Electronics,Wireless Earbuds,4,79.99,0.0,319.96,51.99,207.96,112.0
2026-02-15,EMEA,Online,Media & Entertainment,Blu-ray Box Set,4,39.99,0.25,119.97,29.99,119.96,0.01
2026-02-15,LATAM,In-store,Apparel,Running Tee,5,24.99,0.0,124.95,11.25,56.25,68.7
2026-02-15,LATAM,In-store,Media & Entertainment,Blu-ray Box Set,1,39.99,0.0,39.99,29.99,29.99,10.0
2026-02-15,LATAM,Online,Home & Kitchen,Coffee Grinder,1,39.99,0.0,39.99,23.99,23.99,16.0
2026-02-15,LATAM,Online,Home & Kitchen,Cookware Set,5,129.99,0.1,584.96,84.49,422.45,162.51
2026-02-15,North America,In-store,Media & Entertainment,Board Game,6,34.99,0.0,209.94,19.24,115.44,94.5
2026-02-15,North America,Online,Media & Entertainment,Board Game,4,34.99,0.0,139.96,19.24,76.96,63.0
2026-02-15,UK & Ireland,Online,Home & Kitchen,Air Fryer,5,89.99,0.2,359.96,62.99,314.95,45.01
2026-02-16,APAC,In-store,Apparel,Denim Jacket,5,69.99,0.0,349.95,34.99,174.95,175.0
2026-02-16,APAC,In-store,Apparel,Running Tee,8,24.99,0.0,199.92,11.25,90.0,109.92
2026-02-16,APAC,In-store,Electronics,Smart Speaker,2,49.99,0.1,89.98,34.99,69.98,20.0
2026-02-16,APAC,In-store,Electronics,USB-C Charger,8,19.99,0.0,159.92,10.99,87.92,72.0
2026-02-16,EMEA,In-store,Beauty & Wellness,Collagen Powder,7,34.99,0.0,244.93,14.0,98.0,146.93
2026-02-16,EMEA,Online,Apparel,Denim Jacket,2,69.99,0.0,139.98,34.99,69.98,70.0
2026-02-16,EMEA,Online,Apparel,Running Tee,5,24.99,0.1,112.45,11.25,56.25,56.2
2026-02-16,EMEA,Online,Beauty & Wellness,Electric Toothbrush,9,59.99,0.1,485.92,32.99,296.91,189.01
2026-02-16,EMEA,Online,Electronics,Wireless Earbuds,6,79.99,0.2,383.95,51.99,311.94,72.01
2026-02-16,EMEA,Online,Media & Entertainment,Vinyl Record,2,27.99,0.25,41.98,16.79,33.58,8.4
2026-02-16,LATAM,In-store,Home & Kitchen,Air Fryer,2,89.99,0.0,179.98,62.99,125.98,54.0
2026-02-16,LATAM,Online,Apparel,Denim Jacket,2,69.99,0.0,139.98,34.99,69.98,70.0
2026-02-16,North America,In-store,Media & Entertainment,Vinyl Record,1,27.99,0.0,27.99,16.79,16.79,11.2
2026-02-16,North America,Online,Apparel,Running Tee,6,24.99,0.0,149.94,11.25,67.5,82.44
2026-02-16,UK & Ireland,In-store,Apparel,Running Tee,2,24.99,0.2,39.98,11.25,22.5,17.48
2026-02-16,UK & Ireland,In-store,Home & Kitchen,Air Fryer,3,89.99,0.0,269.97,62.99,188.97,81.0
2026-02-16,UK & Ireland,Online,Beauty & Wellness,Electric Toothbrush,3,59.99,0.2,143.98,32.99,98.97,45.01
2026-02-17,APAC,In-store,Beauty & Wellness,Vitamin C Serum,7,29.99,0.0,209.93,10.5,73.5,136.43
2026-02-17,EMEA,In-store,Home & Kitchen,Coffee Grinder,3,39.99,0.0,119.97,23.99,71.97,48.0
2026-02-17,EMEA,Online,Apparel,Running Tee,2,24.99,0.0,49.98,11.25,22.5,27.48
2026-02-17,EMEA,Online,Beauty & Wellness,Vitamin C Serum,2,29.99,0.0,59.98,10.5,21.0,38.98
2026-02-17,EMEA,Online,Electronics,Smart Speaker,7,49.99,0.0,349.93,34.99,244.93,105.0
2026-02-17,North America,In-store,Beauty & Wellness,Collagen Powder,3,34.99,0.0,104.97,14.0,42.0,62.97
2026-02-17,North America,Online,Apparel,Running Tee,7,24.99,0.0,174.93,11.25,78.75,96.18
2026-02-17,North America,Online,Electronics,USB-C Charger,10,19.99,0.0,199.9,10.99,109.9,90.0
2026-02-17,UK & Ireland,In-store,Home & Kitchen,Cookware Set,2,129.99,0.2,207.98,84.49,168.98,39.0
2026-02-18,APAC,In-store,Apparel,Denim Jacket,3,69.99,0.2,167.98,34.99,104.97,63.01
2026-02-18,APAC,In-store,Home & Kitchen,Cookware Set,1,129.99,0.0,129.99,84.49,84.49,45.5
2026-02-18,APAC,Online,Home & Kitchen,Cookware Set,2,129.99,0.0,259.98,84.49,168.98,91.0
2026-02-18,APAC,Online,Media & Entertainment,Vinyl Record,1,27.99,0.0,27.99,16.79,16.79,11.2
2026-02-18,EMEA,In-store,Home & Kitchen,Air Fryer,7,89.99,0.0,629.93,62.99,440.93,189.0
2026-02-18,LATAM,Online,Electronics,Wireless Earbuds,4,79.99,0.15,271.97,51.99,207.96,64.01
2026-02-18,North America,In-store,Beauty & Wellness,Vitamin C Serum,11,29.99,0.0,329.89,10.5,115.5,214.39
2026-02-18,UK & Ireland,In-store,Media & Entertainment,Vinyl Record,3,27.99,0.0,83.97,16.79,50.37,33.6
2026-02-19,APAC,In-store,Electronics,USB-C Charger,7,19.99,0.0,139.93,10.99,76.93,63.0
2026-02-19,APAC,In-store,Media & Entertainment,Blu-ray Box Set,2,39.99,0.1,71.98,29.99,59.98,12.0
2026-02-19,APAC,Online,Apparel,Running Tee,5,24.99,0.1,112.45,11.25,56.25,56.2
2026-02-19,APAC,Online,Beauty & Wellness,Vitamin C Serum,10,29.99,0.0,299.9,10.5,105.0,194.9
2026-02-19,EMEA,In-store,Apparel,Denim Jacket,8,69.99,0.0,559.92,34.99,279.92,280.0
2026-02-19,EMEA,In-store,Home & Kitchen,Coffee Grinder,2,39.99,0.0,79.98,23.99,47.98,32.0
2026-02-19,EMEA,Online,Home & Kitchen,Air Fryer,6,89.99,0.25,404.95,62.99,377.94,27.01
2026-02-19,LATAM,In-store,Electronics,Wireless Earbuds,1,79.99,0.15,67.99,51.99,51.99,16.0
2026-02-19,North America,In-store,Electronics,USB-C Charger,10,19.99,0.15,169.91,10.99,109.9,60.01
2026-02-19,North America,In-store,Electronics,Wireless Earbuds,4,79.99,0.0,319.96,51.99,207.96,112.0
2026-02-19,North America,Online,Media & Entertainment,Blu-ray Box Set,3,39.99,0.0,119.97,29.99,89.97,30.0
2026-02-19,UK & Ireland,In-store,Apparel,Running Tee,3,24.99,0.0,74.97,11.25,33.75,41.22
2026-02-19,UK & Ireland,Online,Beauty & Wellness,Vitamin C Serum,6,29.99,0.0,179.94,10.5,63.0,116.94
2026-02-19,UK & Ireland,Online,Media & Entertainment,Vinyl Record,1,27.99,0.0,27.99,16.79,16.79,11.2
2026-02-20,APAC,In-store,Media & Entertainment,Blu-ray Box Set,2,39.99,0.0,79.98,29.99,59.98,20.0
2026-02-20,APAC,Online,Electronics,Wireless Earbuds,10,79.99,0.0,799.9,51.99,519.9,280.0
2026-02-20,APAC,Online,Home & Kitchen,Air Fryer,7,89.99,0.2,503.94,62.99,440.93,63.01
2026-02-20,APAC,Online,Home & Kitchen,Coffee Grinder,3,39.99,0.0,119.97,23.99,71.97,48.0
2026-02-20,LATAM,In-store,Electronics,Smart Speaker,7,49.99,0.0,349.93,34.99,244.93,105.0
2026-02-20,LATAM,Online,Beauty & Wellness,Vitamin C Serum,7,29.99,0.0,209.93,10.5,73.5,136.43
2026-02-20,North America,In-store,Electronics,USB-C Charger,6,19.99,0.0,119.94,10.99,65.94,54.0
2026-02-20,North America,In-store,Home & Kitchen,Air Fryer,3,89.99,0.2,215.98,62.99,188.97,27.01
2026-02-20,North America,In-store,Media & Entertainment,Board Game,4,34.99,0.0,139.96,19.24,76.96,63.0
2026-02-20,UK & Ireland,In-store,Electronics,Wireless Earbuds,6,79.99,0.2,383.95,51.99,311.94,72.01
2026-02-20,UK & Ireland,In-store,Media & Entertainment,Board Game,3,34.99,0.0,104.97,19.24,57.72,47.25
2026-02-21,APAC,In-store,Electronics,USB-C Charger,6,19.99,0.0,119.94,10.99,65.94,54.0
2026-02-21,APAC,Online,Home & Kitchen,Air Fryer,7,89.99,0.0,629.93,62.99,440.93,189.0
2026-02-21,EMEA,In-store,Apparel,Running Tee,6,24.99,0.25,112.45,11.25,67.5,44.95
2026-02-21,EMEA,Online,Apparel,Denim Jacket,3,69.99,0.0,209.97,34.99,104.97,105.0
2026-02-21,EMEA,Online,Electronics,USB-C Charger,7,19.99,0.25,104.95,10.99,76.93,28.02
2026-02-21,LATAM,In-store,Media & Entertainment,Blu-ray Box Set,2,39.99,0.0,79.98,29.99,59.98,20.0
2026-02-21,North America,In-store,Beauty & Wellness,Collagen Powder,12,34.99,0.0,419.88,14.0,168.0,251.88
2026-02-21,North America,In-store,Media & Entertainment,Vinyl Record,4,27.99,0.1,100.76,16.79,67.16,33.6
2026-02-21,North America,Online,Apparel,Running Tee,7,24.99,0.0,174.93,11.25,78.75,96.18
2026-02-21,North America,Online,Beauty & Wellness,Collagen Powder,9,34.99,0.0,314.91,14.0,126.0,188.91
2026-02-21,UK & Ireland,In-store,Apparel,Running Tee,8,24.99,0.15,169.93,11.25,90.0,79.93
2026-02-21,UK & Ireland,In-store,Apparel,Wool Socks 3-pack,4,14.99,0.15,50.97,6.0,24.0,26.97
2026-02-21,UK & Ireland,In-store,Home & Kitchen,Cookware Set,4,129.99,0.25,389.97,84.49,337.96,52.01
2026-02-21,UK & Ireland,Online,Beauty & Wellness,Collagen Powder,7,34.99,0.0,244.93,14.0,98.0,146.93
2026-02-21,UK & Ireland,Online,Beauty & Wellness,Vitamin C Serum,6,29.99,0.1,161.95,10.5,63.0,98.95
2026-02-21,UK & Ireland,Online,Electronics,Wireless Earbuds,3,79.99,0.25,179.98,51.99,155.97,24.01
2026-02-21,UK & Ireland,Online,Home & Kitchen,Air Fryer,6,89.99,0.0,539.94,62.99,377.94,162.0
2026-02-21,UK & Ireland,Online,Home & Kitchen,Cookware Set,1,129.99,0.0,129.99,84.49,84.49,45.5
2026-02-22,APAC,In-store,Apparel,Denim Jacket,2,69.99,0.0,139.98,34.99,69.98,70.0
2026-02-22,APAC,In-store,Apparel,Wool Socks 3-pack,8,14.99,0.2,95.94,6.0,48.0,47.94
2026-02-22,APAC,In-store,Electronics,USB-C Charger,8,19.99,0.15,135.93,10.99,87.92,48.01
2026-02-22,APAC,Online,Beauty & Wellness,Vitamin C Serum,8,29.99,0.0,239.92,10.5,84.0,155.92
2026-02-22,APAC,Online,Home & Kitchen,Cookware Set,1,129.99,0.0,129.99,84.49,84.49,45.5
2026-02-22,EMEA,In-store,Media & Entertainment,Vinyl Record,2,27.99,0.2,44.78,16.79,33.58,11.2
2026-02-22,EMEA,Online,Apparel,Denim Jacket,5,69.99,0.0,349.95,34.99,174.95,175.0
2026-02-22,LATAM,Online,Beauty & Wellness,Electric Toothbrush,3,59.99,0.0,179.97,32.99,98.97,81.0
2026-02-22,North America,In-store,Apparel,Denim Jacket,5,69.99,0.0,349.95,34.99,174.95,175.0
2026-02-22,UK & Ireland,In-store,Apparel,Wool Socks 3-pack,7,14.99,0.15,89.19,6.0,42.0,47.19
2026-02-22,UK & Ireland,In-store,Electronics,USB-C Charger,4,19.99,0.0,79.96,10.99,43.96,36.0
2026-02-22,UK & Ireland,Online,Home & Kitchen,Air Fryer,3,89.99,0.0,269.97,62.99,188.97,81.0
2026-02-23,APAC,In-store,Electronics,Wireless Earbuds,3,79.99,0.0,239.97,51.99,155.97,84.0
2026-02-23,EMEA,In-store,Apparel,Running Tee,6,24.99,0.0,149.94,11.25,67.5,82.44
2026-02-23,EMEA,Online,Media & Entertainment,Board Game,2,34.99,0.15,59.48,19.24,38.48,21.0
2026-02-23,LATAM,Online,Apparel,Running Tee,2,24.99,0.0,49.98,11.25,22.5,27.48
2026-02-23,LATAM,Online,Apparel,Wool Socks 3-pack,2,14.99,0.0,29.98,6.0,12.0,17.98
2026-02-23,LATAM,Online,Beauty & Wellness,Vitamin C Serum,2,29.99,0.0,59.98,10.5,21.0,38.98
2026-02-23,North America,In-store,Media & Entertainment,Blu-ray Box Set,1,39.99,0.0,39.99,29.99,29.99,10.0
2026-02-23,North America,Online,Apparel,Running Tee,10,24.99,0.0,249.9,11.25,112.5,137.4
2026-02-23,North America,Online,Electronics,Wireless Earbuds,7,79.99,0.25,419.95,51.99,363.93,56.02
2026-02-23,UK & Ireland,Online,Beauty & Wellness,Electric Toothbrush,3,59.99,0.0,179.97,32.99,98.97,81.0
2026-02-23,UK & Ireland,Online,Electronics,Smart Speaker,6,49.99,0.0,299.94,34.99,209.94,90.0
2026-02-23,UK & Ireland,Online,Home & Kitchen,Cookware Set,2,129.99,0.0,259.98,84.49,168.98,91.0
2026-02-24,APAC,In-store,Apparel,Wool Socks 3-pack,4,14.99,0.1,53.96,6.0,24.0,29.96
2026-02-24,APAC,In-store,Beauty & Wellness,Collagen Powder,2,34.99,0.0,69.98,14.0,28.0,41.98
2026-02-24,APAC,Online,Apparel,Wool Socks 3-pack,6,14.99,0.25,67.45,6.0,36.0,31.45
2026-02-24,APAC,Online,Beauty & Wellness,Collagen Powder,2,34.99,0.0,69.98,14.0,28.0,41.98
2026-02-24,EMEA,In-store,Beauty & Wellness,Vitamin C Serum,10,29.99,0.2,239.92,10.5,105.0,134.92
2026-02-24,LATAM,In-store,Media & Entertainment,Blu-ray Box Set,1,39.99,0.0,39.99,29.99,29.99,10.0
2026-02-24,LATAM,In-store,Media & Entertainment,Vinyl Record,1,27.99,0.0,27.99,16.79,16.79,11.2
2026-02-24,LATAM,Online,Beauty & Wellness,Vitamin C Serum,4,29.99,0.0,119.96,10.5,42.0,77.96
2026-02-24,LATAM,Online,Electronics,Smart Speaker,2,49.99,0.2,79.98,34.99,69.98,10.0
2026-02-24,North America,In-store,Apparel,Wool Socks 3-pack,1,14.99,0.0,14.99,6.0,6.0,8.99
2026-02-24,North America,In-store,Beauty & Wellness,Collagen Powder,4,34.99,0.0,139.96,14.0,56.0,83.96
2026-02-24,North America,In-store,Electronics,Wireless Earbuds,9,79.99,0.15,611.92,51.99,467.91,144.01
2026-02-24,UK & Ireland,Online,Beauty & Wellness,Electric Toothbrush,7,59.99,0.0,419.93,32.99,230.93,189.0
2026-02-24,UK & Ireland,Online,Electronics,Wireless Earbuds,5,79.99,0.0,399.95,51.99,259.95,140.0
2026-02-24,UK & Ireland,Online,Media & Entertainment,Blu-ray Box Set,1,39.99,0.0,39.99,29.99,29.99,10.0
2026-02-25,APAC,Online,Apparel,Denim Jacket,3,69.99,0.0,209.97,34.99,104.97,105.0
2026-02-25,APAC,Online,Apparel,Wool Socks 3-pack,6,14.99,0.0,89.94,6.0,36.0,53.94
2026-02-25,APAC,Online,Media & Entertainment,Board Game,2,34.99,0.25,52.48,19.24,38.48,14.0
2026-02-25,EMEA,In-store,Electronics,Wireless Earbuds,3,79.99,0.0,239.97,51.99,155.97,84.0
2026-02-25,EMEA,Online,Beauty & Wellness,Electric Toothbrush,7,59.99,0.1,377.94,32.99,230.93,147.01
2026-02-25,LATAM,Online,Electronics,Smart Speaker,2,49.99,0.0,99.98,34.99,69.98,30.0
2026-02-25,North America,In-store,Home & Kitchen,Cookware Set,1,129.99,0.15,110.49,84.49,84.49,26.0
2026-02-25,North America,Online,Beauty & Wellness,Vitamin C Serum,8,29.99,0.1,215.93,10.5,84.0,131.93
2026-02-25,UK & Ireland,Online,Beauty & Wellness,Vitamin C Serum,4,29.99,0.0,119.96,10.5,42.0,77.96
2026-02-26,APAC,In-store,Electronics,Wireless Earbuds,7,79.99,0.0,559.93,51.99,363.93,196.0
2026-02-26,APAC,Online,Electronics,Wireless Earbuds,11,79.99,0.15,747.91,51.99,571.89,176.02
2026-02-26,APAC,Online,Home & Kitchen,Cookware Set,4,129.99,0.2,415.97,84.49,337.96,78.01
2026-02-26,EMEA,Online,Beauty & Wellness,Electric Toothbrush,9,59.99,0.0,539.91,32.99,296.91,243.0
2026-02-26,LATAM,In-store,Home & Kitchen,Coffee Grinder,2,39.99,0.1,71.98,23.99,47.98,24.0
2026-02-26,LATAM,Online,Beauty & Wellness,Vitamin C Serum,5,29.99,0.1,134.95,10.5,52.5,82.45
2026-02-26,LATAM,Online,Home & Kitchen,Coffee Grinder,4,39.99,0.0,159.96,23.99,95.96,64.0
2026-02-26,North America,In-store,Apparel,Denim Jacket,2,69.99,0.0,139.98,34.99,69.98,70.0
2026-02-26,North America,In-store,Electronics,Smart Speaker,5,49.99,0.15,212.46,34.99,174.95,37.51
2026-02-26,North America,Online,Beauty & Wellness,Collagen Powder,6,34.99,0.1,188.95,14.0,84.0,104.95
2026-02-26,UK & Ireland,In-store,Apparel,Wool Socks 3-pack,4,14.99,0.0,59.96,6.0,24.0,35.96
2026-02-26,UK & Ireland,Online,Apparel,Denim Jacket,2,69.99,0.2,111.98,34.99,69.98,42.0
2026-02-27,APAC,Online,Beauty & Wellness,Vitamin C Serum,4,29.99,0.0,119.96,10.5,42.0,77.96
2026-02-27,APAC,Online,Home & Kitchen,Air Fryer,6,89.99,0.15,458.95,62.99,377.94,81.01
2026-02-27,APAC,Online,Home & Kitchen,Coffee Grinder,2,39.99,0.0,79.98,23.99,47.98,32.0
2026-02-27,APAC,Online,Media & Entertainment,Board Game,1,34.99,0.25,26.24,19.24,19.24,7.0
2026-02-27,EMEA,In-store,Media & Entertainment,Blu-ray Box Set,4,39.99,0.15,135.97,29.99,119.96,16.01
2026-02-27,EMEA,Online,Electronics,Smart Speaker,5,49.99,0.0,249.95,34.99,174.95,75.0
2026-02-27,EMEA,Online,Electronics,USB-C Charger,15,19.99,0.0,299.85,10.99,164.85,135.0
2026-02-27,North America,In-store,Electronics,Wireless Earbuds,6,79.99,0.2,383.95,51.99,311.94,72.01
2026-02-27,North America,In-store,Media & Entertainment,Vinyl Record,2,27.99,0.0,55.98,16.79,33.58,22.4
2026-02-27,North America,Online,Media & Entertainment,Board Game,4,34.99,0.25,104.97,19.24,76.96,28.01
2026-02-27,UK & Ireland,In-store,Home & Kitchen,Coffee Grinder,2,39.99,0.0,79.98,23.99,47.98,32.0
2026-02-27,UK & Ireland,Online,Beauty & Wellness,Collagen Powder,3,34.99,0.2,83.98,14.0,42.0,41.98
2026-02-28,APAC,Online,Beauty & Wellness,Electric Toothbrush,6,59.99,0.0,359.94,32.99,197.94,162.0
2026-02-28,APAC,Online,Electronics,USB-C Charger,11,19.99,0.0,219.89,10.99,120.89,99.0
2026-02-28,APAC,Online,Electronics,Wireless Earbuds,1,79.99,0.2,63.99,51.99,51.99,12.0
2026-02-28,APAC,Online,Media & Entertainment,Vinyl Record,1,27.99,0.0,27.99,16.79,16.79,11.2
2026-02-28,EMEA,In-store,Apparel,Wool Socks 3-pack,2,14.99,0.0,29.98,6.0,12.0,17.98
2026-02-28,EMEA,In-store,Electronics,Smart Speaker,7,49.99,0.0,349.93,34.99,244.93,105.0
2026-02-28,EMEA,In-store,Electronics,Wireless Earbuds,15,79.99,0.1,1079.87,51.99,779.85,300.02
2026-02-28,EMEA,Online,Beauty & Wellness,Electric Toothbrush,4,59.99,0.0,239.96,32.99,131.96,108.0
2026-02-28,LATAM,In-store,Apparel,Running Tee,2,24.99,0.0,49.98,11.25,22.5,27.48
2026-02-28,North America,Online,Beauty & Wellness,Vitamin C Serum,6,29.99,0.1,161.95,10.5,63.0,98.95
2026-02-28,UK & Ireland,In-store,Electronics,Smart Speaker,3,49.99,0.1,134.97,34.99,104.97,30.0
2026-02-28,UK & Ireland,In-store,Electronics,USB-C Charger,9,19.99,0.0,179.91,10.99,98.91,81.0
2026-02-28,UK & Ireland,In-store,Media & Entertainment,Blu-ray Box Set,4,39.99,0.0,159.96,29.99,119.96,40.0
2026-03-01,APAC,In-store,Apparel,Wool Socks 3-pack,8,14.99,0.0,119.92,6.0,48.0,71.92
2026-03-01,LATAM,In-store,Beauty & Wellness,Electric Toothbrush,5,59.99,0.2,239.96,32.99,164.95,75.01
2026-03-01,LATAM,Online,Home & Kitchen,Air Fryer,7,89.99,0.0,629.93,62.99,440.93,189.0
2026-03-01,North America,In-store,Apparel,Denim Jacket,4,69.99,0.2,223.97,34.99,139.96,84.01
2026-03-01,North America,In-store,Media & Entertainment,Vinyl Record,7,27.99,0.0,195.93,16.79,117.53,78.4
2026-03-01,North America,Online,Home & Kitchen,Coffee Grinder,5,39.99,0.0,199.95,23.99,119.95,80.0
2026-03-01,North America,Online,Media & Entertainment,Vinyl Record,5,27.99,0.0,139.95,16.79,83.95,56.0
2026-03-01,UK & Ireland,In-store,Electronics,USB-C Charger,7,19.99,0.15,118.94,10.99,76.93,42.01
2026-03-02,APAC,In-store,Media & Entertainment,Vinyl Record,2,27.99,0.25,41.98,16.79,33.58,8.4
2026-03-02,APAC,Online,Electronics,Wireless Earbuds,8,79.99,0.0,639.92,51.99,415.92,224.0
2026-03-02,APAC,Online,Media & Entertainment,Vinyl Record,1,27.99,0.15,23.79,16.79,16.79,7.0
2026-03-02,EMEA,In-store,Media & Entertainment,Board Game,1,34.99,0.2,27.99,19.24,19.24,8.75
2026-03-02,EMEA,Online,Media & Entertainment,Board Game,3,34.99,0.0,104.97,19.24,57.72,47.25
2026-03-02,LATAM,Online,Electronics,USB-C Charger,5,19.99,0.0,99.95,10.99,54.95,45.0
2026-03-02,LATAM,Online,Media & Entertainment,Vinyl Record,2,27.99,0.25,41.98,16.79,33.58,8.4
2026-03-02,North America,Online,Media & Entertainment,Board Game,1,34.99,0.0,34.99,19.24,19.24,15.75
2026-03-02,UK & Ireland,Online,Media & Entertainment,Vinyl Record,1,27.99,0.1,25.19,16.79,16.79,8.4
2026-03-03,APAC,Online,Apparel,Running Tee,4,24.99,0.2,79.97,11.25,45.0,34.97
2026-03-03,EMEA,In-store,Home & Kitchen,Air Fryer,4,89.99,0.0,359.96,62.99,251.96,108.0
2026-03-03,EMEA,Online,Media & Entertainment,Board Game,6,34.99,0.1,188.95,19.24,115.44,73.51
2026-03-03,LATAM,In-store,Media & Entertainment,Board Game,1,34.99,0.0,34.99,19.24,19.24,15.75
2026-03-03,LATAM,In-store,Media & Entertainment,Vinyl Record,1,27.99,0.0,27.99,16.79,16.79,11.2
2026-03-03,LATAM,Online,Apparel,Denim Jacket,2,69.99,0.25,104.98,34.99,69.98,35.0
2026-03-03,LATAM,Online,Home & Kitchen,Air Fryer,4,89.99,0.0,359.96,62.99,251.96,108.0
2026-03-03,North America,In-store,Media & Entertainment,Blu-ray Box Set,2,39.99,0.25,59.98,29.99,59.98,0.0
2026-03-03,North America,Online,Media & Entertainment,Blu-ray Box Set,3,39.99,0.0,119.97,29.99,89.97,30.0
2026-03-03,UK & Ireland,In-store,Media & Entertainment,Vinyl Record,2,27.99,0.0,55.98,16.79,33.58,22.4
2026-03-03,UK & Ireland,Online,Apparel,Denim Jacket,3,69.99,0.0,209.97,34.99,104.97,105.0
2026-03-03,UK & Ireland,Online,Electronics,Wireless Earbuds,12,79.99,0.0,959.88,51.99,623.88,336.0
2026-03-04,APAC,Online,Electronics,Smart Speaker,4,49.99,0.1,179.96,34.99,139.96,40.0
2026-03-04,EMEA,In-store,Home & Kitchen,Air Fryer,7,89.99,0.1,566.94,62.99,440.93,126.01
2026-03-04,EMEA,In-store,Home & Kitchen,Coffee Grinder,3,39.99,0.0,119.97,23.99,71.97,48.0
2026-03-04,EMEA,Online,Beauty & Wellness,Vitamin C Serum,2,29.99,0.1,53.98,10.5,21.0,32.98
2026-03-04,LATAM,In-store,Home & Kitchen,Air Fryer,4,89.99,0.0,359.96,62.99,251.96,108.0
2026-03-04,North America,In-store,Electronics,USB-C Charger,8,19.99,0.0,159.92,10.99,87.92,72.0
2026-03-04,North America,Online,Apparel,Wool Socks 3-pack,9,14.99,0.0,134.91,6.0,54.0,80.91
2026-03-04,North America,Online,Home & Kitchen,Coffee Grinder,1,39.99,0.25,29.99,23.99,23.99,6.0
2026-03-04,UK & Ireland,In-store,Beauty & Wellness,Electric Toothbrush,3,59.99,0.0,179.97,32.99,98.97,81.0
2026-03-04,UK & Ireland,Online,Apparel,Wool Socks 3-pack,7,14.99,0.2,83.94,6.0,42.0,41.94
2026-03-04,UK & Ireland,Online,Electronics,Wireless Earbuds,8,79.99,0.0,639.92,51.99,415.92,224.0
2026-03-04,UK & Ireland,Online,Media & Entertainment,Blu-ray Box Set,2,39.99,0.0,79.98,29.99,59.98,20.0
2026-03-05,APAC,In-store,Apparel,Wool Socks 3-pack,1,14.99,0.0,14.99,6.0,6.0,8.99
2026-03-05,APAC,In-store,Beauty & Wellness,Vitamin C Serum,5,29.99,0.0,149.95,10.5,52.5,97.45
2026-03-05,APAC,In-store,Electronics,Smart Speaker,6,49.99,0.0,299.94,34.99,209.94,90.0
2026-03-05,APAC,In-store,Home & Kitchen,Cookware Set,1,129.99,0.0,129.99,84.49,84.49,45.5
2026-03-05,APAC,Online,Electronics,USB-C Charger,7,19.99,0.0,139.93,10.99,76.93,63.0
2026-03-05,APAC,Online,Media & Entertainment,Blu-ray Box Set,4,39.99,0.15,135.97,29.99,119.96,16.01
2026-03-05,EMEA,In-store,Beauty & Wellness,Vitamin C Serum,8,29.99,0.0,239.92,10.5,84.0,155.92
2026-03-05,LATAM,In-store,Apparel,Denim Jacket,1,69.99,0.0,69.99,34.99,34.99,35.0
2026-03-05,LATAM,In-store,Home & Kitchen,Cookware Set,4,129.99,0.0,519.96,84.49,337.96,182.0
2026-03-05,LATAM,Online,Electronics,USB-C Charger,4,19.99,0.0,79.96,10.99,43.96,36.0
2026-03-05,North America,Online,Apparel,Running Tee,6,24.99,0.0,149.94,11.25,67.5,82.44
2026-03-05,UK & Ireland,In-store,Apparel,Running Tee,10,24.99,0.0,249.9,11.25,112.5,137.4
2026-03-05,UK & Ireland,Online,Beauty & Wellness,Vitamin C Serum,8,29.99,0.0,239.92,10.5,84.0,155.92
2026-03-06,APAC,In-store,Electronics,USB-C Charger,9,19.99,0.0,179.91,10.99,98.91,81.0
2026-03-06,APAC,Online,Apparel,Running Tee,6,24.99,0.0,149.94,11.25,67.5,82.44
2026-03-06,EMEA,In-store,Beauty & Wellness,Collagen Powder,6,34.99,0.2,167.95,14.0,84.0,83.95
2026-03-06,EMEA,In-store,Home & Kitchen,Coffee Grinder,3,39.99,0.0,119.97,23.99,71.97,48.0
2026-03-06,EMEA,Online,Apparel,Wool Socks 3-pack,7,14.99,0.2,83.94,6.0,42.0,41.94
2026-03-06,EMEA,Online,Beauty & Wellness,Electric Toothbrush,6,59.99,0.0,359.94,32.99,197.94,162.0
2026-03-06,North America,In-store,Beauty & Wellness,Vitamin C Serum,13,29.99,0.0,389.87,10.5,136.5,253.37
2026-03-06,North America,In-store,Home & Kitchen,Air Fryer,1,89.99,0.2,71.99,62.99,62.99,9.0
2026-03-06,North America,Online,Beauty & Wellness,Collagen Powder,9,34.99,0.0,314.91,14.0,126.0,188.91
2026-03-06,North America,Online,Home & Kitchen,Air Fryer,5,89.99,0.0,449.95,62.99,314.95,135.0
2026-03-06,UK & Ireland,In-store,Home & Kitchen,Coffee Grinder,5,39.99,0.2,159.96,23.99,119.95,40.01
2026-03-06,UK & Ireland,In-store,Home & Kitchen,Cookware Set,2,129.99,0.0,259.98,84.49,168.98,91.0
2026-03-06,UK & Ireland,Online,Media & Entertainment,Board Game,6,34.99,0.1,188.95,19.24,115.44,73.51
2026-03-07,APAC,In-store,Media & Entertainment,Blu-ray Box Set,5,39.99,0.0,199.95,29.99,149.95,50.0
2026-03-07,EMEA,In-store,Media & Entertainment,Board Game,2,34.99,0.0,69.98,19.24,38.48,31.5
2026-03-07,EMEA,In-store,Media & Entertainment,Vinyl Record,5,27.99,0.0,139.95,16.79,83.95,56.0
2026-03-07,EMEA,Online,Home & Kitchen,Cookware Set,3,129.99,0.0,389.97,84.49,253.47,136.5
2026-03-07,EMEA,Online,Media & Entertainment,Blu-ray Box Set,3,39.99,0.0,119.97,29.99,89.97,30.0
2026-03-07,LATAM,In-store,Home & Kitchen,Air Fryer,4,89.99,0.0,359.96,62.99,251.96,108.0
2026-03-07,LATAM,In-store,Media & Entertainment,Vinyl Record,2,27.99,0.0,55.98,16.79,33.58,22.4
2026-03-07,LATAM,Online,Home & Kitchen,Coffee Grinder,1,39.99,0.0,39.99,23.99,23.99,16.0
2026-03-07,North America,In-store,Electronics,USB-C Charger,12,19.99,0.0,239.88,10.99,131.88,108.0
2026-03-07,North America,In-store,Home & Kitchen,Air Fryer,4,89.99,0.25,269.97,62.99,251.96,18.01
2026-03-07,North America,In-store,Home & Kitchen,Coffee Grinder,9,39.99,0.0,359.91,23.99,215.91,144.0
2026-03-07,North America,Online,Electronics,USB-C Charger,3,19.99,0.25,44.98,10.99,32.97,12.01
2026-03-07,UK & Ireland,Online,Apparel,Denim Jacket,3,69.99,0.0,209.97,34.99,104.97,105.0
2026-03-07,UK & Ireland,Online,Beauty & Wellness,Collagen Powder,9,34.99,0.0,314.91,14.0,126.0,188.91
2026-03-07,UK & Ireland,Online,Electronics,USB-C Charger,9,19.99,0.0,179.91,10.99,98.91,81.0
2026-03-07,UK & Ireland,Online,Home & Kitchen,Coffee Grinder,4,39.99,0.0,159.96,23.99,95.96,64.0
2026-03-08,APAC,In-store,Beauty & Wellness,Collagen Powder,13,34.99,0.0,454.87,14.0,182.0,272.87
2026-03-08,APAC,In-store,Media & Entertainment,Board Game,2,34.99,0.0,69.98,19.24,38.48,31.5
2026-03-08,EMEA,In-store,Electronics,Wireless Earbuds,10,79.99,0.2,639.92,51.99,519.9,120.02
2026-03-08,EMEA,Online,Beauty & Wellness,Collagen Powder,6,34.99,0.0,209.94,14.0,84.0,125.94
2026-03-08,EMEA,Online,Electronics,Smart Speaker,8,49.99,0.15,339.93,34.99,279.92,60.01
2026-03-08,EMEA,Online,Home & Kitchen,Cookware Set,5,129.99,0.0,649.95,84.49,422.45,227.5
2026-03-08,LATAM,In-store,Apparel,Denim Jacket,1,69.99,0.2,55.99,34.99,34.99,21.0
2026-03-08,LATAM,In-store,Beauty & Wellness,Vitamin C Serum,4,29.99,0.1,107.96,10.5,42.0,65.96
2026-03-08,LATAM,In-store,Media & Entertainment,Board Game,3,34.99,0.0,104.97,19.24,57.72,47.25
2026-03-08,LATAM,Online,Beauty & Wellness,Electric Toothbrush,2,59.99,0.25,89.98,32.99,65.98,24.0
2026-03-08,LATAM,Online,Electronics,USB-C Charger,4,19.99,0.0,79.96,10.99,43.96,36.0
2026-03-08,North America,In-store,Media & Entertainment,Blu-ray Box Set,5,39.99,0.0,199.95,29.99,149.95,50.0
2026-03-08,North America,Online,Apparel,Denim Jacket,5,69.99,0.0,349.95,34.99,174.95,175.0
2026-03-08,UK & Ireland,Online,Electronics,Smart Speaker,7,49.99,0.0,349.93,34.99,244.93,105.0
2026-03-09,APAC,In-store,Beauty & Wellness,Vitamin C Serum,2,29.99,0.2,47.98,10.5,21.0,26.98
2026-03-09,APAC,In-store,Electronics,Wireless Earbuds,9,79.99,0.0,719.91,51.99,467.91,252.0
2026-03-09,APAC,Online,Apparel,Wool Socks 3-pack,1,14.99,0.0,14.99,6.0,6.0,8.99
2026-03-09,EMEA,Online,Electronics,Wireless Earbuds,3,79.99,0.0,239.97,51.99,155.97,84.0
2026-03-09,EMEA,Online,Home & Kitchen,Coffee Grinder,4,39.99,0.0,159.96,23.99,95.96,64.0
2026-03-09,LATAM,Online,Beauty & Wellness,Electric Toothbrush,2,59.99,0.0,119.98,32.99,65.98,54.0
2026-03-09,North America,In-store,Apparel,Wool Socks 3-pack,5,14.99,0.0,74.95,6.0,30.0,44.95
2026-03-09,North America,In-store,Media & Entertainment,Blu-ray Box Set,4,39.99,0.0,159.96,29.99,119.96,40.0
2026-03-09,North America,Online,Electronics,Wireless Earbuds,8,79.99,0.1,575.93,51.99,415.92,160.01
2026-03-09,North America,Online,Home & Kitchen,Air Fryer,6,89.99,0.25,404.95,62.99,377.94,27.01
2026-03-09,UK & Ireland,Online,Electronics,Wireless Earbuds,6,79.99,0.0,479.94,51.99,311.94,168.0
2026-03-10,APAC,In-store,Home & Kitchen,Air Fryer,8,89.99,0.0,719.92,62.99,503.92,216.0
2026-03-10,APAC,In-store,Home & Kitchen,Coffee Grinder,5,39.99,0.0,199.95,23.99,119.95,80.0
2026-03-10,EMEA,In-store,Apparel,Wool Socks 3-pack,4,14.99,0.1,53.96,6.0,24.0,29.96
2026-03-10,EMEA,Online,Media & Entertainment,Board Game,2,34.99,0.0,69.98,19.24,38.48,31.5
2026-03-10,LATAM,In-store,Electronics,Smart Speaker,2,49.99,0.0,99.98,34.99,69.98,30.0
2026-03-10,North America,In-store,Apparel,Running Tee,5,24.99,0.0,124.95,11.25,56.25,68.7
2026-03-10,North America,In-store,Electronics,Wireless Earbuds,13,79.99,0.1,935.88,51.99,675.87,260.01
2026-03-10,North America,In-store,Home & Kitchen,Cookware Set,4,129.99,0.0,519.96,84.49,337.96,182.0
2026-03-10,UK & Ireland,In-store,Apparel,Wool Socks 3-pack,5,14.99,0.0,74.95,6.0,30.0,44.95
2026-03-10,UK & Ireland,In-store,Electronics,Smart Speaker,4,49.99,0.0,199.96,34.99,139.96,60.0
2026-03-11,APAC,In-store,Beauty & Wellness,Vitamin C Serum,6,29.99,0.1,161.95,10.5,63.0,98.95
2026-03-11,APAC,In-store,Home & Kitchen,Air Fryer,5,89.99,0.15,382.46,62.99,314.95,67.51
2026-03-11,APAC,In-store,Media & Entertainment,Vinyl Record,3,27.99,0.0,83.97,16.79,50.37,33.6
2026-03-11,EMEA,Online,Apparel,Wool Socks 3-pack,7,14.99,0.2,83.94,6.0,42.0,41.94
2026-03-11,EMEA,Online,Home & Kitchen,Cookware Set,2,129.99,0.0,259.98,84.49,168.98,91.0
2026-03-11,LATAM,In-store,Electronics,Smart Speaker,3,49.99,0.0,149.97,34.99,104.97,45.0
2026-03-11,North America,In-store,Beauty & Wellness,Electric Toothbrush,4,59.99,0.0,239.96,32.99,131.96,108.0
2026-03-11,North America,In-store,Beauty & Wellness,Vitamin C Serum,7,29.99,0.0,209.93,10.5,73.5,136.43
2026-03-11,North America,In-store,Electronics,Smart Speaker,7,49.99,0.0,349.93,34.99,244.93,105.0
2026-03-11,North America,Online,Apparel,Wool Socks 3-pack,5,14.99,0.0,74.95,6.0,30.0,44.95
2026-03-11,UK & Ireland,In-store,Apparel,Wool Socks 3-pack,5,14.99,0.0,74.95,6.0,30.0,44.95
2026-03-11,UK & Ireland,In-store,Home & Kitchen,Air Fryer,3,89.99,0.0,269.97,62.99,188.97,81.0
2026-03-12,APAC,In-store,Beauty & Wellness,Vitamin C Serum,12,29.99,0.1,323.89,10.5,126.0,197.89
2026-03-12,APAC,Online,Beauty & Wellness,Electric Toothbrush,5,59.99,0.25,224.96,32.99,164.95,60.01
2026-03-12,APAC,Online,Electronics,Wireless Earbuds,8,79.99,0.0,639.92,51.99,415.92,224.0
2026-03-12,EMEA,In-store,Beauty & Wellness,Vitamin C Serum,10,29.99,0.1,269.91,10.5,105.0,164.91
2026-03-12,EMEA,In-store,Media & Entertainment,Blu-ray Box Set,4,39.99,0.0,159.96,29.99,119.96,40.0
2026-03-12,EMEA,Online,Home & Kitchen,Air Fryer,4,89.99,0.2,287.97,62.99,251.96,36.01
2026-03-12,LATAM,In-store,Apparel,Denim Jacket,3,69.99,0.0,209.97,34.99,104.97,105.0
2026-03-12,LATAM,In-store,Apparel,Running Tee,6,24.99,0.0,149.94,11.25,67.5,82.44
2026-03-12,LATAM,In-store,Beauty & Wellness,Vitamin C Serum,6,29.99,0.1,161.95,10.5,63.0,98.95
2026-03-12,LATAM,In-store,Electronics,Wireless Earbuds,6,79.99,0.1,431.95,51.99,311.94,120.01
2026-03-12,LATAM,Online,Apparel,Running Tee,4,24.99,0.0,99.96,11.25,45.0,54.96
2026-03-12,LATAM,Online,Electronics,Wireless Earbuds,4,79.99,0.0,319.96,51.99,207.96,112.0
2026-03-12,North America,In-store,Apparel,Wool Socks 3-pack,5,14.99,0.0,74.95,6.0,30.0,44.95
2026-03-12,North America,In-store,Beauty & Wellness,Vitamin C Serum,10,29.99,0.0,299.9,10.5,105.0,194.9
2026-03-12,North America,In-store,Electronics,USB-C Charger,19,19.99,0.0,379.81,10.99,208.81,171.0
2026-03-12,North America,Online,Apparel,Running Tee,3,24.99,0.25,56.23,11.25,33.75,22.48
2026-03-12,North America,Online,Media & Entertainment,Board Game,4,34.99,0.0,139.96,19.24,76.96,63.0
2026-03-12,UK & Ireland,In-store,Home & Kitchen,Coffee Grinder,3,39.99,0.0,119.97,23.99,71.97,48.0
2026-03-13,APAC,In-store,Beauty & Wellness,Electric Toothbrush,5,59.99,0.1,269.95,32.99,164.95,105.0
2026-03-13,APAC,Online,Electronics,USB-C Charger,12,19.99,0.0,239.88,10.99,131.88,108.0
2026-03-13,EMEA,In-store,Home & Kitchen,Air Fryer,3,89.99,0.0,269.97,62.99,188.97,81.0
2026-03-13,EMEA,In-store,Home & Kitchen,Coffee Grinder,2,39.99,0.0,79.98,23.99,47.98,32.0
2026-03-13,EMEA,In-store,Media & Entertainment,Vinyl Record,2,27.99,0.0,55.98,16.79,33.58,22.4
2026-03-13,EMEA,Online,Electronics,Smart Speaker,12,49.99,0.25,449.91,34.99,419.88,30.03
2026-03-13,LATAM,In-store,Apparel,Denim Jacket,2,69.99,0.0,139.98,34.99,69.98,70.0
2026-03-13,LATAM,In-store,Apparel,Running Tee,1,24.99,0.2,19.99,11.25,11.25,8.74
2026-03-13,LATAM,In-store,Electronics,Smart Speaker,4,49.99,0.15,169.97,34.99,139.96,30.01
2026-03-13,LATAM,Online,Electronics,Wireless Earbuds,5,79.99,0.0,399.95,51.99,259.95,140.0
2026-03-13,North America,Online,Apparel,Running Tee,11,24.99,0.0,274.89,11.25,123.75,151.14
2026-03-13,UK & Ireland,In-store,Home & Kitchen,Cookware Set,4,129.99,0.0,519.96,84.49,337.96,182.0
2026-03-14,APAC,In-store,Electronics,Wireless Earbuds,9,79.99,0.0,719.91,51.99,467.91,252.0
2026-03-14,APAC,Online,Apparel,Running Tee,6,24.99,0.15,127.45,11.25,67.5,59.95
2026-03-14,EMEA,In-store,Beauty & Wellness,Vitamin C Serum,12,29.99,0.0,359.88,10.5,126.0,233.88
2026-03-14,EMEA,Online,Electronics,USB-C Charger,15,19.99,0.0,299.85,10.99,164.85,135.0
2026-03-14,EMEA,Online,Home & Kitchen,Coffee Grinder,1,39.99,0.25,29.99,23.99,23.99,6.0
2026-03-14,LATAM,Online,Apparel,Running Tee,3,24.99,0.2,59.98,11.25,33.75,26.23
2026-03-14,LATAM,Online,Electronics,Smart Speaker,8,49.99,0.0,399.92,34.99,279.92,120.0
2026-03-14,LATAM,Online,Home & Kitchen,Coffee Grinder,2,39.99,0.0,79.98,23.99,47.98,32.0
2026-03-14,LATAM,Online,Media & Entertainment,Board Game,3,34.99,0.0,104.97,19.24,57.72,47.25
2026-03-14,LATAM,Online,Media & Entertainment,Vinyl Record,2,27.99,0.2,44.78,16.79,33.58,11.2
2026-03-14,North America,In-store,Beauty & Wellness,Vitamin C Serum,10,29.99,0.0,299.9,10.5,105.0,194.9
2026-03-14,North America,In-store,Electronics,Wireless Earbuds,21,79.99,0.0,1679.79,51.99,1091.79,588.0
2026-03-14,North America,Online,Beauty & Wellness,Vitamin C Serum,7,29.99,0.25,157.45,10.5,73.5,83.95
2026-03-14,North America,Online,Media & Entertainment,Board Game,3,34.99,0.15,89.22,19.24,57.72,31.5
2026-03-14,UK & Ireland,Online,Apparel,Wool Socks 3-pack,5,14.99,0.15,63.71,6.0,30.0,33.71
2026-03-15,APAC,In-store,Home & Kitchen,Air Fryer,6,89.99,0.25,404.95,62.99,377.94,27.01
2026-03-15,APAC,In-store,Media & Entertainment,Vinyl Record,3,27.99,0.0,83.97,16.79,50.37,33.6
2026-03-15,APAC,Online,Home & Kitchen,Cookware Set,2,129.99,0.1,233.98,84.49,168.98,65.0
2026-03-15,APAC,Online,Media & Entertainment,Vinyl Record,2,27.99,0.0,55.98,16.79,33.58,22.4
2026-03-15,LATAM,Online,Electronics,USB-C Charger,6,19.99,0.15,101.95,10.99,65.94,36.01
2026-03-15,LATAM,Online,Media & Entertainment,Vinyl Record,3,27.99,0.25,62.98,16.79,50.37,12.61
2026-03-15,UK & Ireland,In-store,Media & Entertainment,Blu-ray Box Set,3,39.99,0.0,119.97,29.99,89.97,30.0
2026-03-15,UK & Ireland,In-store,Media & Entertainment,Board Game,2,34.99,0.0,69.98,19.24,38.48,31.5
2026-03-15,UK & Ireland,Online,Beauty & Wellness,Vitamin C Serum,6,29.99,0.0,179.94,10.5,63.0,116.94
2026-03-16,LATAM,In-store,Electronics,Smart Speaker,3,49.99,0.1,134.97,34.99,104.97,30.0
2026-03-16,UK & Ireland,Online,Home & Kitchen,Coffee Grinder,4,39.99,0.0,159.96,23.99,95.96,64.0
2026-03-17,APAC,Online,Apparel,Running Tee,11,24.99,0.2,219.91,11.25,123.75,96.16
2026-03-17,APAC,Online,Media & Entertainment,Board Game,4,34.99,0.2,111.97,19.24,76.96,35.01
2026-03-17,APAC,Online,Media & Entertainment,Vinyl Record,2,27.99,0.0,55.98,16.79,33.58,22.4
2026-03-17,EMEA,In-store,Beauty & Wellness,Collagen Powder,6,34.99,0.0,209.94,14.0,84.0,125.94
2026-03-17,EMEA,Online,Electronics,Smart Speaker,5,49.99,0.0,249.95,34.99,174.95,75.0
2026-03-17,LATAM,Online,Apparel,Wool Socks 3-pack,1,14.99,0.0,14.99,6.0,6.0,8.99
2026-03-17,LATAM,Online,Electronics,USB-C Charger,3,19.99,0.0,59.97,10.99,32.97,27.0
2026-03-17,LATAM,Online,Electronics,Wireless Earbuds,1,79.99,0.0,79.99,51.99,51.99,28.0
2026-03-17,North America,Online,Home & Kitchen,Coffee Grinder,5,39.99,0.2,159.96,23.99,119.95,40.01
2026-03-17,UK & Ireland,Online,Apparel,Running Tee,3,24.99,0.15,63.72,11.25,33.75,29.97
2026-03-18,APAC,Online,Electronics,Smart Speaker,2,49.99,0.15,84.98,34.99,69.98,15.0
2026-03-18,APAC,Online,Home & Kitchen,Cookware Set,3,129.99,0.0,389.97,84.49,253.47,136.5
2026-03-18,EMEA,In-store,Beauty & Wellness,Vitamin C Serum,4,29.99,0.2,95.97,10.5,42.0,53.97
2026-03-18,EMEA,Online,Beauty & Wellness,Collagen Powder,7,34.99,0.0,244.93,14.0,98.0,146.93
2026-03-18,EMEA,Online,Beauty & Wellness,Electric Toothbrush,5,59.99,0.1,269.95,32.99,164.95,105.0
2026-03-18,LATAM,In-store,Apparel,Denim Jacket,1,69.99,0.0,69.99,34.99,34.99,35.0
2026-03-18,LATAM,In-store,Media & Entertainment,Vinyl Record,2,27.99,0.0,55.98,16.79,33.58,22.4
2026-03-18,LATAM,Online,Apparel,Running Tee,5,24.99,0.0,124.95,11.25,56.25,68.7
2026-03-18,LATAM,Online,Media & Entertainment,Blu-ray Box Set,1,39.99,0.0,39.99,29.99,29.99,10.0
2026-03-18,North America,In-store,Media & Entertainment,Vinyl Record,3,27.99,0.0,83.97,16.79,50.37,33.6
2026-03-18,North America,Online,Apparel,Wool Socks 3-pack,6,14.99,0.2,71.95,6.0,36.0,35.95
2026-03-18,North America,Online,Beauty & Wellness,Vitamin C Serum,7,29.99,0.2,167.94,10.5,73.5,94.44
2026-03-18,North America,Online,Media & Entertainment,Blu-ray Box Set,3,39.99,0.0,119.97,29.99,89.97,30.0
2026-03-18,UK & Ireland,In-store,Home & Kitchen,Air Fryer,3,89.99,0.0,269.97,62.99,188.97,81.0
2026-03-19,APAC,Online,Beauty & Wellness,Collagen Powder,5,34.99,0.0,174.95,14.0,70.0,104.95
2026-03-19,APAC,Online,Home & Kitchen,Air Fryer,6,89.99,0.2,431.95,62.99,377.94,54.01
2026-03-19,EMEA,In-store,Beauty & Wellness,Vitamin C Serum,6,29.99,0.2,143.95,10.5,63.0,80.95
2026-03-19,EMEA,Online,Electronics,USB-C Charger,6,19.99,0.0,119.94,10.99,65.94,54.0
2026-03-19,LATAM,In-store,Media & Entertainment,Blu-ray Box Set,2,39.99,0.0,79.98,29.99,59.98,20.0
2026-03-19,LATAM,Online,Home & Kitchen,Coffee Grinder,2,39.99,0.15,67.98,23.99,47.98,20.0
2026-03-19,LATAM,Online,Media & Entertainment,Blu-ray Box Set,2,39.99,0.0,79.98,29.99,59.98,20.0
2026-03-19,North America,In-store,Apparel,Denim Jacket,7,69.99,0.0,489.93,34.99,244.93,245.0
2026-03-19,North America,Online,Beauty & Wellness,Vitamin C Serum,23,29.99,0.0,689.77,10.5,241.5,448.27
2026-03-19,North America,Online,Electronics,Wireless Earbuds,11,79.99,0.1,791.9,51.99,571.89,220.01
2026-03-19,UK & Ireland,In-store,Beauty & Wellness,Electric Toothbrush,5,59.99,0.25,224.96,32.99,164.95,60.01
2026-03-20,APAC,Online,Electronics,Smart Speaker,12,49.99,0.0,599.88,34.99,419.88,180.0
2026-03-20,APAC,Online,Media & Entertainment,Blu-ray Box Set,1,39.99,0.0,39.99,29.99,29.99,10.0
2026-03-20,EMEA,In-store,Home & Kitchen,Cookware Set,2,129.99,0.2,207.98,84.49,168.98,39.0
2026-03-20,EMEA,In-store,Media & Entertainment,Blu-ray Box Set,3,39.99,0.0,119.97,29.99,89.97,30.0
2026-03-20,EMEA,In-store,Media & Entertainment,Vinyl Record,4,27.99,0.0,111.96,16.79,67.16,44.8
2026-03-20,EMEA,Online,Electronics,USB-C Charger,14,19.99,0.0,279.86,10.99,153.86,126.0
2026-03-20,EMEA,Online,Media & Entertainment,Blu-ray Box Set,4,39.99,0.0,159.96,29.99,119.96,40.0
2026-03-20,LATAM,Online,Beauty & Wellness,Vitamin C Serum,2,29.99,0.1,53.98,10.5,21.0,32.98
2026-03-20,North America,In-store,Electronics,Smart Speaker,3,49.99,0.15,127.47,34.99,104.97,22.5
2026-03-20,North America,In-store,Media & Entertainment,Board Game,3,34.99,0.2,83.98,19.24,57.72,26.26
2026-03-20,North America,In-store,Media & Entertainment,Vinyl Record,3,27.99,0.0,83.97,16.79,50.37,33.6
2026-03-20,UK & Ireland,Online,Apparel,Denim Jacket,6,69.99,0.0,419.94,34.99,209.94,210.0
2026-03-20,UK & Ireland,Online,Apparel,Wool Socks 3-pack,4,14.99,0.2,47.97,6.0,24.0,23.97
2026-03-20,UK & Ireland,Online,Home & Kitchen,Coffee Grinder,2,39.99,0.25,59.98,23.99,47.98,12.0
2026-03-20,UK & Ireland,Online,Home & Kitchen,Cookware Set,1,129.99,0.0,129.99,84.49,84.49,45.5
2026-03-21,APAC,In-store,Home & Kitchen,Air Fryer,10,89.99,0.25,674.92,62.99,629.9,45.02
2026-03-21,APAC,In-store,Home & Kitchen,Coffee Grinder,3,39.99,0.0,119.97,23.99,71.97,48.0
2026-03-21,EMEA,In-store,Electronics,Smart Speaker,8,49.99,0.25,299.94,34.99,279.92,20.02
2026-03-21,EMEA,In-store,Home & Kitchen,Air Fryer,3,89.99,0.0,269.97,62.99,188.97,81.0
2026-03-21,EMEA,Online,Home & Kitchen,Air Fryer,8,89.99,0.15,611.93,62.99,503.92,108.01
2026-03-21,LATAM,Online,Electronics,Wireless Earbuds,6,79.99,0.0,479.94,51.99,311.94,168.0
2026-03-21,LATAM,Online,Home & Kitchen,Coffee Grinder,4,39.99,0.1,143.96,23.99,95.96,48.0
2026-03-21,North America,In-store,Media & Entertainment,Blu-ray Box Set,5,39.99,0.15,169.96,29.99,149.95,20.01
2026-03-21,North America,Online,Electronics,Wireless Earbuds,12,79.99,0.0,959.88,51.99,623.88,336.0
2026-03-21,North America,Online,Home & Kitchen,Coffee Grinder,9,39.99,0.2,287.93,23.99,215.91,72.02
2026-03-21,UK & Ireland,In-store,Apparel,Wool Socks 3-pack,4,14.99,0.25,44.97,6.0,24.0,20.97
2026-03-21,UK & Ireland,In-store,Media & Entertainment,Vinyl Record,2,27.99,0.2,44.78,16.79,33.58,11.2
2026-03-21,UK & Ireland,Online,Electronics,Wireless Earbuds,9,79.99,0.25,539.93,51.99,467.91,72.02
2026-03-22,APAC,In-store,Electronics,USB-C Charger,9,19.99,0.0,179.91,10.99,98.91,81.0
2026-03-22,EMEA,In-store,Electronics,USB-C Charger,12,19.99,0.0,239.88,10.99,131.88,108.0
2026-03-22,EMEA,Online,Beauty & Wellness,Collagen Powder,6,34.99,0.0,209.94,14.0,84.0,125.94
2026-03-22,EMEA,Online,Electronics,USB-C Charger,13,19.99,0.0,259.87,10.99,142.87,117.0
2026-03-22,LATAM,In-store,Home & Kitchen,Air Fryer,4,89.99,0.15,305.97,62.99,251.96,54.01
2026-03-22,LATAM,In-store,Media & Entertainment,Board Game,2,34.99,0.0,69.98,19.24,38.48,31.5
2026-03-22,LATAM,Online,Home & Kitchen,Coffee Grinder,5,39.99,0.0,199.95,23.99,119.95,80.0
2026-03-22,North America,In-store,Home & Kitchen,Air Fryer,4,89.99,0.25,269.97,62.99,251.96,18.01
2026-03-22,North America,Online,Beauty & Wellness,Vitamin C Serum,6,29.99,0.15,152.95,10.5,63.0,89.95
2026-03-22,UK & Ireland,Online,Electronics,USB-C Charger,7,19.99,0.0,139.93,10.99,76.93,63.0
2026-03-23,EMEA,In-store,Apparel,Denim Jacket,3,69.99,0.25,157.48,34.99,104.97,52.51
2026-03-23,LATAM,Online,Apparel,Denim Jacket,5,69.99,0.1,314.95,34.99,174.95,140.0
2026-03-23,North America,In-store,Electronics,Smart Speaker,5,49.99,0.0,249.95,34.99,174.95,75.0
2026-03-23,North America,In-store,Media & Entertainment,Vinyl Record,1,27.99,0.0,27.99,16.79,16.79,11.2
2026-03-23,UK & Ireland,In-store,Electronics,Wireless Earbuds,2,79.99,0.0,159.98,51.99,103.98,56.0
2026-03-23,UK & Ireland,In-store,Media & Entertainment,Board Game,4,34.99,0.0,139.96,19.24,76.96,63.0
2026-03-23,UK & Ireland,Online,Electronics,Wireless Earbuds,5,79.99,0.0,399.95,51.99,259.95,140.0
2026-03-24,APAC,In-store,Beauty & Wellness,Collagen Powder,8,34.99,0.0,279.92,14.0,112.0,167.92
2026-03-24,APAC,Online,Electronics,Smart Speaker,8,49.99,0.25,299.94,34.99,279.92,20.02
2026-03-24,EMEA,In-store,Apparel,Wool Socks 3-pack,3,14.99,0.2,35.98,6.0,18.0,17.98
2026-03-24,EMEA,Online,Apparel,Denim Jacket,3,69.99,0.25,157.48,34.99,104.97,52.51
2026-03-24,EMEA,Online,Media & Entertainment,Vinyl Record,3,27.99,0.1,75.57,16.79,50.37,25.2
2026-03-24,LATAM,In-store,Media & Entertainment,Blu-ray Box Set,1,39.99,0.0,39.99,29.99,29.99,10.0
2026-03-24,LATAM,Online,Beauty & Wellness,Vitamin C Serum,2,29.99,0.2,47.98,10.5,21.0,26.98
2026-03-24,LATAM,Online,Home & Kitchen,Coffee Grinder,5,39.99,0.0,199.95,23.99,119.95,80.0
2026-03-24,North America,In-store,Apparel,Denim Jacket,2,69.99,0.0,139.98,34.99,69.98,70.0
2026-03-24,North America,In-store,Electronics,Wireless Earbuds,8,79.99,0.0,639.92,51.99,415.92,224.0
2026-03-24,North America,Online,Home & Kitchen,Cookware Set,1,129.99,0.0,129.99,84.49,84.49,45.5
2026-03-24,UK & Ireland,In-store,Apparel,Wool Socks 3-pack,5,14.99,0.0,74.95,6.0,30.0,44.95
2026-03-24,UK & Ireland,In-store,Electronics,USB-C Charger,9,19.99,0.0,179.91,10.99,98.91,81.0
2026-03-24,UK & Ireland,Online,Electronics,Smart Speaker,2,49.99,0.1,89.98,34.99,69.98,20.0
2026-03-24,UK & Ireland,Online,Home & Kitchen,Coffee Grinder,2,39.99,0.0,79.98,23.99,47.98,32.0
2026-03-25,APAC,In-store,Apparel,Wool Socks 3-pack,5,14.99,0.25,56.21,6.0,30.0,26.21
2026-03-25,APAC,In-store,Home & Kitchen,Coffee Grinder,2,39.99,0.0,79.98,23.99,47.98,32.0
2026-03-25,APAC,In-store,Home & Kitchen,Cookware Set,1,129.99,0.0,129.99,84.49,84.49,45.5
2026-03-25,APAC,Online,Apparel,Wool Socks 3-pack,8,14.99,0.15,101.93,6.0,48.0,53.93
2026-03-25,APAC,Online,Beauty & Wellness,Collagen Powder,6,34.99,0.15,178.45,14.0,84.0,94.45
2026-03-25,EMEA,In-store,Apparel,Wool Socks 3-pack,3,14.99,0.0,44.97,6.0,18.0,26.97
2026-03-25,LATAM,In-store,Home & Kitchen,Coffee Grinder,2,39.99,0.0,79.98,23.99,47.98,32.0
2026-03-25,LATAM,In-store,Home & Kitchen,Cookware Set,2,129.99,0.0,259.98,84.49,168.98,91.0
2026-03-25,LATAM,Online,Apparel,Running Tee,3,24.99,0.0,74.97,11.25,33.75,41.22
2026-03-25,LATAM,Online,Beauty & Wellness,Electric Toothbrush,1,59.99,0.0,59.99,32.99,32.99,27.0
2026-03-25,LATAM,Online,Media & Entertainment,Blu-ray Box Set,2,39.99,0.2,63.98,29.99,59.98,4.0
2026-03-25,North America,In-store,Beauty & Wellness,Collagen Powder,10,34.99,0.0,349.9,14.0,140.0,209.9
2026-03-25,North America,In-store,Beauty & Wellness,Vitamin C Serum,6,29.99,0.0,179.94,10.5,63.0,116.94
2026-03-25,North America,Online,Apparel,Running Tee,12,24.99,0.0,299.88,11.25,135.0,164.88
2026-03-25,North America,Online,Apparel,Wool Socks 3-pack,4,14.99,0.0,59.96,6.0,24.0,35.96
2026-03-25,North America,Online,Home & Kitchen,Air Fryer,5,89.99,0.0,449.95,62.99,314.95,135.0
2026-03-25,North America,Online,Media & Entertainment,Vinyl Record,1,27.99,0.0,27.99,16.79,16.79,11.2
2026-03-25,UK & Ireland,In-store,Beauty & Wellness,Collagen Powder,9,34.99,0.0,314.91,14.0,126.0,188.91
2026-03-25,UK & Ireland,In-store,Home & Kitchen,Air Fryer,5,89.99,0.0,449.95,62.99,314.95,135.0
2026-03-26,APAC,In-store,Beauty & Wellness,Electric Toothbrush,1,59.99,0.0,59.99,32.99,32.99,27.0
2026-03-26,EMEA,In-store,Beauty & Wellness,Collagen Powder,7,34.99,0.0,244.93,14.0,98.0,146.93
2026-03-26,EMEA,In-store,Electronics,Smart Speaker,5,49.99,0.0,249.95,34.99,174.95,75.0
2026-03-26,EMEA,In-store,Electronics,USB-C Charger,5,19.99,0.1,89.95,10.99,54.95,35.0
2026-03-26,EMEA,Online,Beauty & Wellness,Collagen Powder,5,34.99,0.0,174.95,14.0,70.0,104.95
2026-03-26,LATAM,Online,Apparel,Wool Socks 3-pack,5,14.99,0.15,63.71,6.0,30.0,33.71
2026-03-26,LATAM,Online,Home & Kitchen,Cookware Set,1,129.99,0.0,129.99,84.49,84.49,45.5
2026-03-26,North America,In-store,Electronics,USB-C Charger,10,19.99,0.0,199.9,10.99,109.9,90.0
2026-03-26,North America,In-store,Media & Entertainment,Blu-ray Box Set,2,39.99,0.1,71.98,29.99,59.98,12.0
2026-03-26,North America,Online,Apparel,Wool Socks 3-pack,7,14.99,0.1,94.44,6.0,42.0,52.44
2026-03-26,North America,Online,Electronics,USB-C Charger,14,19.99,0.0,279.86,10.99,153.86,126.0
2026-03-27,APAC,In-store,Apparel,Wool Socks 3-pack,8,14.99,0.1,107.93,6.0,48.0,59.93
2026-03-27,APAC,In-store,Home & Kitchen,Air Fryer,6,89.99,0.1,485.95,62.99,377.94,108.01
2026-03-27,APAC,In-store,Home & Kitchen,Cookware Set,2,129.99,0.0,259.98,84.49,168.98,91.0
2026-03-27,APAC,In-store,Media & Entertainment,Blu-ray Box Set,1,39.99,0.25,29.99,29.99,29.99,0.0
2026-03-27,APAC,Online,Home & Kitchen,Coffee Grinder,2,39.99,0.0,79.98,23.99,47.98,32.0
2026-03-27,EMEA,Online,Apparel,Denim Jacket,2,69.99,0.0,139.98,34.99,69.98,70.0
2026-03-27,EMEA,Online,Apparel,Running Tee,5,24.99,0.0,124.95,11.25,56.25,68.7
2026-03-27,EMEA,Online,Beauty & Wellness,Collagen Powder,10,34.99,0.0,349.9,14.0,140.0,209.9
2026-03-27,EMEA,Online,Electronics,Wireless Earbuds,9,79.99,0.0,719.91,51.99,467.91,252.0
2026-03-27,LATAM,In-store,Beauty & Wellness,Electric Toothbrush,5,59.99,0.0,299.95,32.99,164.95,135.0
2026-03-27,LATAM,In-store,Home & Kitchen,Air Fryer,3,89.99,0.2,215.98,62.99,188.97,27.01
2026-03-27,LATAM,Online,Media & Entertainment,Vinyl Record,2,27.99,0.0,55.98,16.79,33.58,22.4
2026-03-27,North America,In-store,Home & Kitchen,Cookware Set,1,129.99,0.0,129.99,84.49,84.49,45.5
2026-03-27,North America,Online,Home & Kitchen,Air Fryer,5,89.99,0.0,449.95,62.99,314.95,135.0
2026-03-27,UK & Ireland,In-store,Apparel,Running Tee,2,24.99,0.0,49.98,11.25,22.5,27.48
2026-03-27,UK & Ireland,In-store,Apparel,Wool Socks 3-pack,11,14.99,0.0,164.89,6.0,66.0,98.89
2026-03-27,UK & Ireland,In-store,Electronics,Smart Speaker,4,49.99,0.25,149.97,34.99,139.96,10.01
2026-03-27,UK & Ireland,Online,Beauty & Wellness,Collagen Powder,5,34.99,0.0,174.95,14.0,70.0,104.95
2026-03-27,UK & Ireland,Online,Home & Kitchen,Cookware Set,1,129.99,0.0,129.99,84.49,84.49,45.5
2026-03-27,UK & Ireland,Online,Media & Entertainment,Blu-ray Box Set,1,39.99,0.25,29.99,29.99,29.99,0.0
2026-03-27,UK & Ireland,Online,Media & Entertainment,Vinyl Record,1,27.99,0.2,22.39,16.79,16.79,5.6
2026-03-28,APAC,In-store,Apparel,Denim Jacket,4,69.99,0.0,279.96,34.99,139.96,140.0
2026-03-28,APAC,In-store,Apparel,Running Tee,9,24.99,0.0,224.91,11.25,101.25,123.66
2026-03-28,APAC,In-store,Apparel,Wool Socks 3-pack,8,14.99,0.0,119.92,6.0,48.0,71.92
2026-03-28,APAC,In-store,Home & Kitchen,Air Fryer,1,89.99,0.0,89.99,62.99,62.99,27.0
2026-03-28,APAC,Online,Apparel,Running Tee,10,24.99,0.2,199.92,11.25,112.5,87.42
2026-03-28,APAC,Online,Beauty & Wellness,Collagen Powder,6,34.99,0.2,167.95,14.0,84.0,83.95
2026-03-28,EMEA,In-store,Apparel,Wool Socks 3-pack,2,14.99,0.25,22.48,6.0,12.0,10.48
2026-03-28,EMEA,In-store,Electronics,Smart Speaker,3,49.99,0.2,119.98,34.99,104.97,15.01
2026-03-28,EMEA,In-store,Home & Kitchen,Air Fryer,3,89.99,0.25,202.48,62.99,188.97,13.51
2026-03-28,LATAM,In-store,Apparel,Running Tee,2,24.99,0.1,44.98,11.25,22.5,22.48
2026-03-28,LATAM,In-store,Beauty & Wellness,Collagen Powder,1,34.99,0.2,27.99,14.0,14.0,13.99
2026-03-28,LATAM,In-store,Media & Entertainment,Board Game,1,34.99,0.0,34.99,19.24,19.24,15.75
2026-03-28,LATAM,In-store,Media & Entertainment,Vinyl Record,1,27.99,0.2,22.39,16.79,16.79,5.6
2026-03-28,LATAM,Online,Apparel,Denim Jacket,1,69.99,0.0,69.99,34.99,34.99,35.0
2026-03-28,LATAM,Online,Apparel,Wool Socks 3-pack,5,14.99,0.0,74.95,6.0,30.0,44.95
2026-03-28,LATAM,Online,Home & Kitchen,Air Fryer,7,89.99,0.0,629.93,62.99,440.93,189.0
2026-03-28,LATAM,Online,Media & Entertainment,Blu-ray Box Set,1,39.99,0.0,39.99,29.99,29.99,10.0
2026-03-28,North America,In-store,Apparel,Denim Jacket,2,69.99,0.2,111.98,34.99,69.98,42.0
2026-03-28,North America,In-store,Beauty & Wellness,Collagen Powder,7,34.99,0.0,244.93,14.0,98.0,146.93
2026-03-28,North America,In-store,Beauty & Wellness,Vitamin C Serum,9,29.99,0.0,269.91,10.5,94.5,175.41
2026-03-28,North America,In-store,Electronics,Wireless Earbuds,9,79.99,0.0,719.91,51.99,467.91,252.0
2026-03-28,North America,Online,Media & Entertainment,Board Game,3,34.99,0.2,83.98,19.24,57.72,26.26
2026-03-28,UK & Ireland,In-store,Electronics,Smart Speaker,7,49.99,0.0,349.93,34.99,244.93,105.0
2026-03-28,UK & Ireland,In-store,Home & Kitchen,Coffee Grinder,5,39.99,0.0,199.95,23.99,119.95,80.0
2026-03-28,UK & Ireland,Online,Home & Kitchen,Coffee Grinder,2,39.99,0.2,63.98,23.99,47.98,16.0
2026-03-29,APAC,In-store,Apparel,Running Tee,5,24.99,0.0,124.95,11.25,56.25,68.7
2026-03-29,APAC,In-store,Electronics,Smart Speaker,3,49.99,0.0,149.97,34.99,104.97,45.0
2026-03-29,APAC,In-store,Home & Kitchen,Cookware Set,4,129.99,0.0,519.96,84.49,337.96,182.0
2026-03-29,EMEA,In-store,Apparel,Denim Jacket,3,69.99,0.0,209.97,34.99,104.97,105.0
2026-03-29,EMEA,In-store,Apparel,Wool Socks 3-pack,2,14.99,0.0,29.98,6.0,12.0,17.98
2026-03-29,EMEA,In-store,Beauty & Wellness,Vitamin C Serum,4,29.99,0.0,119.96,10.5,42.0,77.96
2026-03-29,EMEA,In-store,Electronics,USB-C Charger,15,19.99,0.0,299.85,10.99,164.85,135.0
2026-03-29,EMEA,Online,Apparel,Denim Jacket,3,69.99,0.1,188.97,34.99,104.97,84.0
2026-03-29,EMEA,Online,Apparel,Wool Socks 3-pack,11,14.99,0.0,164.89,6.0,66.0,98.89
2026-03-29,LATAM,In-store,Media & Entertainment,Vinyl Record,2,27.99,0.0,55.98,16.79,33.58,22.4
2026-03-29,LATAM,Online,Media & Entertainment,Board Game,3,34.99,0.2,83.98,19.24,57.72,26.26
2026-03-29,North America,In-store,Apparel,Denim Jacket,4,69.99,0.15,237.97,34.99,139.96,98.01
2026-03-29,North America,In-store,Beauty & Wellness,Collagen Powder,7,34.99,0.0,244.93,14.0,98.0,146.93
2026-03-29,North America,In-store,Electronics,Wireless Earbuds,5,79.99,0.0,399.95,51.99,259.95,140.0
2026-03-29,North America,In-store,Media & Entertainment,Board Game,2,34.99,0.25,52.48,19.24,38.48,14.0
2026-03-29,UK & Ireland,Online,Electronics,USB-C Charger,10,19.99,0.0,199.9,10.99,109.9,90.0
2026-03-30,APAC,In-store,Apparel,Wool Socks 3-pack,3,14.99,0.0,44.97,6.0,18.0,26.97
2026-03-30,APAC,In-store,Beauty & Wellness,Collagen Powder,8,34.99,0.0,279.92,14.0,112.0,167.92
2026-03-30,APAC,In-store,Media & Entertainment,Board Game,7,34.99,0.25,183.7,19.24,134.68,49.02
2026-03-30,APAC,In-store,Media & Entertainment,Vinyl Record,5,27.99,0.0,139.95,16.79,83.95,56.0
2026-03-30,APAC,Online,Apparel,Running Tee,6,24.99,0.0,149.94,11.25,67.5,82.44
2026-03-30,EMEA,Online,Apparel,Wool Socks 3-pack,4,14.99,0.0,59.96,6.0,24.0,35.96
2026-03-30,LATAM,In-store,Beauty & Wellness,Collagen Powder,4,34.99,0.0,139.96,14.0,56.0,83.96
2026-03-30,LATAM,In-store,Beauty & Wellness,Electric Toothbrush,1,59.99,0.15,50.99,32.99,32.99,18.0
2026-03-30,LATAM,Online,Beauty & Wellness,Collagen Powder,7,34.99,0.0,244.93,14.0,98.0,146.93
2026-03-30,LATAM,Online,Electronics,Wireless Earbuds,1,79.99,0.0,79.99,51.99,51.99,28.0
2026-03-30,North America,In-store,Electronics,Smart Speaker,6,49.99,0.2,239.95,34.99,209.94,30.01
2026-03-30,North America,In-store,Media & Entertainment,Board Game,1,34.99,0.0,34.99,19.24,19.24,15.75
2026-03-30,UK & Ireland,In-store,Beauty & Wellness,Vitamin C Serum,2,29.99,0.15,50.98,10.5,21.0,29.98
2026-03-30,UK & Ireland,In-store,Home & Kitchen,Air Fryer,3,89.99,0.0,269.97,62.99,188.97,81.0
2026-03-30,UK & Ireland,In-store,Media & Entertainment,Blu-ray Box Set,1,39.99,0.0,39.99,29.99,29.99,10.0
2026-03-31,APAC,Online,Electronics,Wireless Earbuds,4,79.99,0.0,319.96,51.99,207.96,112.0
2026-03-31,LATAM,In-store,Beauty & Wellness,Vitamin C Serum,1,29.99,0.0,29.99,10.5,10.5,19.49
2026-03-31,LATAM,Online,Apparel,Denim Jacket,2,69.99,0.1,125.98,34.99,69.98,56.0
2026-03-31,LATAM,Online,Electronics,Smart Speaker,2,49.99,0.0,99.98,34.99,69.98,30.0
2026-03-31,LATAM,Online,Home & Kitchen,Coffee Grinder,1,39.99,0.0,39.99,23.99,23.99,16.0
2026-03-31,UK & Ireland,In-store,Electronics,Wireless Earbuds,7,79.99,0.2,447.94,51.99,363.93,84.01
2026-03-31,UK & Ireland,Online,Electronics,USB-C Charger,8,19.99,0.0,159.92,10.99,87.92,72.0
2026-03-31,UK & Ireland,Online,Home & Kitchen,Coffee Grinder,3,39.99,0.0,119.97,23.99,71.97,48.0
2026-03-31,UK & Ireland,Online,Home & Kitchen,Cookware Set,1,129.99,0.0,129.99,84.49,84.49,45.5
2026-04-01,APAC,In-store,Media & Entertainment,Vinyl Record,4,27.99,0.25,83.97,16.79,67.16,16.81
2026-04-01,EMEA,In-store,Apparel,Wool Socks 3-pack,3,14.99,0.0,44.97,6.0,18.0,26.97
2026-04-01,EMEA,In-store,Beauty & Wellness,Vitamin C Serum,9,29.99,0.25,202.43,10.5,94.5,107.93
2026-04-01,EMEA,Online,Electronics,Wireless Earbuds,12,79.99,0.0,959.88,51.99,623.88,336.0
2026-04-01,EMEA,Online,Media & Entertainment,Vinyl Record,4,27.99,0.0,111.96,16.79,67.16,44.8
2026-04-01,LATAM,In-store,Electronics,Smart Speaker,5,49.99,0.25,187.46,34.99,174.95,12.51
2026-04-01,LATAM,In-store,Media & Entertainment,Board Game,2,34.99,0.0,69.98,19.24,38.48,31.5
2026-04-01,LATAM,Online,Electronics,Wireless Earbuds,5,79.99,0.0,399.95,51.99,259.95,140.0
2026-04-01,LATAM,Online,Media & Entertainment,Board Game,1,34.99,0.15,29.74,19.24,19.24,10.5
2026-04-01,North America,In-store,Media & Entertainment,Board Game,3,34.99,0.0,104.97,19.24,57.72,47.25
2026-04-01,North America,Online,Apparel,Denim Jacket,3,69.99,0.0,209.97,34.99,104.97,105.0
2026-04-01,North America,Online,Beauty & Wellness,Collagen Powder,8,34.99,0.1,251.93,14.0,112.0,139.93
2026-04-01,UK & Ireland,In-store,Media & Entertainment,Vinyl Record,2,27.99,0.0,55.98,16.79,33.58,22.4
2026-04-01,UK & Ireland,Online,Apparel,Wool Socks 3-pack,4,14.99,0.25,44.97,6.0,24.0,20.97
2026-04-01,UK & Ireland,Online,Beauty & Wellness,Collagen Powder,5,34.99,0.0,174.95,14.0,70.0,104.95
2026-04-02,APAC,In-store,Apparel,Running Tee,8,24.99,0.0,199.92,11.25,90.0,109.92
2026-04-02,APAC,In-store,Electronics,Wireless Earbuds,6,79.99,0.0,479.94,51.99,311.94,168.0
2026-04-02,APAC,Online,Home & Kitchen,Cookware Set,1,129.99,0.15,110.49,84.49,84.49,26.0
2026-04-02,LATAM,Online,Electronics,USB-C Charger,5,19.99,0.1,89.95,10.99,54.95,35.0
2026-04-02,North America,In-store,Beauty & Wellness,Vitamin C Serum,8,29.99,0.0,239.92,10.5,84.0,155.92
2026-04-02,North America,In-store,Home & Kitchen,Coffee Grinder,1,39.99,0.1,35.99,23.99,23.99,12.0
2026-04-02,UK & Ireland,In-store,Beauty & Wellness,Vitamin C Serum,8,29.99,0.25,179.94,10.5,84.0,95.94
2026-04-02,UK & Ireland,In-store,Media & Entertainment,Board Game,2,34.99,0.0,69.98,19.24,38.48,31.5
2026-04-02,UK & Ireland,Online,Home & Kitchen,Air Fryer,2,89.99,0.2,143.98,62.99,125.98,18.0
2026-04-02,UK & Ireland,Online,Media & Entertainment,Vinyl Record,1,27.99,0.0,27.99,16.79,16.79,11.2
2026-04-03,APAC,In-store,Home & Kitchen,Coffee Grinder,5,39.99,0.2,159.96,23.99,119.95,40.01
2026-04-03,APAC,Online,Beauty & Wellness,Electric Toothbrush,13,59.99,0.0,779.87,32.99,428.87,351.0
2026-04-03,APAC,Online,Beauty & Wellness,Vitamin C Serum,7,29.99,0.15,178.44,10.5,73.5,104.94
2026-04-03,APAC,Online,Electronics,USB-C Charger,12,19.99,0.0,239.88,10.99,131.88,108.0
2026-04-03,APAC,Online,Electronics,Wireless Earbuds,3,79.99,0.15,203.97,51.99,155.97,48.0
2026-04-03,EMEA,In-store,Beauty & Wellness,Collagen Powder,12,34.99,0.15,356.9,14.0,168.0,188.9
2026-04-03,EMEA,Online,Beauty & Wellness,Vitamin C Serum,5,29.99,0.2,119.96,10.5,52.5,67.46
2026-04-03,EMEA,Online,Home & Kitchen,Air Fryer,9,89.99,0.15,688.42,62.99,566.91,121.51
2026-04-03,LATAM,Online,Apparel,Running Tee,3,24.99,0.0,74.97,11.25,33.75,41.22
2026-04-03,LATAM,Online,Apparel,Wool Socks 3-pack,4,14.99,0.0,59.96,6.0,24.0,35.96
2026-04-03,LATAM,Online,Electronics,Wireless Earbuds,4,79.99,0.0,319.96,51.99,207.96,112.0
2026-04-03,North America,In-store,Apparel,Wool Socks 3-pack,7,14.99,0.0,104.93,6.0,42.0,62.93
2026-04-03,North America,In-store,Beauty & Wellness,Vitamin C Serum,14,29.99,0.0,419.86,10.5,147.0,272.86
2026-04-03,North America,Online,Apparel,Wool Socks 3-pack,12,14.99,0.0,179.88,6.0,72.0,107.88
2026-04-03,North America,Online,Beauty & Wellness,Vitamin C Serum,6,29.99,0.0,179.94,10.5,63.0,116.94
2026-04-03,North America,Online,Home & Kitchen,Coffee Grinder,3,39.99,0.0,119.97,23.99,71.97,48.0
2026-04-03,North America,Online,Media & Entertainment,Blu-ray Box Set,7,39.99,0.0,279.93,29.99,209.93,70.0
2026-04-03,UK & Ireland,In-store,Beauty & Wellness,Vitamin C Serum,9,29.99,0.0,269.91,10.5,94.5,175.41
2026-04-03,UK & Ireland,Online,Beauty & Wellness,Collagen Powder,11,34.99,0.0,384.89,14.0,154.0,230.89
2026-04-03,UK & Ireland,Online,Media & Entertainment,Blu-ray Box Set,1,39.99,0.0,39.99,29.99,29.99,10.0
2026-04-04,APAC,In-store,Apparel,Running Tee,6,24.99,0.15,127.45,11.25,67.5,59.95
2026-04-04,APAC,In-store,Home & Kitchen,Air Fryer,10,89.99,0.2,719.92,62.99,629.9,90.02
2026-04-04,APAC,In-store,Media & Entertainment,Board Game,4,34.99,0.15,118.97,19.24,76.96,42.01
2026-04-04,APAC,Online,Electronics,USB-C Charger,12,19.99,0.15,203.9,10.99,131.88,72.02
2026-04-04,APAC,Online,Media & Entertainment,Board Game,1,34.99,0.0,34.99,19.24,19.24,15.75
2026-04-04,EMEA,Online,Electronics,USB-C Charger,13,19.99,0.1,233.88,10.99,142.87,91.01
2026-04-04,EMEA,Online,Home & Kitchen,Coffee Grinder,10,39.99,0.0,399.9,23.99,239.9,160.0
2026-04-04,LATAM,In-store,Beauty & Wellness,Electric Toothbrush,9,59.99,0.25,404.93,32.99,296.91,108.02
2026-04-04,LATAM,In-store,Media & Entertainment,Blu-ray Box Set,1,39.99,0.2,31.99,29.99,29.99,2.0
2026-04-04,North America,In-store,Media & Entertainment,Vinyl Record,5,27.99,0.0,139.95,16.79,83.95,56.0
2026-04-04,North America,Online,Apparel,Running Tee,6,24.99,0.25,112.45,11.25,67.5,44.95
2026-04-04,North America,Online,Beauty & Wellness,Electric Toothbrush,14,59.99,0.0,839.86,32.99,461.86,378.0
2026-04-04,UK & Ireland,In-store,Electronics,USB-C Charger,16,19.99,0.0,319.84,10.99,175.84,144.0
2026-04-04,UK & Ireland,Online,Apparel,Wool Socks 3-pack,9,14.99,0.15,114.67,6.0,54.0,60.67
2026-04-04,UK & Ireland,Online,Beauty & Wellness,Collagen Powder,12,34.99,0.1,377.89,14.0,168.0,209.89
2026-04-04,UK & Ireland,Online,Home & Kitchen,Cookware Set,5,129.99,0.0,649.95,84.49,422.45,227.5
2026-04-05,EMEA,Online,Apparel,Running Tee,4,24.99,0.0,99.96,11.25,45.0,54.96
2026-04-05,LATAM,In-store,Apparel,Denim Jacket,4,69.99,0.0,279.96,34.99,139.96,140.0
2026-04-05,LATAM,In-store,Beauty & Wellness,Collagen Powder,3,34.99,0.0,104.97,14.0,42.0,62.97
2026-04-05,LATAM,In-store,Beauty & Wellness,Electric Toothbrush,3,59.99,0.2,143.98,32.99,98.97,45.01
2026-04-05,LATAM,In-store,Beauty & Wellness,Vitamin C Serum,6,29.99,0.0,179.94,10.5,63.0,116.94
2026-04-05,LATAM,In-store,Electronics,Smart Speaker,2,49.99,0.2,79.98,34.99,69.98,10.0
2026-04-05,LATAM,In-store,Home & Kitchen,Cookware Set,4,129.99,0.0,519.96,84.49,337.96,182.0
2026-04-05,LATAM,Online,Apparel,Running Tee,7,24.99,0.25,131.2,11.25,78.75,52.45
2026-04-05,North America,In-store,Beauty & Wellness,Electric Toothbrush,10,59.99,0.0,599.9,32.99,329.9,270.0
2026-04-05,North America,Online,Electronics,Smart Speaker,3,49.99,0.0,149.97,34.99,104.97,45.0
2026-04-05,North America,Online,Electronics,Wireless Earbuds,10,79.99,0.2,639.92,51.99,519.9,120.02
2026-04-05,North America,Online,Media & Entertainment,Board Game,5,34.99,0.2,139.96,19.24,96.2,43.76
2026-04-05,UK & Ireland,In-store,Electronics,Smart Speaker,6,49.99,0.1,269.95,34.99,209.94,60.01
2026-04-05,UK & Ireland,In-store,Media & Entertainment,Blu-ray Box Set,4,39.99,0.0,159.96,29.99,119.96,40.0
2026-04-05,UK & Ireland,Online,Electronics,Wireless Earbuds,5,79.99,0.0,399.95,51.99,259.95,140.0
2026-04-05,UK & Ireland,Online,Home & Kitchen,Air Fryer,2,89.99,0.15,152.98,62.99,125.98,27.0
2026-04-06,LATAM,Online,Home & Kitchen,Coffee Grinder,1,39.99,0.2,31.99,23.99,23.99,8.0
2026-04-06,LATAM,Online,Media & Entertainment,Blu-ray Box Set,1,39.99,0.2,31.99,29.99,29.99,2.0
2026-04-06,North America,Online,Apparel,Denim Jacket,4,69.99,0.1,251.96,34.99,139.96,112.0
2026-04-06,UK & Ireland,Online,Electronics,Wireless Earbuds,5,79.99,0.0,399.95,51.99,259.95,140.0
2026-04-06,UK & Ireland,Online,Home & Kitchen,Cookware Set,2,129.99,0.25,194.99,84.49,168.98,26.01
2026-04-07,APAC,In-store,Beauty & Wellness,Collagen Powder,10,34.99,0.0,349.9,14.0,140.0,209.9
2026-04-07,APAC,In-store,Electronics,Smart Speaker,2,49.99,0.0,99.98,34.99,69.98,30.0
2026-04-07,APAC,Online,Electronics,Wireless Earbuds,6,79.99,0.0,479.94,51.99,311.94,168.0
2026-04-07,APAC,Online,Home & Kitchen,Air Fryer,4,89.99,0.0,359.96,62.99,251.96,108.0
2026-04-07,APAC,Online,Media & Entertainment,Board Game,4,34.99,0.25,104.97,19.24,76.96,28.01
2026-04-07,LATAM,Online,Media & Entertainment,Board Game,2,34.99,0.2,55.98,19.24,38.48,17.5
2026-04-07,North America,In-store,Home & Kitchen,Cookware Set,5,129.99,0.0,649.95,84.49,422.45,227.5
2026-04-07,North America,Online,Media & Entertainment,Vinyl Record,3,27.99,0.0,83.97,16.79,50.37,33.6
2026-04-07,UK & Ireland,Online,Electronics,Wireless Earbuds,10,79.99,0.0,799.9,51.99,519.9,280.0
2026-04-08,APAC,In-store,Home & Kitchen,Coffee Grinder,6,39.99,0.0,239.94,23.99,143.94,96.0
2026-04-08,APAC,In-store,Media & Entertainment,Vinyl Record,2,27.99,0.1,50.38,16.79,33.58,16.8
2026-04-08,APAC,Online,Home & Kitchen,Coffee Grinder,1,39.99,0.0,39.99,23.99,23.99,16.0
2026-04-08,EMEA,In-store,Apparel,Running Tee,5,24.99,0.25,93.71,11.25,56.25,37.46
2026-04-08,EMEA,In-store,Electronics,USB-C Charger,5,19.99,0.25,74.96,10.99,54.95,20.01
2026-04-08,LATAM,In-store,Apparel,Denim Jacket,3,69.99,0.0,209.97,34.99,104.97,105.0
2026-04-08,LATAM,In-store,Electronics,Smart Speaker,3,49.99,0.1,134.97,34.99,104.97,30.0
2026-04-08,LATAM,In-store,Electronics,Wireless Earbuds,2,79.99,0.25,119.98,51.99,103.98,16.0
2026-04-08,LATAM,Online,Apparel,Running Tee,7,24.99,0.0,174.93,11.25,78.75,96.18
2026-04-08,LATAM,Online,Beauty & Wellness,Collagen Powder,2,34.99,0.1,62.98,14.0,28.0,34.98
2026-04-08,North America,In-store,Apparel,Denim Jacket,4,69.99,0.0,279.96,34.99,139.96,140.0
2026-04-08,North America,Online,Electronics,Smart Speaker,9,49.99,0.0,449.91,34.99,314.91,135.0
2026-04-08,UK & Ireland,Online,Apparel,Denim Jacket,3,69.99,0.1,188.97,34.99,104.97,84.0
2026-04-08,UK & Ireland,Online,Electronics,USB-C Charger,7,19.99,0.0,139.93,10.99,76.93,63.0
2026-04-09,APAC,In-store,Beauty & Wellness,Vitamin C Serum,11,29.99,0.1,296.9,10.5,115.5,181.4
2026-04-09,APAC,Online,Home & Kitchen,Cookware Set,6,129.99,0.15,662.95,84.49,506.94,156.01
2026-04-09,EMEA,In-store,Electronics,Smart Speaker,6,49.99,0.25,224.95,34.99,209.94,15.01
2026-04-09,LATAM,In-store,Apparel,Running Tee,4,24.99,0.1,89.96,11.25,45.0,44.96
2026-04-09,LATAM,In-store,Media & Entertainment,Board Game,1,34.99,0.0,34.99,19.24,19.24,15.75
2026-04-09,LATAM,Online,Apparel,Running Tee,2,24.99,0.0,49.98,11.25,22.5,27.48
2026-04-09,North America,In-store,Beauty & Wellness,Collagen Powder,8,34.99,0.0,279.92,14.0,112.0,167.92
2026-04-09,North America,In-store,Home & Kitchen,Air Fryer,8,89.99,0.0,719.92,62.99,503.92,216.0
2026-04-09,North America,In-store,Media & Entertainment,Vinyl Record,1,27.99,0.15,23.79,16.79,16.79,7.0
2026-04-09,UK & Ireland,In-store,Electronics,Wireless Earbuds,5,79.99,0.0,399.95,51.99,259.95,140.0
2026-04-09,UK & Ireland,Online,Apparel,Denim Jacket,2,69.99,0.0,139.98,34.99,69.98,70.0
2026-04-09,UK & Ireland,Online,Home & Kitchen,Coffee Grinder,2,39.99,0.1,71.98,23.99,47.98,24.0
2026-04-10,APAC,In-store,Home & Kitchen,Cookware Set,5,129.99,0.2,519.96,84.49,422.45,97.51
2026-04-10,APAC,Online,Home & Kitchen,Air Fryer,4,89.99,0.1,323.96,62.99,251.96,72.0
2026-04-10,APAC,Online,Home & Kitchen,Coffee Grinder,5,39.99,0.1,179.96,23.99,119.95,60.01
2026-04-10,LATAM,In-store,Beauty & Wellness,Electric Toothbrush,3,59.99,0.0,179.97,32.99,98.97,81.0
2026-04-10,LATAM,In-store,Media & Entertainment,Blu-ray Box Set,2,39.99,0.1,71.98,29.99,59.98,12.0
2026-04-10,LATAM,Online,Beauty & Wellness,Electric Toothbrush,5,59.99,0.0,299.95,32.99,164.95,135.0
2026-04-10,North America,Online,Apparel,Wool Socks 3-pack,6,14.99,0.0,89.94,6.0,36.0,53.94
2026-04-10,North America,Online,Beauty & Wellness,Electric Toothbrush,10,59.99,0.25,449.92,32.99,329.9,120.02
2026-04-10,North America,Online,Electronics,Wireless Earbuds,15,79.99,0.0,1199.85,51.99,779.85,420.0
2026-04-10,North America,Online,Home & Kitchen,Air Fryer,6,89.99,0.0,539.94,62.99,377.94,162.0
2026-04-10,UK & Ireland,In-store,Home & Kitchen,Cookware Set,2,129.99,0.0,259.98,84.49,168.98,91.0
2026-04-10,UK & Ireland,Online,Apparel,Denim Jacket,3,69.99,0.15,178.47,34.99,104.97,73.5
2026-04-10,UK & Ireland,Online,Beauty & Wellness,Vitamin C Serum,8,29.99,0.0,239.92,10.5,84.0,155.92
2026-04-11,APAC,In-store,Electronics,Smart Speaker,3,49.99,0.2,119.98,34.99,104.97,15.01
2026-04-11,EMEA,In-store,Apparel,Denim Jacket,3,69.99,0.0,209.97,34.99,104.97,105.0
2026-04-11,EMEA,In-store,Beauty & Wellness,Electric Toothbrush,2,59.99,0.2,95.98,32.99,65.98,30.0
2026-04-11,EMEA,In-store,Electronics,Smart Speaker,11,49.99,0.0,549.89,34.99,384.89,165.0
2026-04-11,LATAM,In-store,Electronics,Wireless Earbuds,7,79.99,0.0,559.93,51.99,363.93,196.0
2026-04-11,LATAM,In-store,Home & Kitchen,Coffee Grinder,4,39.99,0.0,159.96,23.99,95.96,64.0
2026-04-11,LATAM,Online,Home & Kitchen,Air Fryer,2,89.99,0.2,143.98,62.99,125.98,18.0
2026-04-11,North America,In-store,Home & Kitchen,Cookware Set,3,129.99,0.0,389.97,84.49,253.47,136.5
2026-04-11,North America,Online,Apparel,Denim Jacket,10,69.99,0.0,699.9,34.99,349.9,350.0
2026-04-11,North America,Online,Home & Kitchen,Cookware Set,3,129.99,0.25,292.48,84.49,253.47,39.01
2026-04-11,North America,Online,Media & Entertainment,Vinyl Record,4,27.99,0.1,100.76,16.79,67.16,33.6
2026-04-11,UK & Ireland,In-store,Media & Entertainment,Board Game,5,34.99,0.0,174.95,19.24,96.2,78.75
2026-04-11,UK & Ireland,Online,Electronics,Wireless Earbuds,9,79.99,0.0,719.91,51.99,467.91,252.0
2026-04-12,APAC,In-store,Apparel,Wool Socks 3-pack,7,14.99,0.0,104.93,6.0,42.0,62.93
2026-04-12,APAC,In-store,Home & Kitchen,Air Fryer,3,89.99,0.0,269.97,62.99,188.97,81.0
2026-04-12,EMEA,In-store,Apparel,Denim Jacket,1,69.99,0.0,69.99,34.99,34.99,35.0
2026-04-12,EMEA,Online,Apparel,Denim Jacket,2,69.99,0.0,139.98,34.99,69.98,70.0
2026-04-12,EMEA,Online,Apparel,Wool Socks 3-pack,6,14.99,0.1,80.95,6.0,36.0,44.95
2026-04-12,EMEA,Online,Electronics,Smart Speaker,8,49.99,0.0,399.92,34.99,279.92,120.0
2026-04-12,EMEA,Online,Electronics,USB-C Charger,13,19.99,0.2,207.9,10.99,142.87,65.03
2026-04-12,EMEA,Online,Home & Kitchen,Coffee Grinder,4,39.99,0.1,143.96,23.99,95.96,48.0
2026-04-12,EMEA,Online,Home & Kitchen,Cookware Set,5,129.99,0.0,649.95,84.49,422.45,227.5
2026-04-12,LATAM,In-store,Electronics,USB-C Charger,13,19.99,0.25,194.9,10.99,142.87,52.03
2026-04-12,LATAM,Online,Electronics,Smart Speaker,7,49.99,0.0,349.93,34.99,244.93,105.0
2026-04-12,LATAM,Online,Home & Kitchen,Coffee Grinder,3,39.99,0.0,119.97,23.99,71.97,48.0
2026-04-12,North America,Online,Home & Kitchen,Air Fryer,7,89.99,0.0,629.93,62.99,440.93,189.0
2026-04-12,UK & Ireland,In-store,Apparel,Running Tee,11,24.99,0.0,274.89,11.25,123.75,151.14
2026-04-12,UK & Ireland,Online,Apparel,Running Tee,8,24.99,0.0,199.92,11.25,90.0,109.92
2026-04-13,APAC,In-store,Home & Kitchen,Cookware Set,1,129.99,0.0,129.99,84.49,84.49,45.5
2026-04-13,EMEA,In-store,Beauty & Wellness,Vitamin C Serum,6,29.99,0.0,179.94,10.5,63.0,116.94
2026-04-13,EMEA,In-store,Electronics,Smart Speaker,1,49.99,0.25,37.49,34.99,34.99,2.5
2026-04-13,EMEA,In-store,Media & Entertainment,Board Game,1,34.99,0.0,34.99,19.24,19.24,15.75
2026-04-13,EMEA,Online,Beauty & Wellness,Vitamin C Serum,10,29.99,0.0,299.9,10.5,105.0,194.9
2026-04-13,LATAM,In-store,Media & Entertainment,Vinyl Record,1,27.99,0.0,27.99,16.79,16.79,11.2
2026-04-13,LATAM,Online,Home & Kitchen,Air Fryer,5,89.99,0.0,449.95,62.99,314.95,135.0
2026-04-13,North America,In-store,Beauty & Wellness,Electric Toothbrush,7,59.99,0.0,419.93,32.99,230.93,189.0
2026-04-13,UK & Ireland,In-store,Beauty & Wellness,Electric Toothbrush,8,59.99,0.0,479.92,32.99,263.92,216.0
2026-04-13,UK & Ireland,In-store,Electronics,Wireless Earbuds,1,79.99,0.25,59.99,51.99,51.99,8.0
2026-04-13,UK & Ireland,In-store,Home & Kitchen,Coffee Grinder,1,39.99,0.0,39.99,23.99,23.99,16.0
2026-04-13,UK & Ireland,Online,Media & Entertainment,Vinyl Record,2,27.99,0.1,50.38,16.79,33.58,16.8
2026-04-14,APAC,In-store,Media & Entertainment,Vinyl Record,3,27.99,0.0,83.97,16.79,50.37,33.6
2026-04-14,APAC,Online,Media & Entertainment,Vinyl Record,1,27.99,0.0,27.99,16.79,16.79,11.2
2026-04-14,EMEA,In-store,Beauty & Wellness,Collagen Powder,7,34.99,0.1,220.44,14.0,98.0,122.44
2026-04-14,EMEA,In-store,Home & Kitchen,Coffee Grinder,5,39.99,0.0,199.95,23.99,119.95,80.0
2026-04-14,EMEA,Online,Electronics,USB-C Charger,11,19.99,0.0,219.89,10.99,120.89,99.0
2026-04-14,EMEA,Online,Media & Entertainment,Blu-ray Box Set,7,39.99,0.0,279.93,29.99,209.93,70.0
2026-04-14,LATAM,In-store,Apparel,Running Tee,2,24.99,0.0,49.98,11.25,22.5,27.48
2026-04-14,LATAM,In-store,Electronics,Smart Speaker,5,49.99,0.0,249.95,34.99,174.95,75.0
2026-04-14,LATAM,In-store,Electronics,USB-C Charger,3,19.99,0.0,59.97,10.99,32.97,27.0
2026-04-14,North America,In-store,Beauty & Wellness,Collagen Powder,9,34.99,0.0,314.91,14.0,126.0,188.91
2026-04-14,North America,Online,Electronics,Smart Speaker,6,49.99,0.0,299.94,34.99,209.94,90.0
2026-04-14,North America,Online,Electronics,USB-C Charger,15,19.99,0.0,299.85,10.99,164.85,135.0
2026-04-14,North America,Online,Home & Kitchen,Air Fryer,4,89.99,0.25,269.97,62.99,251.96,18.01
2026-04-14,North America,Online,Media & Entertainment,Board Game,3,34.99,0.25,78.73,19.24,57.72,21.01
2026-04-14,UK & Ireland,Online,Beauty & Wellness,Electric Toothbrush,4,59.99,0.15,203.97,32.99,131.96,72.01
2026-04-14,UK & Ireland,Online,Electronics,Smart Speaker,4,49.99,0.0,199.96,34.99,139.96,60.0
2026-04-14,UK & Ireland,Online,Media & Entertainment,Blu-ray Box Set,2,39.99,0.25,59.98,29.99,59.98,0.0
2026-04-14,UK & Ireland,Online,Media & Entertainment,Board Game,3,34.99,0.0,104.97,19.24,57.72,47.25
2026-04-15,APAC,In-store,Beauty & Wellness,Electric Toothbrush,6,59.99,0.25,269.95,32.99,197.94,72.01
2026-04-15,APAC,Online,Apparel,Denim Jacket,1,69.99,0.0,69.99,34.99,34.99,35.0
2026-04-15,EMEA,In-store,Home & Kitchen,Cookware Set,4,129.99,0.0,519.96,84.49,337.96,182.0
2026-04-15,EMEA,Online,Apparel,Running Tee,13,24.99,0.0,324.87,11.25,146.25,178.62
2026-04-15,EMEA,Online,Electronics,USB-C Charger,11,19.99,0.0,219.89,10.99,120.89,99.0
2026-04-15,LATAM,In-store,Electronics,Smart Speaker,1,49.99,0.1,44.99,34.99,34.99,10.0
2026-04-15,LATAM,Online,Apparel,Running Tee,3,24.99,0.1,67.47,11.25,33.75,33.72
2026-04-15,North America,Online,Beauty & Wellness,Vitamin C Serum,5,29.99,0.0,149.95,10.5,52.5,97.45
2026-04-15,UK & Ireland,In-store,Beauty & Wellness,Electric Toothbrush,10,59.99,0.2,479.92,32.99,329.9,150.02
2026-04-15,UK & Ireland,Online,Beauty & Wellness,Electric Toothbrush,6,59.99,0.25,269.95,32.99,197.94,72.01
2026-04-15,UK & Ireland,Online,Electronics,USB-C Charger,7,19.99,0.25,104.95,10.99,76.93,28.02
2026-04-15,UK & Ireland,Online,Home & Kitchen,Air Fryer,5,89.99,0.2,359.96,62.99,314.95,45.01
2026-04-15,UK & Ireland,Online,Media & Entertainment,Vinyl Record,2,27.99,0.0,55.98,16.79,33.58,22.4
2026-04-16,APAC,Online,Beauty & Wellness,Collagen Powder,8,34.99,0.0,279.92,14.0,112.0,167.92
2026-04-16,APAC,Online,Electronics,USB-C Charger,11,19.99,0.25,164.92,10.99,120.89,44.03
2026-04-16,APAC,Online,Home & Kitchen,Cookware Set,5,129.99,0.1,584.96,84.49,422.45,162.51
2026-04-16,EMEA,In-store,Home & Kitchen,Coffee Grinder,5,39.99,0.0,199.95,23.99,119.95,80.0
2026-04-16,EMEA,Online,Beauty & Wellness,Electric Toothbrush,5,59.99,0.2,239.96,32.99,164.95,75.01
2026-04-16,LATAM,In-store,Home & Kitchen,Coffee Grinder,2,39.99,0.0,79.98,23.99,47.98,32.0
2026-04-16,North America,In-store,Apparel,Denim Jacket,8,69.99,0.0,559.92,34.99,279.92,280.0
2026-04-16,North America,In-store,Beauty & Wellness,Collagen Powder,2,34.99,0.2,55.98,14.0,28.0,27.98
2026-04-16,North America,In-store,Electronics,Wireless Earbuds,8,79.99,0.1,575.93,51.99,415.92,160.01
2026-04-16,North America,Online,Home & Kitchen,Cookware Set,2,129.99,0.0,259.98,84.49,168.98,91.0
2026-04-16,North America,Online,Media & Entertainment,Blu-ray Box Set,5,39.99,0.0,199.95,29.99,149.95,50.0
2026-04-16,UK & Ireland,In-store,Beauty & Wellness,Vitamin C Serum,7,29.99,0.2,167.94,10.5,73.5,94.44
2026-04-16,UK & Ireland,In-store,Media & Entertainment,Vinyl Record,1,27.99,0.25,20.99,16.79,16.79,4.2
2026-04-16,UK & Ireland,Online,Electronics,Smart Speaker,7,49.99,0.0,349.93,34.99,244.93,105.0
2026-04-16,UK & Ireland,Online,Home & Kitchen,Air Fryer,3,89.99,0.0,269.97,62.99,188.97,81.0
2026-04-16,UK & Ireland,Online,Home & Kitchen,Cookware Set,4,129.99,0.0,519.96,84.49,337.96,182.0
2026-04-16,UK & Ireland,Online,Media & Entertainment,Blu-ray Box Set,1,39.99,0.0,39.99,29.99,29.99,10.0
2026-04-17,APAC,In-store,Beauty & Wellness,Vitamin C Serum,5,29.99,0.0,149.95,10.5,52.5,97.45
2026-04-17,APAC,In-store,Electronics,USB-C Charger,11,19.99,0.0,219.89,10.99,120.89,99.0
2026-04-17,APAC,Online,Apparel,Running Tee,2,24.99,0.0,49.98,11.25,22.5,27.48
2026-04-17,APAC,Online,Apparel,Wool Socks 3-pack,6,14.99,0.0,89.94,6.0,36.0,53.94
2026-04-17,APAC,Online,Beauty & Wellness,Collagen Powder,7,34.99,0.0,244.93,14.0,98.0,146.93
2026-04-17,EMEA,In-store,Apparel,Running Tee,5,24.99,0.1,112.45,11.25,56.25,56.2
2026-04-17,LATAM,In-store,Beauty & Wellness,Collagen Powder,4,34.99,0.0,139.96,14.0,56.0,83.96
2026-04-17,LATAM,In-store,Home & Kitchen,Coffee Grinder,1,39.99,0.0,39.99,23.99,23.99,16.0
2026-04-17,LATAM,Online,Electronics,Smart Speaker,3,49.99,0.0,149.97,34.99,104.97,45.0
2026-04-17,LATAM,Online,Electronics,Wireless Earbuds,3,79.99,0.15,203.97,51.99,155.97,48.0
2026-04-17,LATAM,Online,Home & Kitchen,Air Fryer,1,89.99,0.25,67.49,62.99,62.99,4.5
2026-04-17,LATAM,Online,Media & Entertainment,Blu-ray Box Set,1,39.99,0.0,39.99,29.99,29.99,10.0
2026-04-17,North America,In-store,Electronics,Wireless Earbuds,14,79.99,0.0,1119.86,51.99,727.86,392.0
2026-04-17,North America,In-store,Home & Kitchen,Coffee Grinder,6,39.99,0.0,239.94,23.99,143.94,96.0
2026-04-17,North America,Online,Beauty & Wellness,Electric Toothbrush,9,59.99,0.0,539.91,32.99,296.91,243.0
2026-04-17,North America,Online,Home & Kitchen,Coffee Grinder,5,39.99,0.0,199.95,23.99,119.95,80.0
2026-04-17,UK & Ireland,In-store,Apparel,Denim Jacket,2,69.99,0.15,118.98,34.99,69.98,49.0
2026-04-17,UK & Ireland,In-store,Electronics,Wireless Earbuds,3,79.99,0.0,239.97,51.99,155.97,84.0
2026-04-17,UK & Ireland,Online,Beauty & Wellness,Vitamin C Serum,14,29.99,0.0,419.86,10.5,147.0,272.86
2026-04-17,UK & Ireland,Online,Electronics,Smart Speaker,4,49.99,0.0,199.96,34.99,139.96,60.0
2026-04-18,APAC,Online,Apparel,Denim Jacket,3,69.99,0.0,209.97,34.99,104.97,105.0
2026-04-18,APAC,Online,Media & Entertainment,Blu-ray Box Set,2,39.99,0.25,59.98,29.99,59.98,0.0
2026-04-18,EMEA,Online,Electronics,Smart Speaker,12,49.99,0.1,539.89,34.99,419.88,120.01
2026-04-18,EMEA,Online,Home & Kitchen,Air Fryer,6,89.99,0.0,539.94,62.99,377.94,162.0
2026-04-18,LATAM,In-store,Beauty & Wellness,Collagen Powder,4,34.99,0.0,139.96,14.0,56.0,83.96
2026-04-18,North America,In-store,Electronics,USB-C Charger,21,19.99,0.0,419.79,10.99,230.79,189.0
2026-04-18,North America,In-store,Home & Kitchen,Coffee Grinder,3,39.99,0.25,89.98,23.99,71.97,18.01
2026-04-18,North America,Online,Apparel,Running Tee,8,24.99,0.1,179.93,11.25,90.0,89.93
2026-04-18,UK & Ireland,In-store,Apparel,Running Tee,6,24.99,0.1,134.95,11.25,67.5,67.45
2026-04-18,UK & Ireland,Online,Electronics,Smart Speaker,6,49.99,0.0,299.94,34.99,209.94,90.0
2026-04-18,UK & Ireland,Online,Electronics,USB-C Charger,7,19.99,0.2,111.94,10.99,76.93,35.01
2026-04-18,UK & Ireland,Online,Media & Entertainment,Blu-ray Box Set,5,39.99,0.0,199.95,29.99,149.95,50.0
2026-04-19,APAC,In-store,Media & Entertainment,Board Game,1,34.99,0.1,31.49,19.24,19.24,12.25
2026-04-19,APAC,Online,Apparel,Wool Socks 3-pack,6,14.99,0.0,89.94,6.0,36.0,53.94
2026-04-19,APAC,Online,Beauty & Wellness,Vitamin C Serum,9,29.99,0.0,269.91,10.5,94.5,175.41
2026-04-19,APAC,Online,Electronics,Wireless Earbuds,10,79.99,0.0,799.9,51.99,519.9,280.0
2026-04-19,EMEA,In-store,Media & Entertainment,Blu-ray Box Set,3,39.99,0.15,101.97,29.99,89.97,12.0
2026-04-19,EMEA,Online,Home & Kitchen,Coffee Grinder,5,39.99,0.0,199.95,23.99,119.95,80.0
2026-04-19,EMEA,Online,Media & Entertainment,Blu-ray Box Set,1,39.99,0.0,39.99,29.99,29.99,10.0
2026-04-19,EMEA,Online,Media & Entertainment,Board Game,4,34.99,0.0,139.96,19.24,76.96,63.0
2026-04-19,LATAM,Online,Electronics,USB-C Charger,7,19.99,0.0,139.93,10.99,76.93,63.0
2026-04-19,LATAM,Online,Media & Entertainment,Vinyl Record,2,27.99,0.2,44.78,16.79,33.58,11.2
2026-04-19,UK & Ireland,In-store,Beauty & Wellness,Vitamin C Serum,7,29.99,0.2,167.94,10.5,73.5,94.44
2026-04-19,UK & Ireland,Online,Beauty & Wellness,Vitamin C Serum,7,29.99,0.2,167.94,10.5,73.5,94.44
2026-04-19,UK & Ireland,Online,Electronics,Smart Speaker,6,49.99,0.0,299.94,34.99,209.94,90.0
2026-04-20,APAC,In-store,Electronics,Smart Speaker,5,49.99,0.0,249.95,34.99,174.95,75.0
2026-04-20,LATAM,Online,Electronics,Wireless Earbuds,4,79.99,0.15,271.97,51.99,207.96,64.01
2026-04-20,North America,In-store,Electronics,USB-C Charger,8,19.99,0.0,159.92,10.99,87.92,72.0
2026-04-20,North America,In-store,Electronics,Wireless Earbuds,14,79.99,0.0,1119.86,51.99,727.86,392.0
2026-04-20,North America,Online,Electronics,Wireless Earbuds,1,79.99,0.25,59.99,51.99,51.99,8.0
2026-04-20,North America,Online,Home & Kitchen,Air Fryer,5,89.99,0.0,449.95,62.99,314.95,135.0
2026-04-20,UK & Ireland,In-store,Beauty & Wellness,Electric Toothbrush,6,59.99,0.0,359.94,32.99,197.94,162.0
2026-04-21,APAC,In-store,Media & Entertainment,Blu-ray Box Set,1,39.99,0.0,39.99,29.99,29.99,10.0
2026-04-21,APAC,Online,Beauty & Wellness,Vitamin C Serum,8,29.99,0.15,203.93,10.5,84.0,119.93
2026-04-21,APAC,Online,Home & Kitchen,Coffee Grinder,5,39.99,0.25,149.96,23.99,119.95,30.01
2026-04-21,EMEA,In-store,Beauty & Wellness,Electric Toothbrush,3,59.99,0.0,179.97,32.99,98.97,81.0
2026-04-21,EMEA,In-store,Beauty & Wellness,Vitamin C Serum,8,29.99,0.0,239.92,10.5,84.0,155.92
2026-04-21,EMEA,Online,Electronics,Wireless Earbuds,5,79.99,0.0,399.95,51.99,259.95,140.0
2026-04-21,LATAM,Online,Home & Kitchen,Cookware Set,1,129.99,0.0,129.99,84.49,84.49,45.5
2026-04-21,North America,In-store,Beauty & Wellness,Vitamin C Serum,8,29.99,0.0,239.92,10.5,84.0,155.92
2026-04-21,North America,In-store,Electronics,USB-C Charger,14,19.99,0.0,279.86,10.99,153.86,126.0
2026-04-21,North America,Online,Beauty & Wellness,Electric Toothbrush,12,59.99,0.1,647.89,32.99,395.88,252.01
2026-04-21,North America,Online,Electronics,Wireless Earbuds,6,79.99,0.2,383.95,51.99,311.94,72.01
2026-04-21,UK & Ireland,In-store,Apparel,Running Tee,1,24.99,0.1,22.49,11.25,11.25,11.24
2026-04-21,UK & Ireland,In-store,Apparel,Wool Socks 3-pack,1,14.99,0.1,13.49,6.0,6.0,7.49
2026-04-22,EMEA,In-store,Apparel,Denim Jacket,4,69.99,0.15,237.97,34.99,139.96,98.01
2026-04-22,EMEA,In-store,Electronics,Smart Speaker,4,49.99,0.0,199.96,34.99,139.96,60.0
2026-04-22,EMEA,In-store,Home & Kitchen,Cookware Set,1,129.99,0.0,129.99,84.49,84.49,45.5
2026-04-22,EMEA,Online,Apparel,Running Tee,6,24.99,0.0,149.94,11.25,67.5,82.44
2026-04-22,EMEA,Online,Media & Entertainment,Board Game,2,34.99,0.1,62.98,19.24,38.48,24.5
2026-04-22,LATAM,In-store,Apparel,Wool Socks 3-pack,3,14.99,0.2,35.98,6.0,18.0,17.98
2026-04-22,LATAM,In-store,Beauty & Wellness,Vitamin C Serum,3,29.99,0.1,80.97,10.5,31.5,49.47
2026-04-22,LATAM,In-store,Home & Kitchen,Coffee Grinder,3,39.99,0.15,101.97,23.99,71.97,30.0
2026-04-22,LATAM,In-store,Media & Entertainment,Vinyl Record,1,27.99,0.2,22.39,16.79,16.79,5.6
2026-04-22,LATAM,Online,Beauty & Wellness,Vitamin C Serum,3,29.99,0.0,89.97,10.5,31.5,58.47
2026-04-22,North America,In-store,Apparel,Denim Jacket,2,69.99,0.1,125.98,34.99,69.98,56.0
2026-04-22,North America,In-store,Electronics,USB-C Charger,8,19.99,0.0,159.92,10.99,87.92,72.0
2026-04-22,North America,Online,Electronics,Smart Speaker,4,49.99,0.0,199.96,34.99,139.96,60.0
2026-04-22,UK & Ireland,Online,Beauty & Wellness,Electric Toothbrush,7,59.99,0.1,377.94,32.99,230.93,147.01
2026-04-22,UK & Ireland,Online,Home & Kitchen,Air Fryer,4,89.99,0.0,359.96,62.99,251.96,108.0
2026-04-23,APAC,In-store,Apparel,Denim Jacket,2,69.99,0.0,139.98,34.99,69.98,70.0
2026-04-23,APAC,In-store,Home & Kitchen,Cookware Set,2,129.99,0.2,207.98,84.49,168.98,39.0
2026-04-23,APAC,Online,Home & Kitchen,Coffee Grinder,6,39.99,0.0,239.94,23.99,143.94,96.0
2026-04-23,APAC,Online,Media & Entertainment,Board Game,5,34.99,0.0,174.95,19.24,96.2,78.75
2026-04-23,APAC,Online,Media & Entertainment,Vinyl Record,5,27.99,0.0,139.95,16.79,83.95,56.0
2026-04-23,EMEA,Online,Apparel,Wool Socks 3-pack,2,14.99,0.1,26.98,6.0,12.0,14.98
2026-04-23,EMEA,Online,Media & Entertainment,Blu-ray Box Set,1,39.99,0.0,39.99,29.99,29.99,10.0
2026-04-23,LATAM,In-store,Beauty & Wellness,Vitamin C Serum,7,29.99,0.15,178.44,10.5,73.5,104.94
2026-04-23,LATAM,In-store,Media & Entertainment,Blu-ray Box Set,1,39.99,0.25,29.99,29.99,29.99,0.0
2026-04-23,LATAM,Online,Apparel,Wool Socks 3-pack,3,14.99,0.0,44.97,6.0,18.0,26.97
2026-04-23,LATAM,Online,Beauty & Wellness,Vitamin C Serum,6,29.99,0.0,179.94,10.5,63.0,116.94
2026-04-23,LATAM,Online,Electronics,Smart Speaker,2,49.99,0.0,99.98,34.99,69.98,30.0
2026-04-23,LATAM,Online,Media & Entertainment,Vinyl Record,1,27.99,0.0,27.99,16.79,16.79,11.2
2026-04-23,North America,In-store,Apparel,Wool Socks 3-pack,8,14.99,0.0,119.92,6.0,48.0,71.92
2026-04-23,North America,In-store,Beauty & Wellness,Vitamin C Serum,9,29.99,0.1,242.92,10.5,94.5,148.42
2026-04-23,North America,In-store,Home & Kitchen,Coffee Grinder,5,39.99,0.0,199.95,23.99,119.95,80.0
2026-04-23,North America,In-store,Home & Kitchen,Cookware Set,2,129.99,0.2,207.98,84.49,168.98,39.0
2026-04-23,UK & Ireland,In-store,Beauty & Wellness,Vitamin C Serum,9,29.99,0.0,269.91,10.5,94.5,175.41
2026-04-23,UK & Ireland,In-store,Home & Kitchen,Cookware Set,3,129.99,0.0,389.97,84.49,253.47,136.5
2026-04-23,UK & Ireland,Online,Beauty & Wellness,Vitamin C Serum,7,29.99,0.0,209.93,10.5,73.5,136.43
2026-04-23,UK & Ireland,Online,Media & Entertainment,Vinyl Record,5,27.99,0.0,139.95,16.79,83.95,56.0
2026-04-24,APAC,In-store,Apparel,Running Tee,9,24.99,0.0,224.91,11.25,101.25,123.66
2026-04-24,APAC,In-store,Beauty & Wellness,Vitamin C Serum,11,29.99,0.0,329.89,10.5,115.5,214.39
2026-04-24,APAC,In-store,Media & Entertainment,Blu-ray Box Set,2,39.99,0.0,79.98,29.99,59.98,20.0
2026-04-24,APAC,Online,Electronics,USB-C Charger,16,19.99,0.0,319.84,10.99,175.84,144.0
2026-04-24,APAC,Online,Home & Kitchen,Coffee Grinder,2,39.99,0.0,79.98,23.99,47.98,32.0
2026-04-24,APAC,Online,Media & Entertainment,Board Game,2,34.99,0.15,59.48,19.24,38.48,21.0
2026-04-24,EMEA,In-store,Apparel,Running Tee,9,24.99,0.25,168.68,11.25,101.25,67.43
2026-04-24,EMEA,In-store,Beauty & Wellness,Electric Toothbrush,4,59.99,0.0,239.96,32.99,131.96,108.0
2026-04-24,EMEA,In-store,Beauty & Wellness,Vitamin C Serum,6,29.99,0.25,134.95,10.5,63.0,71.95
2026-04-24,EMEA,In-store,Electronics,Smart Speaker,1,49.99,0.2,39.99,34.99,34.99,5.0
2026-04-24,EMEA,In-store,Home & Kitchen,Air Fryer,5,89.99,0.0,449.95,62.99,314.95,135.0
2026-04-24,EMEA,Online,Apparel,Running Tee,4,24.99,0.25,74.97,11.25,45.0,29.97
2026-04-24,EMEA,Online,Electronics,Smart Speaker,6,49.99,0.0,299.94,34.99,209.94,90.0
2026-04-24,North America,In-store,Apparel,Denim Jacket,2,69.99,0.0,139.98,34.99,69.98,70.0
2026-04-24,North America,In-store,Electronics,Smart Speaker,8,49.99,0.0,399.92,34.99,279.92,120.0
2026-04-24,North America,In-store,Electronics,Wireless Earbuds,12,79.99,0.25,719.91,51.99,623.88,96.03
2026-04-24,North America,Online,Apparel,Running Tee,8,24.99,0.0,199.92,11.25,90.0,109.92
2026-04-24,North America,Online,Home & Kitchen,Coffee Grinder,5,39.99,0.0,199.95,23.99,119.95,80.0
2026-04-24,UK & Ireland,In-store,Apparel,Running Tee,4,24.99,0.1,89.96,11.25,45.0,44.96
2026-04-24,UK & Ireland,In-store,Beauty & Wellness,Collagen Powder,5,34.99,0.25,131.21,14.0,70.0,61.21
2026-04-24,UK & Ireland,In-store,Beauty & Wellness,Electric Toothbrush,5,59.99,0.0,299.95,32.99,164.95,135.0
2026-04-24,UK & Ireland,In-store,Electronics,Wireless Earbuds,8,79.99,0.25,479.94,51.99,415.92,64.02
2026-04-25,APAC,In-store,Apparel,Running Tee,6,24.99,0.0,149.94,11.25,67.5,82.44
2026-04-25,APAC,In-store,Beauty & Wellness,Electric Toothbrush,6,59.99,0.15,305.95,32.99,197.94,108.01
2026-04-25,APAC,In-store,Home & Kitchen,Air Fryer,9,89.99,0.0,809.91,62.99,566.91,243.0
2026-04-25,APAC,Online,Apparel,Denim Jacket,3,69.99,0.0,209.97,34.99,104.97,105.0
2026-04-25,EMEA,In-store,Beauty & Wellness,Electric Toothbrush,3,59.99,0.0,179.97,32.99,98.97,81.0
2026-04-25,LATAM,In-store,Electronics,Wireless Earbuds,11,79.99,0.25,659.92,51.99,571.89,88.03
2026-04-25,North America,Online,Beauty & Wellness,Collagen Powder,12,34.99,0.2,335.9,14.0,168.0,167.9
2026-04-25,North America,Online,Home & Kitchen,Coffee Grinder,8,39.99,0.0,319.92,23.99,191.92,128.0
2026-04-25,UK & Ireland,In-store,Beauty & Wellness,Vitamin C Serum,9,29.99,0.0,269.91,10.5,94.5,175.41
2026-04-25,UK & Ireland,Online,Apparel,Denim Jacket,2,69.99,0.0,139.98,34.99,69.98,70.0
2026-04-26,EMEA,Online,Media & Entertainment,Blu-ray Box Set,1,39.99,0.0,39.99,29.99,29.99,10.0
2026-04-26,EMEA,Online,Media & Entertainment,Vinyl Record,4,27.99,0.0,111.96,16.79,67.16,44.8
2026-04-26,LATAM,In-store,Electronics,Smart Speaker,3,49.99,0.0,149.97,34.99,104.97,45.0
2026-04-26,LATAM,In-store,Electronics,USB-C Charger,5,19.99,0.2,79.96,10.99,54.95,25.01
2026-04-26,LATAM,Online,Apparel,Wool Socks 3-pack,5,14.99,0.2,59.96,6.0,30.0,29.96
2026-04-26,North America,In-store,Apparel,Running Tee,8,24.99,0.0,199.92,11.25,90.0,109.92
2026-04-26,North America,Online,Electronics,Wireless Earbuds,5,79.99,0.0,399.95,51.99,259.95,140.0
2026-04-26,UK & Ireland,In-store,Home & Kitchen,Air Fryer,5,89.99,0.0,449.95,62.99,314.95,135.0
2026-04-27,APAC,In-store,Electronics,USB-C Charger,12,19.99,0.0,239.88,10.99,131.88,108.0
2026-04-27,APAC,Online,Beauty & Wellness,Electric Toothbrush,2,59.99,0.0,119.98,32.99,65.98,54.0
2026-04-27,APAC,Online,Electronics,Wireless Earbuds,7,79.99,0.0,559.93,51.99,363.93,196.0
2026-04-27,EMEA,In-store,Media & Entertainment,Vinyl Record,3,27.99,0.0,83.97,16.79,50.37,33.6
2026-04-27,EMEA,Online,Home & Kitchen,Coffee Grinder,3,39.99,0.1,107.97,23.99,71.97,36.0
2026-04-27,LATAM,In-store,Apparel,Wool Socks 3-pack,1,14.99,0.0,14.99,6.0,6.0,8.99
2026-04-27,LATAM,In-store,Electronics,Wireless Earbuds,3,79.99,0.25,179.98,51.99,155.97,24.01
2026-04-27,LATAM,In-store,Home & Kitchen,Cookware Set,1,129.99,0.0,129.99,84.49,84.49,45.5
2026-04-27,LATAM,Online,Apparel,Wool Socks 3-pack,2,14.99,0.0,29.98,6.0,12.0,17.98
2026-04-27,LATAM,Online,Home & Kitchen,Coffee Grinder,3,39.99,0.0,119.97,23.99,71.97,48.0
2026-04-27,North America,In-store,Apparel,Running Tee,5,24.99,0.0,124.95,11.25,56.25,68.7
2026-04-27,North America,In-store,Beauty & Wellness,Vitamin C Serum,11,29.99,0.0,329.89,10.5,115.5,214.39
2026-04-27,North America,In-store,Electronics,USB-C Charger,7,19.99,0.0,139.93,10.99,76.93,63.0
2026-04-27,North America,Online,Home & Kitchen,Air Fryer,6,89.99,0.1,485.95,62.99,377.94,108.01
2026-04-27,UK & Ireland,In-store,Beauty & Wellness,Electric Toothbrush,2,59.99,0.0,119.98,32.99,65.98,54.0
2026-04-27,UK & Ireland,In-store,Electronics,Smart Speaker,4,49.99,0.1,179.96,34.99,139.96,40.0
2026-04-27,UK & Ireland,In-store,Home & Kitchen,Coffee Grinder,3,39.99,0.0,119.97,23.99,71.97,48.0
2026-04-27,UK & Ireland,Online,Apparel,Wool Socks 3-pack,2,14.99,0.0,29.98,6.0,12.0,17.98
2026-04-27,UK & Ireland,Online,Home & Kitchen,Air Fryer,9,89.99,0.15,688.42,62.99,566.91,121.51
2026-04-28,EMEA,In-store,Apparel,Running Tee,2,24.99,0.0,49.98,11.25,22.5,27.48
2026-04-28,EMEA,Online,Media & Entertainment,Board Game,1,34.99,0.0,34.99,19.24,19.24,15.75
2026-04-28,North America,In-store,Beauty & Wellness,Electric Toothbrush,11,59.99,0.0,659.89,32.99,362.89,297.0
2026-04-28,North America,Online,Apparel,Running Tee,6,24.99,0.1,134.95,11.25,67.5,67.45
2026-04-28,UK & Ireland,In-store,Apparel,Wool Socks 3-pack,2,14.99,0.1,26.98,6.0,12.0,14.98
2026-04-28,UK & Ireland,Online,Home & Kitchen,Coffee Grinder,2,39.99,0.0,79.98,23.99,47.98,32.0
2026-04-28,UK & Ireland,Online,Media & Entertainment,Vinyl Record,3,27.99,0.0,83.97,16.79,50.37,33.6
2026-04-29,APAC,In-store,Home & Kitchen,Air Fryer,7,89.99,0.0,629.93,62.99,440.93,189.0
2026-04-29,APAC,Online,Home & Kitchen,Coffee Grinder,8,39.99,0.0,319.92,23.99,191.92,128.0
2026-04-29,APAC,Online,Media & Entertainment,Blu-ray Box Set,2,39.99,0.0,79.98,29.99,59.98,20.0
2026-04-29,EMEA,In-store,Beauty & Wellness,Collagen Powder,4,34.99,0.1,125.96,14.0,56.0,69.96
2026-04-29,EMEA,In-store,Media & Entertainment,Board Game,1,34.99,0.0,34.99,19.24,19.24,15.75
2026-04-29,EMEA,Online,Media & Entertainment,Board Game,1,34.99,0.0,34.99,19.24,19.24,15.75
2026-04-29,LATAM,Online,Apparel,Denim Jacket,2,69.99,0.0,139.98,34.99,69.98,70.0
2026-04-29,LATAM,Online,Media & Entertainment,Board Game,1,34.99,0.1,31.49,19.24,19.24,12.25
2026-04-29,North America,In-store,Home & Kitchen,Cookware Set,2,129.99,0.0,259.98,84.49,168.98,91.0
2026-04-29,North America,In-store,Media & Entertainment,Vinyl Record,3,27.99,0.1,75.57,16.79,50.37,25.2
2026-04-29,UK & Ireland,In-store,Home & Kitchen,Air Fryer,9,89.99,0.1,728.92,62.99,566.91,162.01
2026-04-30,APAC,In-store,Electronics,Smart Speaker,8,49.99,0.0,399.92,34.99,279.92,120.0
2026-04-30,APAC,In-store,Home & Kitchen,Coffee Grinder,2,39.99,0.0,79.98,23.99,47.98,32.0
2026-04-30,APAC,Online,Apparel,Running Tee,6,24.99,0.0,149.94,11.25,67.5,82.44
2026-04-30,APAC,Online,Apparel,Wool Socks 3-pack,10,14.99,0.0,149.9,6.0,60.0,89.9
2026-04-30,APAC,Online,Electronics,Wireless Earbuds,7,79.99,0.0,559.93,51.99,363.93,196.0
2026-04-30,APAC,Online,Media & Entertainment,Vinyl Record,2,27.99,0.0,55.98,16.79,33.58,22.4
2026-04-30,EMEA,In-store,Home & Kitchen,Air Fryer,5,89.99,0.2,359.96,62.99,314.95,45.01
2026-04-30,EMEA,Online,Electronics,Smart Speaker,4,49.99,0.0,199.96,34.99,139.96,60.0
2026-04-30,EMEA,Online,Media & Entertainment,Board Game,2,34.99,0.1,62.98,19.24,38.48,24.5
2026-04-30,EMEA,Online,Media & Entertainment,Vinyl Record,2,27.99,0.0,55.98,16.79,33.58,22.4
2026-04-30,North America,In-store,Apparel,Wool Socks 3-pack,6,14.99,0.0,89.94,6.0,36.0,53.94
2026-04-30,North America,In-store,Beauty & Wellness,Collagen Powder,9,34.99,0.15,267.67,14.0,126.0,141.67
2026-04-30,North America,In-store,Electronics,Smart Speaker,6,49.99,0.1,269.95,34.99,209.94,60.01
2026-04-30,North America,In-store,Media & Entertainment,Blu-ray Box Set,5,39.99,0.0,199.95,29.99,149.95,50.0
2026-04-30,North America,Online,Apparel,Denim Jacket,3,69.99,0.0,209.97,34.99,104.97,105.0
2026-04-30,North America,Online,Beauty & Wellness,Electric Toothbrush,8,59.99,0.2,383.94,32.99,263.92,120.02
2026-04-30,UK & Ireland,In-store,Apparel,Wool Socks 3-pack,4,14.99,0.0,59.96,6.0,24.0,35.96
2026-04-30,UK & Ireland,In-store,Home & Kitchen,Coffee Grinder,8,39.99,0.0,319.92,23.99,191.92,128.0
2026-05-01,APAC,In-store,Electronics,Smart Speaker,8,49.99,0.0,399.92,34.99,279.92,120.0
2026-05-01,APAC,Online,Electronics,Smart Speaker,5,49.99,0.0,249.95,34.99,174.95,75.0
2026-05-01,APAC,Online,Electronics,Wireless Earbuds,6,79.99,0.0,479.94,51.99,311.94,168.0
2026-05-01,EMEA,In-store,Electronics,Wireless Earbuds,2,79.99,0.1,143.98,51.99,103.98,40.0
2026-05-01,EMEA,Online,Home & Kitchen,Coffee Grinder,7,39.99,0.0,279.93,23.99,167.93,112.0
2026-05-01,LATAM,In-store,Beauty & Wellness,Collagen Powder,4,34.99,0.0,139.96,14.0,56.0,83.96
2026-05-01,LATAM,In-store,Electronics,Wireless Earbuds,1,79.99,0.2,63.99,51.99,51.99,12.0
2026-05-01,LATAM,Online,Media & Entertainment,Board Game,3,34.99,0.15,89.22,19.24,57.72,31.5
2026-05-01,North America,In-store,Beauty & Wellness,Collagen Powder,12,34.99,0.0,419.88,14.0,168.0,251.88
2026-05-01,North America,Online,Media & Entertainment,Board Game,6,34.99,0.0,209.94,19.24,115.44,94.5
2026-05-02,APAC,In-store,Media & Entertainment,Board Game,4,34.99,0.0,139.96,19.24,76.96,63.0
2026-05-02,APAC,Online,Apparel,Denim Jacket,7,69.99,0.0,489.93,34.99,244.93,245.0
2026-05-02,EMEA,In-store,Beauty & Wellness,Electric Toothbrush,11,59.99,0.0,659.89,32.99,362.89,297.0
2026-05-02,EMEA,Online,Home & Kitchen,Coffee Grinder,7,39.99,0.1,251.94,23.99,167.93,84.01
2026-05-02,EMEA,Online,Media & Entertainment,Blu-ray Box Set,1,39.99,0.1,35.99,29.99,29.99,6.0
2026-05-02,EMEA,Online,Media & Entertainment,Vinyl Record,1,27.99,0.0,27.99,16.79,16.79,11.2
2026-05-02,LATAM,In-store,Electronics,USB-C Charger,4,19.99,0.0,79.96,10.99,43.96,36.0
2026-05-02,LATAM,In-store,Home & Kitchen,Coffee Grinder,1,39.99,0.0,39.99,23.99,23.99,16.0
2026-05-02,LATAM,Online,Home & Kitchen,Cookware Set,1,129.99,0.0,129.99,84.49,84.49,45.5
2026-05-02,North America,Online,Apparel,Running Tee,8,24.99,0.25,149.94,11.25,90.0,59.94
2026-05-02,North America,Online,Beauty & Wellness,Collagen Powder,6,34.99,0.1,188.95,14.0,84.0,104.95
2026-05-02,North America,Online,Beauty & Wellness,Electric Toothbrush,6,59.99,0.15,305.95,32.99,197.94,108.01
2026-05-02,North America,Online,Media & Entertainment,Board Game,4,34.99,0.15,118.97,19.24,76.96,42.01
2026-05-03,APAC,In-store,Beauty & Wellness,Collagen Powder,10,34.99,0.0,349.9,14.0,140.0,209.9
2026-05-03,APAC,Online,Beauty & Wellness,Collagen Powder,9,34.99,0.1,283.42,14.0,126.0,157.42
2026-05-03,APAC,Online,Electronics,Smart Speaker,6,49.99,0.15,254.95,34.99,209.94,45.01
2026-05-03,APAC,Online,Home & Kitchen,Air Fryer,2,89.99,0.0,179.98,62.99,125.98,54.0
2026-05-03,APAC,Online,Home & Kitchen,Coffee Grinder,4,39.99,0.0,159.96,23.99,95.96,64.0
2026-05-03,EMEA,In-store,Apparel,Denim Jacket,1,69.99,0.0,69.99,34.99,34.99,35.0
2026-05-03,LATAM,In-store,Electronics,Wireless Earbuds,1,79.99,0.0,79.99,51.99,51.99,28.0
2026-05-03,LATAM,In-store,Home & Kitchen,Air Fryer,4,89.99,0.15,305.97,62.99,251.96,54.01
2026-05-03,LATAM,Online,Media & Entertainment,Board Game,1,34.99,0.15,29.74,19.24,19.24,10.5
2026-05-03,North America,In-store,Beauty & Wellness,Electric Toothbrush,5,59.99,0.0,299.95,32.99,164.95,135.0
2026-05-03,North America,Online,Electronics,Smart Speaker,5,49.99,0.1,224.96,34.99,174.95,50.01
2026-05-03,UK & Ireland,In-store,Home & Kitchen,Air Fryer,2,89.99,0.15,152.98,62.99,125.98,27.0
2026-05-03,UK & Ireland,Online,Beauty & Wellness,Vitamin C Serum,11,29.99,0.0,329.89,10.5,115.5,214.39
2026-05-03,UK & Ireland,Online,Electronics,USB-C Charger,9,19.99,0.25,134.93,10.99,98.91,36.02
2026-05-03,UK & Ireland,Online,Home & Kitchen,Cookware Set,3,129.99,0.1,350.97,84.49,253.47,97.5
2026-05-04,APAC,In-store,Media & Entertainment,Board Game,3,34.99,0.15,89.22,19.24,57.72,31.5
2026-05-04,EMEA,In-store,Apparel,Wool Socks 3-pack,5,14.99,0.25,56.21,6.0,30.0,26.21
2026-05-04,EMEA,In-store,Media & Entertainment,Board Game,1,34.99,0.0,34.99,19.24,19.24,15.75
2026-05-04,EMEA,Online,Home & Kitchen,Cookware Set,2,129.99,0.0,259.98,84.49,168.98,91.0
2026-05-04,LATAM,In-store,Beauty & Wellness,Electric Toothbrush,4,59.99,0.25,179.97,32.99,131.96,48.01
2026-05-04,North America,In-store,Apparel,Wool Socks 3-pack,8,14.99,0.0,119.92,6.0,48.0,71.92
2026-05-04,North America,Online,Apparel,Wool Socks 3-pack,6,14.99,0.1,80.95,6.0,36.0,44.95
2026-05-04,North America,Online,Beauty & Wellness,Collagen Powder,9,34.99,0.0,314.91,14.0,126.0,188.91
2026-05-04,North America,Online,Home & Kitchen,Coffee Grinder,4,39.99,0.0,159.96,23.99,95.96,64.0
2026-05-04,North America,Online,Media & Entertainment,Blu-ray Box Set,2,39.99,0.0,79.98,29.99,59.98,20.0
2026-05-04,UK & Ireland,In-store,Home & Kitchen,Cookware Set,1,129.99,0.0,129.99,84.49,84.49,45.5
2026-05-04,UK & Ireland,Online,Apparel,Running Tee,4,24.99,0.1,89.96,11.25,45.0,44.96
2026-05-04,UK & Ireland,Online,Home & Kitchen,Cookware Set,1,129.99,0.25,97.49,84.49,84.49,13.0
2026-05-05,APAC,In-store,Home & Kitchen,Cookware Set,5,129.99,0.0,649.95,84.49,422.45,227.5
2026-05-05,APAC,Online,Apparel,Denim Jacket,4,69.99,0.0,279.96,34.99,139.96,140.0
2026-05-05,EMEA,In-store,Electronics,USB-C Charger,4,19.99,0.25,59.97,10.99,43.96,16.01
2026-05-05,EMEA,In-store,Home & Kitchen,Air Fryer,3,89.99,0.15,229.47,62.99,188.97,40.5
2026-05-05,EMEA,Online,Home & Kitchen,Coffee Grinder,4,39.99,0.15,135.97,23.99,95.96,40.01
2026-05-05,EMEA,Online,Media & Entertainment,Vinyl Record,2,27.99,0.0,55.98,16.79,33.58,22.4
2026-05-05,LATAM,In-store,Apparel,Running Tee,1,24.99,0.0,24.99,11.25,11.25,13.74
2026-05-05,LATAM,In-store,Home & Kitchen,Air Fryer,5,89.99,0.15,382.46,62.99,314.95,67.51
2026-05-05,LATAM,In-store,Home & Kitchen,Cookware Set,2,129.99,0.1,233.98,84.49,168.98,65.0
2026-05-05,LATAM,Online,Apparel,Running Tee,2,24.99,0.0,49.98,11.25,22.5,27.48
2026-05-05,LATAM,Online,Apparel,Wool Socks 3-pack,3,14.99,0.0,44.97,6.0,18.0,26.97
2026-05-05,North America,In-store,Apparel,Wool Socks 3-pack,7,14.99,0.25,78.7,6.0,42.0,36.7
2026-05-05,North America,Online,Media & Entertainment,Blu-ray Box Set,4,39.99,0.2,127.97,29.99,119.96,8.01
2026-05-05,UK & Ireland,In-store,Media & Entertainment,Board Game,4,34.99,0.0,139.96,19.24,76.96,63.0
2026-05-05,UK & Ireland,Online,Beauty & Wellness,Vitamin C Serum,8,29.99,0.0,239.92,10.5,84.0,155.92
2026-05-06,APAC,Online,Apparel,Running Tee,5,24.99,0.0,124.95,11.25,56.25,68.7
2026-05-06,APAC,Online,Apparel,Wool Socks 3-pack,2,14.99,0.0,29.98,6.0,12.0,17.98
2026-05-06,APAC,Online,Beauty & Wellness,Collagen Powder,9,34.99,0.0,314.91,14.0,126.0,188.91
2026-05-06,APAC,Online,Electronics,USB-C Charger,5,19.99,0.1,89.95,10.99,54.95,35.0
2026-05-06,APAC,Online,Home & Kitchen,Air Fryer,10,89.99,0.0,899.9,62.99,629.9,270.0
2026-05-06,EMEA,In-store,Apparel,Denim Jacket,1,69.99,0.0,69.99,34.99,34.99,35.0
2026-05-06,EMEA,In-store,Home & Kitchen,Air Fryer,3,89.99,0.15,229.47,62.99,188.97,40.5
2026-05-06,EMEA,Online,Apparel,Denim Jacket,3,69.99,0.0,209.97,34.99,104.97,105.0
2026-05-06,LATAM,In-store,Beauty & Wellness,Vitamin C Serum,5,29.99,0.0,149.95,10.5,52.5,97.45
2026-05-06,LATAM,Online,Apparel,Denim Jacket,2,69.99,0.25,104.98,34.99,69.98,35.0
2026-05-06,North America,In-store,Apparel,Running Tee,2,24.99,0.0,49.98,11.25,22.5,27.48
2026-05-06,UK & Ireland,In-store,Home & Kitchen,Air Fryer,6,89.99,0.1,485.95,62.99,377.94,108.01
2026-05-06,UK & Ireland,In-store,Media & Entertainment,Blu-ray Box Set,2,39.99,0.25,59.98,29.99,59.98,0.0
2026-05-06,UK & Ireland,Online,Apparel,Running Tee,5,24.99,0.0,124.95,11.25,56.25,68.7
2026-05-06,UK & Ireland,Online,Electronics,Smart Speaker,1,49.99,0.25,37.49,34.99,34.99,2.5
2026-05-06,UK & Ireland,Online,Electronics,Wireless Earbuds,6,79.99,0.15,407.95,51.99,311.94,96.01
2026-05-06,UK & Ireland,Online,Home & Kitchen,Coffee Grinder,6,39.99,0.0,239.94,23.99,143.94,96.0
2026-05-07,APAC,In-store,Apparel,Denim Jacket,2,69.99,0.0,139.98,34.99,69.98,70.0
2026-05-07,APAC,In-store,Electronics,USB-C Charger,12,19.99,0.15,203.9,10.99,131.88,72.02
2026-05-07,APAC,In-store,Electronics,Wireless Earbuds,7,79.99,0.1,503.94,51.99,363.93,140.01
2026-05-07,APAC,In-store,Home & Kitchen,Coffee Grinder,5,39.99,0.1,179.96,23.99,119.95,60.01
2026-05-07,APAC,Online,Apparel,Running Tee,7,24.99,0.25,131.2,11.25,78.75,52.45
2026-05-07,EMEA,Online,Media & Entertainment,Vinyl Record,2,27.99,0.2,44.78,16.79,33.58,11.2
2026-05-07,North America,In-store,Electronics,USB-C Charger,12,19.99,0.0,239.88,10.99,131.88,108.0
2026-05-07,UK & Ireland,In-store,Electronics,USB-C Charger,6,19.99,0.0,119.94,10.99,65.94,54.0
2026-05-07,UK & Ireland,Online,Apparel,Wool Socks 3-pack,6,14.99,0.25,67.45,6.0,36.0,31.45
2026-05-07,UK & Ireland,Online,Media & Entertainment,Blu-ray Box Set,3,39.99,0.0,119.97,29.99,89.97,30.0
2026-05-08,EMEA,In-store,Apparel,Running Tee,2,24.99,0.0,49.98,11.25,22.5,27.48
2026-05-08,EMEA,Online,Beauty & Wellness,Vitamin C Serum,12,29.99,0.0,359.88,10.5,126.0,233.88
2026-05-08,LATAM,In-store,Apparel,Denim Jacket,2,69.99,0.15,118.98,34.99,69.98,49.0
2026-05-08,LATAM,In-store,Media & Entertainment,Vinyl Record,4,27.99,0.0,111.96,16.79,67.16,44.8
2026-05-08,North America,Online,Apparel,Denim Jacket,5,69.99,0.1,314.95,34.99,174.95,140.0
2026-05-08,North America,Online,Apparel,Wool Socks 3-pack,6,14.99,0.0,89.94,6.0,36.0,53.94
2026-05-08,North America,Online,Beauty & Wellness,Vitamin C Serum,6,29.99,0.0,179.94,10.5,63.0,116.94
2026-05-08,North America,Online,Electronics,Wireless Earbuds,10,79.99,0.0,799.9,51.99,519.9,280.0
2026-05-08,North America,Online,Home & Kitchen,Cookware Set,2,129.99,0.0,259.98,84.49,168.98,91.0
2026-05-08,UK & Ireland,In-store,Beauty & Wellness,Electric Toothbrush,6,59.99,0.1,323.95,32.99,197.94,126.01
2026-05-09,APAC,In-store,Electronics,Wireless Earbuds,9,79.99,0.1,647.92,51.99,467.91,180.01
2026-05-09,APAC,Online,Electronics,Smart Speaker,8,49.99,0.15,339.93,34.99,279.92,60.01
2026-05-09,EMEA,In-store,Home & Kitchen,Coffee Grinder,5,39.99,0.0,199.95,23.99,119.95,80.0
2026-05-09,EMEA,In-store,Home & Kitchen,Cookware Set,1,129.99,0.0,129.99,84.49,84.49,45.5
2026-05-09,EMEA,In-store,Media & Entertainment,Blu-ray Box Set,4,39.99,0.2,127.97,29.99,119.96,8.01
2026-05-09,EMEA,Online,Beauty & Wellness,Vitamin C Serum,7,29.99,0.25,157.45,10.5,73.5,83.95
2026-05-09,EMEA,Online,Media & Entertainment,Board Game,4,34.99,0.0,139.96,19.24,76.96,63.0
2026-05-09,LATAM,In-store,Media & Entertainment,Board Game,4,34.99,0.0,139.96,19.24,76.96,63.0
2026-05-09,LATAM,Online,Media & Entertainment,Blu-ray Box Set,3,39.99,0.2,95.98,29.99,89.97,6.01
2026-05-09,North America,In-store,Apparel,Wool Socks 3-pack,7,14.99,0.0,104.93,6.0,42.0,62.93
2026-05-09,North America,In-store,Beauty & Wellness,Collagen Powder,10,34.99,0.2,279.92,14.0,140.0,139.92
2026-05-09,North America,In-store,Home & Kitchen,Coffee Grinder,1,39.99,0.25,29.99,23.99,23.99,6.0
2026-05-09,North America,In-store,Home & Kitchen,Cookware Set,1,129.99,0.0,129.99,84.49,84.49,45.5
2026-05-09,North America,In-store,Media & Entertainment,Board Game,5,34.99,0.0,174.95,19.24,96.2,78.75
2026-05-09,North America,Online,Electronics,Smart Speaker,12,49.99,0.0,599.88,34.99,419.88,180.0
2026-05-09,UK & Ireland,Online,Electronics,USB-C Charger,16,19.99,0.0,319.84,10.99,175.84,144.0
2026-05-10,APAC,Online,Media & Entertainment,Blu-ray Box Set,1,39.99,0.15,33.99,29.99,29.99,4.0
2026-05-10,EMEA,In-store,Apparel,Wool Socks 3-pack,3,14.99,0.0,44.97,6.0,18.0,26.97
2026-05-10,EMEA,Online,Beauty & Wellness,Collagen Powder,12,34.99,0.0,419.88,14.0,168.0,251.88
2026-05-10,EMEA,Online,Beauty & Wellness,Electric Toothbrush,10,59.99,0.0,599.9,32.99,329.9,270.0
2026-05-10,LATAM,In-store,Home & Kitchen,Coffee Grinder,3,39.99,0.0,119.97,23.99,71.97,48.0
2026-05-10,LATAM,Online,Apparel,Running Tee,4,24.99,0.0,99.96,11.25,45.0,54.96
2026-05-10,LATAM,Online,Beauty & Wellness,Vitamin C Serum,10,29.99,0.0,299.9,10.5,105.0,194.9
2026-05-10,North America,In-store,Electronics,Smart Speaker,7,49.99,0.25,262.45,34.99,244.93,17.52
2026-05-10,North America,Online,Apparel,Denim Jacket,2,69.99,0.0,139.98,34.99,69.98,70.0
2026-05-10,North America,Online,Apparel,Wool Socks 3-pack,6,14.99,0.25,67.45,6.0,36.0,31.45
2026-05-10,North America,Online,Home & Kitchen,Coffee Grinder,9,39.99,0.15,305.92,23.99,215.91,90.01
2026-05-10,North America,Online,Media & Entertainment,Vinyl Record,4,27.99,0.0,111.96,16.79,67.16,44.8
2026-05-10,UK & Ireland,In-store,Beauty & Wellness,Collagen Powder,15,34.99,0.1,472.37,14.0,210.0,262.37
2026-05-10,UK & Ireland,Online,Electronics,Wireless Earbuds,9,79.99,0.0,719.91,51.99,467.91,252.0
2026-05-10,UK & Ireland,Online,Home & Kitchen,Coffee Grinder,3,39.99,0.0,119.97,23.99,71.97,48.0
2026-05-11,APAC,In-store,Apparel,Running Tee,4,24.99,0.1,89.96,11.25,45.0,44.96
2026-05-11,APAC,In-store,Electronics,Smart Speaker,4,49.99,0.0,199.96,34.99,139.96,60.0
2026-05-11,APAC,In-store,Electronics,Wireless Earbuds,4,79.99,0.15,271.97,51.99,207.96,64.01
2026-05-11,EMEA,In-store,Electronics,Wireless Earbuds,9,79.99,0.0,719.91,51.99,467.91,252.0
2026-05-11,EMEA,In-store,Home & Kitchen,Coffee Grinder,4,39.99,0.2,127.97,23.99,95.96,32.01
2026-05-11,EMEA,Online,Beauty & Wellness,Vitamin C Serum,11,29.99,0.25,247.42,10.5,115.5,131.92
2026-05-11,North America,In-store,Home & Kitchen,Cookware Set,2,129.99,0.0,259.98,84.49,168.98,91.0
2026-05-11,North America,Online,Electronics,USB-C Charger,19,19.99,0.25,284.86,10.99,208.81,76.05
2026-05-11,UK & Ireland,Online,Apparel,Wool Socks 3-pack,2,14.99,0.0,29.98,6.0,12.0,17.98
2026-05-12,EMEA,In-store,Electronics,Wireless Earbuds,9,79.99,0.15,611.92,51.99,467.91,144.01
2026-05-12,EMEA,In-store,Home & Kitchen,Cookware Set,2,129.99,0.0,259.98,84.49,168.98,91.0
2026-05-12,EMEA,Online,Beauty & Wellness,Vitamin C Serum,11,29.99,0.0,329.89,10.5,115.5,214.39
2026-05-12,LATAM,Online,Electronics,Smart Speaker,1,49.99,0.2,39.99,34.99,34.99,5.0
2026-05-12,North America,In-store,Electronics,Smart Speaker,7,49.99,0.0,349.93,34.99,244.93,105.0
2026-05-12,North America,In-store,Media & Entertainment,Blu-ray Box Set,1,39.99,0.0,39.99,29.99,29.99,10.0
2026-05-12,UK & Ireland,In-store,Beauty & Wellness,Collagen Powder,9,34.99,0.0,314.91,14.0,126.0,188.91
2026-05-12,UK & Ireland,In-store,Beauty & Wellness,Vitamin C Serum,8,29.99,0.0,239.92,10.5,84.0,155.92
2026-05-12,UK & Ireland,Online,Home & Kitchen,Air Fryer,3,89.99,0.0,269.97,62.99,188.97,81.0
2026-05-12,UK & Ireland,Online,Home & Kitchen,Coffee Grinder,3,39.99,0.25,89.98,23.99,71.97,18.01
2026-05-12,UK & Ireland,Online,Media & Entertainment,Board Game,2,34.99,0.1,62.98,19.24,38.48,24.5
2026-05-13,APAC,In-store,Electronics,Smart Speaker,6,49.99,0.0,299.94,34.99,209.94,90.0
2026-05-13,APAC,Online,Home & Kitchen,Cookware Set,5,129.99,0.2,519.96,84.49,422.45,97.51
2026-05-13,EMEA,Online,Electronics,Wireless Earbuds,5,79.99,0.0,399.95,51.99,259.95,140.0
2026-05-13,EMEA,Online,Home & Kitchen,Coffee Grinder,4,39.99,0.0,159.96,23.99,95.96,64.0
2026-05-13,EMEA,Online,Home & Kitchen,Cookware Set,6,129.99,0.0,779.94,84.49,506.94,273.0
2026-05-13,EMEA,Online,Media & Entertainment,Blu-ray Box Set,2,39.99,0.1,71.98,29.99,59.98,12.0
2026-05-13,LATAM,Online,Electronics,Smart Speaker,1,49.99,0.2,39.99,34.99,34.99,5.0
2026-05-13,LATAM,Online,Electronics,Wireless Earbuds,8,79.99,0.1,575.93,51.99,415.92,160.01
2026-05-13,North America,In-store,Media & Entertainment,Blu-ray Box Set,3,39.99,0.0,119.97,29.99,89.97,30.0
2026-05-13,North America,Online,Beauty & Wellness,Vitamin C Serum,14,29.99,0.0,419.86,10.5,147.0,272.86
2026-05-13,UK & Ireland,In-store,Apparel,Running Tee,4,24.99,0.1,89.96,11.25,45.0,44.96
2026-05-13,UK & Ireland,In-store,Home & Kitchen,Air Fryer,6,89.99,0.25,404.95,62.99,377.94,27.01
2026-05-13,UK & Ireland,Online,Apparel,Denim Jacket,3,69.99,0.0,209.97,34.99,104.97,105.0
2026-05-13,UK & Ireland,Online,Apparel,Running Tee,7,24.99,0.1,157.44,11.25,78.75,78.69
2026-05-14,APAC,In-store,Home & Kitchen,Coffee Grinder,3,39.99,0.0,119.97,23.99,71.97,48.0
2026-05-14,APAC,Online,Beauty & Wellness,Vitamin C Serum,2,29.99,0.0,59.98,10.5,21.0,38.98
2026-05-14,APAC,Online,Home & Kitchen,Air Fryer,13,89.99,0.0,1169.87,62.99,818.87,351.0
2026-05-14,EMEA,In-store,Apparel,Denim Jacket,4,69.99,0.0,279.96,34.99,139.96,140.0
2026-05-14,EMEA,Online,Apparel,Denim Jacket,1,69.99,0.0,69.99,34.99,34.99,35.0
2026-05-14,EMEA,Online,Beauty & Wellness,Electric Toothbrush,6,59.99,0.2,287.95,32.99,197.94,90.01
2026-05-14,EMEA,Online,Electronics,USB-C Charger,7,19.99,0.15,118.94,10.99,76.93,42.01
2026-05-14,EMEA,Online,Home & Kitchen,Air Fryer,4,89.99,0.0,359.96,62.99,251.96,108.0
2026-05-14,LATAM,In-store,Apparel,Wool Socks 3-pack,3,14.99,0.15,38.22,6.0,18.0,20.22
2026-05-14,LATAM,In-store,Media & Entertainment,Blu-ray Box Set,2,39.99,0.25,59.98,29.99,59.98,0.0
2026-05-14,LATAM,Online,Apparel,Denim Jacket,4,69.99,0.25,209.97,34.99,139.96,70.01
2026-05-14,North America,In-store,Apparel,Denim Jacket,1,69.99,0.1,62.99,34.99,34.99,28.0
2026-05-14,North America,In-store,Beauty & Wellness,Collagen Powder,12,34.99,0.0,419.88,14.0,168.0,251.88
2026-05-14,North America,In-store,Electronics,Wireless Earbuds,12,79.99,0.0,959.88,51.99,623.88,336.0
2026-05-14,North America,Online,Media & Entertainment,Vinyl Record,1,27.99,0.0,27.99,16.79,16.79,11.2
2026-05-15,APAC,In-store,Home & Kitchen,Cookware Set,3,129.99,0.0,389.97,84.49,253.47,136.5
2026-05-15,APAC,Online,Beauty & Wellness,Vitamin C Serum,7,29.99,0.0,209.93,10.5,73.5,136.43
2026-05-15,EMEA,In-store,Electronics,Wireless Earbuds,11,79.99,0.0,879.89,51.99,571.89,308.0
2026-05-15,EMEA,In-store,Media & Entertainment,Blu-ray Box Set,1,39.99,0.0,39.99,29.99,29.99,10.0
2026-05-15,EMEA,Online,Electronics,Smart Speaker,8,49.99,0.0,399.92,34.99,279.92,120.0
2026-05-15,LATAM,In-store,Electronics,Smart Speaker,3,49.99,0.0,149.97,34.99,104.97,45.0
2026-05-15,LATAM,In-store,Electronics,Wireless Earbuds,4,79.99,0.15,271.97,51.99,207.96,64.01
2026-05-15,LATAM,In-store,Home & Kitchen,Air Fryer,2,89.99,0.0,179.98,62.99,125.98,54.0
2026-05-15,LATAM,In-store,Media & Entertainment,Blu-ray Box Set,5,39.99,0.15,169.96,29.99,149.95,20.01
2026-05-15,North America,In-store,Media & Entertainment,Blu-ray Box Set,2,39.99,0.15,67.98,29.99,59.98,8.0
2026-05-15,North America,Online,Beauty & Wellness,Collagen Powder,10,34.99,0.2,279.92,14.0,140.0,139.92
2026-05-15,North America,Online,Media & Entertainment,Vinyl Record,2,27.99,0.0,55.98,16.79,33.58,22.4
2026-05-15,UK & Ireland,In-store,Home & Kitchen,Air Fryer,5,89.99,0.0,449.95,62.99,314.95,135.0
2026-05-15,UK & Ireland,Online,Apparel,Running Tee,7,24.99,0.0,174.93,11.25,78.75,96.18
2026-05-16,APAC,In-store,Beauty & Wellness,Collagen Powder,14,34.99,0.1,440.87,14.0,196.0,244.87
2026-05-16,APAC,In-store,Electronics,Wireless Earbuds,14,79.99,0.15,951.88,51.99,727.86,224.02
2026-05-16,APAC,In-store,Home & Kitchen,Air Fryer,8,89.99,0.0,719.92,62.99,503.92,216.0
2026-05-16,EMEA,In-store,Electronics,USB-C Charger,6,19.99,0.0,119.94,10.99,65.94,54.0
2026-05-16,EMEA,In-store,Media & Entertainment,Board Game,7,34.99,0.0,244.93,19.24,134.68,110.25
2026-05-16,EMEA,Online,Electronics,Smart Speaker,1,49.99,0.0,49.99,34.99,34.99,15.0
2026-05-16,LATAM,In-store,Electronics,Smart Speaker,2,49.99,0.0,99.98,34.99,69.98,30.0
2026-05-16,LATAM,In-store,Media & Entertainment,Vinyl Record,2,27.99,0.0,55.98,16.79,33.58,22.4
2026-05-16,North America,In-store,Beauty & Wellness,Collagen Powder,7,34.99,0.15,208.19,14.0,98.0,110.19
2026-05-16,UK & Ireland,In-store,Apparel,Running Tee,7,24.99,0.1,157.44,11.25,78.75,78.69
2026-05-16,UK & Ireland,In-store,Beauty & Wellness,Collagen Powder,5,34.99,0.0,174.95,14.0,70.0,104.95
2026-05-16,UK & Ireland,In-store,Home & Kitchen,Coffee Grinder,7,39.99,0.25,209.95,23.99,167.93,42.02
2026-05-16,UK & Ireland,Online,Apparel,Wool Socks 3-pack,6,14.99,0.2,71.95,6.0,36.0,35.95
2026-05-16,UK & Ireland,Online,Beauty & Wellness,Collagen Powder,8,34.99,0.0,279.92,14.0,112.0,167.92
2026-05-16,UK & Ireland,Online,Electronics,Wireless Earbuds,5,79.99,0.0,399.95,51.99,259.95,140.0
2026-05-17,APAC,In-store,Apparel,Denim Jacket,1,69.99,0.1,62.99,34.99,34.99,28.0
2026-05-17,APAC,In-store,Beauty & Wellness,Electric Toothbrush,5,59.99,0.0,299.95,32.99,164.95,135.0
2026-05-17,APAC,In-store,Electronics,Wireless Earbuds,9,79.99,0.0,719.91,51.99,467.91,252.0
2026-05-17,APAC,Online,Beauty & Wellness,Electric Toothbrush,6,59.99,0.0,359.94,32.99,197.94,162.0
2026-05-17,APAC,Online,Home & Kitchen,Coffee Grinder,4,39.99,0.0,159.96,23.99,95.96,64.0
2026-05-17,EMEA,In-store,Media & Entertainment,Board Game,4,34.99,0.0,139.96,19.24,76.96,63.0
2026-05-17,LATAM,In-store,Beauty & Wellness,Vitamin C Serum,1,29.99,0.0,29.99,10.5,10.5,19.49
2026-05-17,LATAM,Online,Apparel,Wool Socks 3-pack,2,14.99,0.1,26.98,6.0,12.0,14.98
2026-05-17,North America,Online,Electronics,USB-C Charger,10,19.99,0.0,199.9,10.99,109.9,90.0
2026-05-17,UK & Ireland,In-store,Media & Entertainment,Vinyl Record,1,27.99,0.0,27.99,16.79,16.79,11.2
2026-05-17,UK & Ireland,Online,Apparel,Denim Jacket,1,69.99,0.1,62.99,34.99,34.99,28.0
2026-05-18,APAC,In-store,Electronics,Smart Speaker,9,49.99,0.0,449.91,34.99,314.91,135.0
2026-05-18,APAC,In-store,Home & Kitchen,Air Fryer,6,89.99,0.2,431.95,62.99,377.94,54.01
2026-05-18,APAC,Online,Electronics,USB-C Charger,12,19.99,0.0,239.88,10.99,131.88,108.0
2026-05-18,EMEA,In-store,Apparel,Wool Socks 3-pack,5,14.99,0.0,74.95,6.0,30.0,44.95
2026-05-18,EMEA,In-store,Beauty & Wellness,Electric Toothbrush,4,59.99,0.25,179.97,32.99,131.96,48.01
2026-05-18,EMEA,Online,Apparel,Running Tee,6,24.99,0.0,149.94,11.25,67.5,82.44
2026-05-18,EMEA,Online,Electronics,Wireless Earbuds,13,79.99,0.25,779.9,51.99,675.87,104.03
2026-05-18,LATAM,In-store,Electronics,USB-C Charger,3,19.99,0.0,59.97,10.99,32.97,27.0
2026-05-18,LATAM,In-store,Electronics,Wireless Earbuds,3,79.99,0.1,215.97,51.99,155.97,60.0
2026-05-18,LATAM,In-store,Media & Entertainment,Blu-ray Box Set,1,39.99,0.0,39.99,29.99,29.99,10.0
2026-05-18,North America,In-store,Beauty & Wellness,Vitamin C Serum,5,29.99,0.0,149.95,10.5,52.5,97.45
2026-05-18,North America,In-store,Media & Entertainment,Blu-ray Box Set,5,39.99,0.25,149.96,29.99,149.95,0.01
2026-05-18,North America,Online,Beauty & Wellness,Collagen Powder,10,34.99,0.0,349.9,14.0,140.0,209.9
2026-05-18,North America,Online,Home & Kitchen,Air Fryer,5,89.99,0.0,449.95,62.99,314.95,135.0
2026-05-18,North America,Online,Home & Kitchen,Cookware Set,7,129.99,0.25,682.45,84.49,591.43,91.02
2026-05-18,North America,Online,Media & Entertainment,Vinyl Record,2,27.99,0.25,41.98,16.79,33.58,8.4
2026-05-18,UK & Ireland,In-store,Beauty & Wellness,Vitamin C Serum,7,29.99,0.0,209.93,10.5,73.5,136.43
2026-05-18,UK & Ireland,In-store,Home & Kitchen,Coffee Grinder,7,39.99,0.1,251.94,23.99,167.93,84.01
2026-05-18,UK & Ireland,Online,Apparel,Denim Jacket,2,69.99,0.1,125.98,34.99,69.98,56.0
2026-05-19,APAC,In-store,Beauty & Wellness,Collagen Powder,9,34.99,0.1,283.42,14.0,126.0,157.42
2026-05-19,APAC,Online,Media & Entertainment,Blu-ray Box Set,3,39.99,0.0,119.97,29.99,89.97,30.0
2026-05-19,EMEA,In-store,Beauty & Wellness,Collagen Powder,13,34.99,0.0,454.87,14.0,182.0,272.87
2026-05-19,EMEA,In-store,Home & Kitchen,Coffee Grinder,4,39.99,0.2,127.97,23.99,95.96,32.01
2026-05-19,EMEA,In-store,Media & Entertainment,Board Game,1,34.99,0.15,29.74,19.24,19.24,10.5
2026-05-19,EMEA,Online,Apparel,Running Tee,4,24.99,0.0,99.96,11.25,45.0,54.96
2026-05-19,EMEA,Online,Beauty & Wellness,Electric Toothbrush,12,59.99,0.1,647.89,32.99,395.88,252.01
2026-05-19,EMEA,Online,Electronics,Smart Speaker,3,49.99,0.15,127.47,34.99,104.97,22.5
2026-05-19,EMEA,Online,Media & Entertainment,Blu-ray Box Set,5,39.99,0.0,199.95,29.99,149.95,50.0
2026-05-19,LATAM,In-store,Electronics,Smart Speaker,2,49.99,0.0,99.98,34.99,69.98,30.0
2026-05-19,LATAM,Online,Home & Kitchen,Coffee Grinder,1,39.99,0.15,33.99,23.99,23.99,10.0
2026-05-19,LATAM,Online,Media & Entertainment,Vinyl Record,1,27.99,0.0,27.99,16.79,16.79,11.2
2026-05-19,North America,Online,Apparel,Denim Jacket,6,69.99,0.0,419.94,34.99,209.94,210.0
2026-05-19,North America,Online,Home & Kitchen,Cookware Set,6,129.99,0.2,623.95,84.49,506.94,117.01
2026-05-19,North America,Online,Media & Entertainment,Board Game,7,34.99,0.1,220.44,19.24,134.68,85.76
2026-05-19,UK & Ireland,Online,Apparel,Denim Jacket,1,69.99,0.0,69.99,34.99,34.99,35.0
2026-05-19,UK & Ireland,Online,Media & Entertainment,Vinyl Record,1,27.99,0.0,27.99,16.79,16.79,11.2
2026-05-20,APAC,Online,Beauty & Wellness,Vitamin C Serum,4,29.99,0.0,119.96,10.5,42.0,77.96
2026-05-20,LATAM,In-store,Home & Kitchen,Air Fryer,2,89.99,0.0,179.98,62.99,125.98,54.0
2026-05-20,LATAM,Online,Apparel,Denim Jacket,4,69.99,0.1,251.96,34.99,139.96,112.0
2026-05-20,LATAM,Online,Beauty & Wellness,Vitamin C Serum,5,29.99,0.0,149.95,10.5,52.5,97.45
2026-05-20,LATAM,Online,Electronics,USB-C Charger,5,19.99,0.0,99.95,10.99,54.95,45.0
2026-05-20,North America,In-store,Electronics,Wireless Earbuds,11,79.99,0.0,879.89,51.99,571.89,308.0
2026-05-20,North America,Online,Home & Kitchen,Cookware Set,4,129.99,0.25,389.97,84.49,337.96,52.01
2026-05-20,UK & Ireland,In-store,Apparel,Denim Jacket,3,69.99,0.25,157.48,34.99,104.97,52.51
2026-05-20,UK & Ireland,In-store,Apparel,Running Tee,3,24.99,0.25,56.23,11.25,33.75,22.48
2026-05-20,UK & Ireland,In-store,Electronics,Smart Speaker,3,49.99,0.1,134.97,34.99,104.97,30.0
2026-05-20,UK & Ireland,In-store,Electronics,USB-C Charger,4,19.99,0.15,67.97,10.99,43.96,24.01
2026-05-20,UK & Ireland,Online,Apparel,Running Tee,2,24.99,0.15,42.48,11.25,22.5,19.98
2026-05-20,UK & Ireland,Online,Apparel,Wool Socks 3-pack,6,14.99,0.0,89.94,6.0,36.0,53.94
2026-05-21,APAC,In-store,Apparel,Running Tee,4,24.99,0.2,79.97,11.25,45.0,34.97
2026-05-21,APAC,In-store,Electronics,USB-C Charger,3,19.99,0.25,44.98,10.99,32.97,12.01
2026-05-21,APAC,In-store,Home & Kitchen,Air Fryer,5,89.99,0.0,449.95,62.99,314.95,135.0
2026-05-21,APAC,Online,Apparel,Denim Jacket,2,69.99,0.15,118.98,34.99,69.98,49.0
2026-05-21,EMEA,In-store,Electronics,USB-C Charger,6,19.99,0.0,119.94,10.99,65.94,54.0
2026-05-21,LATAM,In-store,Apparel,Denim Jacket,1,69.99,0.0,69.99,34.99,34.99,35.0
2026-05-21,LATAM,Online,Electronics,USB-C Charger,12,19.99,0.0,239.88,10.99,131.88,108.0
2026-05-21,North America,In-store,Beauty & Wellness,Vitamin C Serum,4,29.99,0.0,119.96,10.5,42.0,77.96
2026-05-21,North America,In-store,Electronics,Smart Speaker,7,49.99,0.0,349.93,34.99,244.93,105.0
2026-05-21,North America,Online,Home & Kitchen,Cookware Set,5,129.99,0.15,552.46,84.49,422.45,130.01
2026-05-21,UK & Ireland,In-store,Apparel,Running Tee,4,24.99,0.0,99.96,11.25,45.0,54.96
2026-05-21,UK & Ireland,In-store,Home & Kitchen,Air Fryer,2,89.99,0.0,179.98,62.99,125.98,54.0
2026-05-21,UK & Ireland,Online,Apparel,Wool Socks 3-pack,6,14.99,0.0,89.94,6.0,36.0,53.94
2026-05-21,UK & Ireland,Online,Media & Entertainment,Board Game,1,34.99,0.0,34.99,19.24,19.24,15.75
2026-05-22,APAC,In-store,Media & Entertainment,Board Game,1,34.99,0.0,34.99,19.24,19.24,15.75
2026-05-22,APAC,Online,Apparel,Denim Jacket,4,69.99,0.0,279.96,34.99,139.96,140.0
2026-05-22,APAC,Online,Home & Kitchen,Coffee Grinder,5,39.99,0.25,149.96,23.99,119.95,30.01
2026-05-22,APAC,Online,Home & Kitchen,Cookware Set,2,129.99,0.0,259.98,84.49,168.98,91.0
2026-05-22,EMEA,In-store,Beauty & Wellness,Electric Toothbrush,3,59.99,0.0,179.97,32.99,98.97,81.0
2026-05-22,LATAM,In-store,Home & Kitchen,Air Fryer,6,89.99,0.0,539.94,62.99,377.94,162.0
2026-05-22,LATAM,Online,Apparel,Running Tee,8,24.99,0.0,199.92,11.25,90.0,109.92
2026-05-22,North America,In-store,Home & Kitchen,Air Fryer,7,89.99,0.25,472.45,62.99,440.93,31.52
2026-05-22,North America,Online,Home & Kitchen,Air Fryer,4,89.99,0.2,287.97,62.99,251.96,36.01
2026-05-22,UK & Ireland,In-store,Home & Kitchen,Coffee Grinder,5,39.99,0.0,199.95,23.99,119.95,80.0
2026-05-22,UK & Ireland,Online,Home & Kitchen,Cookware Set,2,129.99,0.0,259.98,84.49,168.98,91.0
2026-05-23,APAC,In-store,Apparel,Wool Socks 3-pack,4,14.99,0.0,59.96,6.0,24.0,35.96
2026-05-23,APAC,In-store,Beauty & Wellness,Vitamin C Serum,12,29.99,0.0,359.88,10.5,126.0,233.88
2026-05-23,APAC,In-store,Home & Kitchen,Cookware Set,3,129.99,0.0,389.97,84.49,253.47,136.5
2026-05-23,APAC,In-store,Media & Entertainment,Vinyl Record,3,27.99,0.25,62.98,16.79,50.37,12.61
2026-05-23,EMEA,In-store,Home & Kitchen,Cookware Set,5,129.99,0.0,649.95,84.49,422.45,227.5
2026-05-23,EMEA,Online,Apparel,Wool Socks 3-pack,8,14.99,0.0,119.92,6.0,48.0,71.92
2026-05-23,LATAM,In-store,Beauty & Wellness,Vitamin C Serum,7,29.99,0.0,209.93,10.5,73.5,136.43
2026-05-23,LATAM,In-store,Electronics,Smart Speaker,5,49.99,0.1,224.96,34.99,174.95,50.01
2026-05-23,North America,In-store,Apparel,Wool Socks 3-pack,11,14.99,0.2,131.91,6.0,66.0,65.91
2026-05-23,North America,Online,Apparel,Denim Jacket,7,69.99,0.0,489.93,34.99,244.93,245.0
2026-05-23,North America,Online,Media & Entertainment,Board Game,3,34.99,0.2,83.98,19.24,57.72,26.26
2026-05-23,UK & Ireland,In-store,Apparel,Running Tee,7,24.99,0.0,174.93,11.25,78.75,96.18
2026-05-23,UK & Ireland,In-store,Beauty & Wellness,Collagen Powder,6,34.99,0.0,209.94,14.0,84.0,125.94
2026-05-23,UK & Ireland,In-store,Home & Kitchen,Cookware Set,1,129.99,0.0,129.99,84.49,84.49,45.5
2026-05-23,UK & Ireland,Online,Home & Kitchen,Cookware Set,6,129.99,0.0,779.94,84.49,506.94,273.0
2026-05-24,APAC,In-store,Apparel,Running Tee,3,24.99,0.0,74.97,11.25,33.75,41.22
2026-05-24,EMEA,In-store,Beauty & Wellness,Vitamin C Serum,5,29.99,0.0,149.95,10.5,52.5,97.45
2026-05-24,EMEA,Online,Apparel,Running Tee,10,24.99,0.15,212.41,11.25,112.5,99.91
2026-05-24,LATAM,In-store,Apparel,Wool Socks 3-pack,4,14.99,0.25,44.97,6.0,24.0,20.97
2026-05-24,LATAM,Online,Home & Kitchen,Air Fryer,5,89.99,0.0,449.95,62.99,314.95,135.0
2026-05-24,North America,In-store,Beauty & Wellness,Vitamin C Serum,6,29.99,0.1,161.95,10.5,63.0,98.95
2026-05-24,North America,In-store,Electronics,USB-C Charger,12,19.99,0.0,239.88,10.99,131.88,108.0
2026-05-24,North America,Online,Electronics,USB-C Charger,19,19.99,0.15,322.84,10.99,208.81,114.03
2026-05-24,UK & Ireland,In-store,Apparel,Wool Socks 3-pack,5,14.99,0.0,74.95,6.0,30.0,44.95
2026-05-24,UK & Ireland,In-store,Home & Kitchen,Coffee Grinder,2,39.99,0.0,79.98,23.99,47.98,32.0
2026-05-24,UK & Ireland,In-store,Home & Kitchen,Cookware Set,3,129.99,0.0,389.97,84.49,253.47,136.5
2026-05-24,UK & Ireland,Online,Electronics,Wireless Earbuds,8,79.99,0.0,639.92,51.99,415.92,224.0
2026-05-24,UK & Ireland,Online,Home & Kitchen,Air Fryer,8,89.99,0.2,575.94,62.99,503.92,72.02
2026-05-24,UK & Ireland,Online,Home & Kitchen,Coffee Grinder,4,39.99,0.0,159.96,23.99,95.96,64.0
2026-05-24,UK & Ireland,Online,Media & Entertainment,Vinyl Record,2,27.99,0.0,55.98,16.79,33.58,22.4
2026-05-25,APAC,In-store,Beauty & Wellness,Collagen Powder,5,34.99,0.0,174.95,14.0,70.0,104.95
2026-05-25,APAC,In-store,Beauty & Wellness,Electric Toothbrush,3,59.99,0.0,179.97,32.99,98.97,81.0
2026-05-25,APAC,In-store,Electronics,Wireless Earbuds,5,79.99,0.15,339.96,51.99,259.95,80.01
2026-05-25,APAC,Online,Home & Kitchen,Cookware Set,2,129.99,0.0,259.98,84.49,168.98,91.0
2026-05-25,EMEA,Online,Apparel,Denim Jacket,1,69.99,0.0,69.99,34.99,34.99,35.0
2026-05-25,LATAM,In-store,Beauty & Wellness,Electric Toothbrush,1,59.99,0.1,53.99,32.99,32.99,21.0
2026-05-25,LATAM,In-store,Electronics,USB-C Charger,5,19.99,0.0,99.95,10.99,54.95,45.0
2026-05-25,LATAM,In-store,Media & Entertainment,Board Game,3,34.99,0.0,104.97,19.24,57.72,47.25
2026-05-25,LATAM,Online,Apparel,Denim Jacket,3,69.99,0.25,157.48,34.99,104.97,52.51
2026-05-25,LATAM,Online,Home & Kitchen,Coffee Grinder,2,39.99,0.15,67.98,23.99,47.98,20.0
2026-05-25,LATAM,Online,Media & Entertainment,Blu-ray Box Set,2,39.99,0.0,79.98,29.99,59.98,20.0
2026-05-25,North America,In-store,Apparel,Wool Socks 3-pack,6,14.99,0.0,89.94,6.0,36.0,53.94
2026-05-25,North America,In-store,Beauty & Wellness,Collagen Powder,5,34.99,0.0,174.95,14.0,70.0,104.95
2026-05-25,North America,In-store,Beauty & Wellness,Electric Toothbrush,5,59.99,0.1,269.95,32.99,164.95,105.0
2026-05-25,North America,Online,Apparel,Denim Jacket,2,69.99,0.1,125.98,34.99,69.98,56.0
2026-05-25,North America,Online,Home & Kitchen,Coffee Grinder,6,39.99,0.0,239.94,23.99,143.94,96.0
2026-05-25,UK & Ireland,In-store,Beauty & Wellness,Collagen Powder,6,34.99,0.15,178.45,14.0,84.0,94.45
2026-05-25,UK & Ireland,In-store,Beauty & Wellness,Vitamin C Serum,6,29.99,0.0,179.94,10.5,63.0,116.94
2026-05-25,UK & Ireland,Online,Home & Kitchen,Air Fryer,6,89.99,0.15,458.95,62.99,377.94,81.01
2026-05-26,APAC,In-store,Electronics,Smart Speaker,7,49.99,0.0,349.93,34.99,244.93,105.0
2026-05-26,APAC,Online,Beauty & Wellness,Electric Toothbrush,2,59.99,0.25,89.98,32.99,65.98,24.0
2026-05-26,APAC,Online,Home & Kitchen,Coffee Grinder,4,39.99,0.2,127.97,23.99,95.96,32.01
2026-05-26,APAC,Online,Media & Entertainment,Board Game,5,34.99,0.0,174.95,19.24,96.2,78.75
2026-05-26,EMEA,In-store,Home & Kitchen,Coffee Grinder,1,39.99,0.15,33.99,23.99,23.99,10.0
2026-05-26,EMEA,In-store,Media & Entertainment,Board Game,2,34.99,0.25,52.48,19.24,38.48,14.0
2026-05-26,EMEA,Online,Apparel,Denim Jacket,4,69.99,0.0,279.96,34.99,139.96,140.0
2026-05-26,EMEA,Online,Home & Kitchen,Cookware Set,5,129.99,0.0,649.95,84.49,422.45,227.5
2026-05-26,LATAM,Online,Beauty & Wellness,Collagen Powder,2,34.99,0.0,69.98,14.0,28.0,41.98
2026-05-26,North America,In-store,Apparel,Wool Socks 3-pack,3,14.99,0.0,44.97,6.0,18.0,26.97
2026-05-26,North America,In-store,Beauty & Wellness,Collagen Powder,5,34.99,0.0,174.95,14.0,70.0,104.95
2026-05-26,North America,Online,Beauty & Wellness,Collagen Powder,18,34.99,0.0,629.82,14.0,252.0,377.82
2026-05-26,North America,Online,Beauty & Wellness,Electric Toothbrush,7,59.99,0.2,335.94,32.99,230.93,105.01
2026-05-26,North America,Online,Beauty & Wellness,Vitamin C Serum,5,29.99,0.2,119.96,10.5,52.5,67.46
2026-05-26,North America,Online,Media & Entertainment,Board Game,4,34.99,0.0,139.96,19.24,76.96,63.0
2026-05-26,UK & Ireland,Online,Apparel,Denim Jacket,3,69.99,0.0,209.97,34.99,104.97,105.0
2026-05-27,APAC,In-store,Electronics,Smart Speaker,3,49.99,0.0,149.97,34.99,104.97,45.0
2026-05-27,APAC,In-store,Home & Kitchen,Coffee Grinder,4,39.99,0.0,159.96,23.99,95.96,64.0
2026-05-27,APAC,In-store,Media & Entertainment,Vinyl Record,5,27.99,0.2,111.96,16.79,83.95,28.01
2026-05-27,APAC,Online,Home & Kitchen,Air Fryer,4,89.99,0.2,287.97,62.99,251.96,36.01
2026-05-27,EMEA,In-store,Beauty & Wellness,Collagen Powder,6,34.99,0.2,167.95,14.0,84.0,83.95
2026-05-27,EMEA,In-store,Home & Kitchen,Cookware Set,1,129.99,0.1,116.99,84.49,84.49,32.5
2026-05-27,EMEA,Online,Apparel,Wool Socks 3-pack,4,14.99,0.0,59.96,6.0,24.0,35.96
2026-05-27,LATAM,In-store,Apparel,Denim Jacket,1,69.99,0.1,62.99,34.99,34.99,28.0
2026-05-27,LATAM,In-store,Beauty & Wellness,Vitamin C Serum,4,29.99,0.2,95.97,10.5,42.0,53.97
2026-05-27,North America,In-store,Electronics,Smart Speaker,5,49.99,0.1,224.96,34.99,174.95,50.01
2026-05-27,North America,In-store,Electronics,Wireless Earbuds,3,79.99,0.1,215.97,51.99,155.97,60.0
2026-05-27,North America,Online,Home & Kitchen,Air Fryer,4,89.99,0.0,359.96,62.99,251.96,108.0
2026-05-27,UK & Ireland,In-store,Apparel,Wool Socks 3-pack,1,14.99,0.0,14.99,6.0,6.0,8.99
2026-05-28,APAC,In-store,Beauty & Wellness,Electric Toothbrush,8,59.99,0.2,383.94,32.99,263.92,120.02
2026-05-28,APAC,In-store,Electronics,Smart Speaker,5,49.99,0.1,224.96,34.99,174.95,50.01
2026-05-28,APAC,Online,Apparel,Running Tee,10,24.99,0.0,249.9,11.25,112.5,137.4
2026-05-28,EMEA,Online,Beauty & Wellness,Vitamin C Serum,8,29.99,0.0,239.92,10.5,84.0,155.92
2026-05-28,EMEA,Online,Media & Entertainment,Vinyl Record,2,27.99,0.0,55.98,16.79,33.58,22.4
2026-05-28,LATAM,In-store,Beauty & Wellness,Collagen Powder,5,34.99,0.0,174.95,14.0,70.0,104.95
2026-05-28,LATAM,In-store,Media & Entertainment,Blu-ray Box Set,1,39.99,0.0,39.99,29.99,29.99,10.0
2026-05-28,LATAM,Online,Electronics,USB-C Charger,6,19.99,0.1,107.95,10.99,65.94,42.01
2026-05-28,North America,Online,Electronics,Wireless Earbuds,8,79.99,0.0,639.92,51.99,415.92,224.0
2026-05-28,UK & Ireland,In-store,Electronics,Smart Speaker,4,49.99,0.0,199.96,34.99,139.96,60.0
2026-05-28,UK & Ireland,Online,Beauty & Wellness,Collagen Powder,5,34.99,0.0,174.95,14.0,70.0,104.95
2026-05-28,UK & Ireland,Online,Media & Entertainment,Vinyl Record,3,27.99,0.0,83.97,16.79,50.37,33.6
2026-05-29,APAC,Online,Electronics,Smart Speaker,5,49.99,0.0,249.95,34.99,174.95,75.0
2026-05-29,APAC,Online,Media & Entertainment,Blu-ray Box Set,2,39.99,0.0,79.98,29.99,59.98,20.0
2026-05-29,EMEA,In-store,Apparel,Denim Jacket,1,69.99,0.0,69.99,34.99,34.99,35.0
2026-05-29,EMEA,In-store,Electronics,USB-C Charger,8,19.99,0.15,135.93,10.99,87.92,48.01
2026-05-29,EMEA,In-store,Home & Kitchen,Coffee Grinder,4,39.99,0.0,159.96,23.99,95.96,64.0
2026-05-29,EMEA,Online,Electronics,Smart Speaker,9,49.99,0.0,449.91,34.99,314.91,135.0
2026-05-29,EMEA,Online,Home & Kitchen,Coffee Grinder,5,39.99,0.1,179.96,23.99,119.95,60.01
2026-05-29,EMEA,Online,Home & Kitchen,Cookware Set,2,129.99,0.15,220.98,84.49,168.98,52.0
2026-05-29,LATAM,Online,Beauty & Wellness,Electric Toothbrush,4,59.99,0.15,203.97,32.99,131.96,72.01
2026-05-29,LATAM,Online,Home & Kitchen,Air Fryer,3,89.99,0.0,269.97,62.99,188.97,81.0
2026-05-29,UK & Ireland,In-store,Apparel,Wool Socks 3-pack,7,14.99,0.0,104.93,6.0,42.0,62.93
2026-05-29,UK & Ireland,In-store,Electronics,Smart Speaker,7,49.99,0.0,349.93,34.99,244.93,105.0
2026-05-29,UK & Ireland,In-store,Home & Kitchen,Air Fryer,1,89.99,0.0,89.99,62.99,62.99,27.0
2026-05-29,UK & Ireland,In-store,Home & Kitchen,Coffee Grinder,4,39.99,0.0,159.96,23.99,95.96,64.0
2026-05-29,UK & Ireland,Online,Apparel,Denim Jacket,1,69.99,0.0,69.99,34.99,34.99,35.0
2026-05-30,APAC,In-store,Apparel,Denim Jacket,4,69.99,0.15,237.97,34.99,139.96,98.01
2026-05-30,APAC,In-store,Apparel,Running Tee,6,24.99,0.0,149.94,11.25,67.5,82.44
2026-05-30,APAC,In-store,Beauty & Wellness,Collagen Powder,18,34.99,0.0,629.82,14.0,252.0,377.82
2026-05-30,APAC,Online,Beauty & Wellness,Electric Toothbrush,9,59.99,0.0,539.91,32.99,296.91,243.0
2026-05-30,APAC,Online,Home & Kitchen,Cookware Set,4,129.99,0.0,519.96,84.49,337.96,182.0
2026-05-30,EMEA,In-store,Beauty & Wellness,Collagen Powder,7,34.99,0.0,244.93,14.0,98.0,146.93
2026-05-30,EMEA,In-store,Beauty & Wellness,Vitamin C Serum,9,29.99,0.0,269.91,10.5,94.5,175.41
2026-05-30,EMEA,In-store,Electronics,Smart Speaker,9,49.99,0.0,449.91,34.99,314.91,135.0
2026-05-30,EMEA,In-store,Electronics,USB-C Charger,5,19.99,0.2,79.96,10.99,54.95,25.01
2026-05-30,EMEA,Online,Electronics,USB-C Charger,8,19.99,0.2,127.94,10.99,87.92,40.02
2026-05-30,LATAM,Online,Home & Kitchen,Coffee Grinder,3,39.99,0.0,119.97,23.99,71.97,48.0
2026-05-30,North America,In-store,Beauty & Wellness,Collagen Powder,18,34.99,0.0,629.82,14.0,252.0,377.82
2026-05-30,North America,In-store,Beauty & Wellness,Vitamin C Serum,14,29.99,0.0,419.86,10.5,147.0,272.86
2026-05-30,North America,Online,Apparel,Wool Socks 3-pack,9,14.99,0.0,134.91,6.0,54.0,80.91
2026-05-30,UK & Ireland,In-store,Media & Entertainment,Vinyl Record,3,27.99,0.0,83.97,16.79,50.37,33.6
2026-05-30,UK & Ireland,Online,Beauty & Wellness,Electric Toothbrush,6,59.99,0.0,359.94,32.99,197.94,162.0
2026-05-30,UK & Ireland,Online,Media & Entertainment,Blu-ray Box Set,1,39.99,0.2,31.99,29.99,29.99,2.0
2026-05-31,APAC,Online,Home & Kitchen,Air Fryer,8,89.99,0.25,539.94,62.99,503.92,36.02
2026-05-31,EMEA,In-store,Beauty & Wellness,Collagen Powder,2,34.99,0.25,52.48,14.0,28.0,24.48
2026-05-31,EMEA,In-store,Electronics,Smart Speaker,2,49.99,0.0,99.98,34.99,69.98,30.0
2026-05-31,EMEA,In-store,Electronics,USB-C Charger,9,19.99,0.1,161.92,10.99,98.91,63.01
2026-05-31,EMEA,In-store,Electronics,Wireless Earbuds,6,79.99,0.0,479.94,51.99,311.94,168.0
2026-05-31,EMEA,In-store,Media & Entertainment,Blu-ray Box Set,2,39.99,0.25,59.98,29.99,59.98,0.0
2026-05-31,LATAM,In-store,Home & Kitchen,Air Fryer,1,89.99,0.0,89.99,62.99,62.99,27.0
2026-05-31,LATAM,Online,Apparel,Denim Jacket,1,69.99,0.25,52.49,34.99,34.99,17.5
2026-05-31,LATAM,Online,Beauty & Wellness,Collagen Powder,4,34.99,0.2,111.97,14.0,56.0,55.97
2026-05-31,LATAM,Online,Home & Kitchen,Cookware Set,4,129.99,0.0,519.96,84.49,337.96,182.0
2026-05-31,LATAM,Online,Media & Entertainment,Blu-ray Box Set,3,39.99,0.0,119.97,29.99,89.97,30.0
2026-05-31,LATAM,Online,Media & Entertainment,Board Game,3,34.99,0.0,104.97,19.24,57.72,47.25
2026-05-31,North America,In-store,Beauty & Wellness,Electric Toothbrush,14,59.99,0.0,839.86,32.99,461.86,378.0
2026-05-31,North America,In-store,Electronics,Smart Speaker,9,49.99,0.0,449.91,34.99,314.91,135.0
2026-05-31,North America,Online,Apparel,Wool Socks 3-pack,9,14.99,0.0,134.91,6.0,54.0,80.91
2026-05-31,UK & Ireland,In-store,Home & Kitchen,Cookware Set,2,129.99,0.0,259.98,84.49,168.98,91.0
2026-05-31,UK & Ireland,Online,Electronics,USB-C Charger,10,19.99,0.0,199.9,10.99,109.9,90.0
