date,channel,sessions,conversions,revenue,ad_spend
2024-06-01,Organic Search,1355,25,1787.79,0.0
2024-06-01,Paid Search,633,22,1935.56,632.82
2024-06-01,Social,1399,15,864.2,503.44
2024-06-01,Email,431,17,1597.01,9.7
2024-06-01,Referral,219,6,462.56,0.0
2024-06-02,Organic Search,1203,27,2355.52,0.0
2024-06-02,Paid Search,670,21,1662.12,608.62
2024-06-02,Social,1145,14,861.03,420.22
2024-06-02,Email,478,16,1199.26,10.15
2024-06-02,Referral,207,7,660.47,0.0
2024-06-03,Organic Search,1335,28,2233.75,0.0
2024-06-03,Paid Search,835,24,1674.46,818.61
2024-06-03,Social,1529,22,1426.52,556.34
2024-06-03,Email,475,21,2011.21,10.31
2024-06-03,Referral,303,11,913.63,0.0
2024-06-04,Organic Search,1070,19,1490.13,0.0
2024-06-04,Paid Search,924,24,2072.91,837.45
2024-06-04,Social,1203,13,902.6,393.34
2024-06-04,Email,591,28,2516.72,12.21
2024-06-04,Referral,275,8,676.51,0.0
2024-06-05,Organic Search,1238,32,2238.43,0.0
2024-06-05,Paid Search,951,29,2446.28,904.92
2024-06-05,Social,1734,20,1198.98,609.08
2024-06-05,Email,436,19,1484.03,8.74
2024-06-05,Referral,330,10,741.83,0.0
2024-06-06,Organic Search,1311,33,2451.16,0.0
2024-06-06,Paid Search,853,30,2081.78,778.54
2024-06-06,Social,1430,18,1156.29,507.5
2024-06-06,Email,401,24,2196.17,7.63
2024-06-06,Referral,350,8,617.37,0.0
2024-06-07,Organic Search,1437,31,2403.71,0.0
2024-06-07,Paid Search,907,21,1877.24,924.64
2024-06-07,Social,1413,12,810.4,521.58
2024-06-07,Email,438,18,1643.16,9.29
2024-06-07,Referral,268,7,504.91,0.0
2024-06-08,Organic Search,1358,37,2455.27,0.0
2024-06-08,Paid Search,879,30,2881.73,924.38
2024-06-08,Social,1246,15,1074.4,452.62
2024-06-08,Email,342,15,1172.8,7.31
2024-06-08,Referral,244,7,537.24,0.0
2024-06-09,Organic Search,1007,19,1494.85,0.0
2024-06-09,Paid Search,726,21,1542.22,625.53
2024-06-09,Social,1314,13,821.26,490.5
2024-06-09,Email,390,24,2007.87,7.43
2024-06-09,Referral,179,6,436.32,0.0
2024-06-10,Organic Search,1493,45,3669.55,0.0
2024-06-10,Paid Search,882,27,1901.83,805.12
2024-06-10,Social,1252,13,915.83,407.47
2024-06-10,Email,505,25,1989.46,10.2
2024-06-10,Referral,259,8,578.78,0.0
2024-06-11,Organic Search,1431,32,2801.61,0.0
2024-06-11,Paid Search,1126,35,3092.38,1010.5
2024-06-11,Social,1589,19,1291.79,609.27
2024-06-11,Email,621,30,2591.45,11.98
2024-06-11,Referral,328,8,585.03,0.0
2024-06-12,Organic Search,1503,34,2421.06,0.0
2024-06-12,Paid Search,751,19,1679.03,697.54
2024-06-12,Social,1600,27,1700.88,552.34
2024-06-12,Email,420,19,1918.03,8.55
2024-06-12,Referral,306,14,1065.12,0.0
2024-06-13,Organic Search,1414,25,2074.4,0.0
2024-06-13,Paid Search,1055,33,2554.19,966.61
2024-06-13,Social,2092,20,1147.07,730.78
2024-06-13,Email,442,16,1281.33,8.05
2024-06-13,Referral,289,9,682.28,0.0
2024-06-14,Organic Search,1251,17,1245.02,0.0
2024-06-14,Paid Search,893,26,2028.19,837.05
2024-06-14,Social,1505,21,1263.96,566.13
2024-06-14,Email,468,23,1669.75,9.03
2024-06-14,Referral,291,7,427.71,0.0
2024-06-15,Organic Search,1059,23,1878.22,0.0
2024-06-15,Paid Search,604,14,1191.92,615.94
2024-06-15,Social,1183,18,1094.02,412.56
2024-06-15,Email,426,18,1452.83,7.63
2024-06-15,Referral,234,7,606.05,0.0
2024-06-16,Organic Search,769,13,886.77,0.0
2024-06-16,Paid Search,752,22,1846.31,636.45
2024-06-16,Social,1092,13,982.84,425.08
2024-06-16,Email,398,20,1818.21,7.77
2024-06-16,Referral,219,5,425.02,0.0
2024-06-17,Organic Search,1222,23,1711.5,0.0
2024-06-17,Paid Search,878,31,2217.26,906.84
2024-06-17,Social,1475,20,1226.66,476.99
2024-06-17,Email,547,33,2692.59,11.61
2024-06-17,Referral,356,11,818.33,0.0
2024-06-18,Organic Search,1464,34,2708.03,0.0
2024-06-18,Paid Search,906,22,1997.5,866.32
2024-06-18,Social,1658,16,1107.3,647.45
2024-06-18,Email,563,19,1823.4,9.89
2024-06-18,Referral,331,11,745.28,0.0
2024-06-19,Organic Search,1205,22,1528.94,0.0
2024-06-19,Paid Search,762,23,1913.39,790.15
2024-06-19,Social,1450,21,1211.94,503.21
2024-06-19,Email,521,19,1586.78,9.36
2024-06-19,Referral,303,8,617.25,0.0
2024-06-20,Organic Search,1359,25,1891.07,0.0
2024-06-20,Paid Search,942,24,1918.84,1030.79
2024-06-20,Social,1412,16,1078.23,476.32
2024-06-20,Email,447,17,1479.89,8.88
2024-06-20,Referral,288,7,527.71,0.0
2024-06-21,Organic Search,1130,32,2289.46,0.0
2024-06-21,Paid Search,1030,34,3014.13,894.2
2024-06-21,Social,1293,17,1011.56,481.56
2024-06-21,Email,440,16,1452.58,8.46
2024-06-21,Referral,293,8,529.1,0.0
2024-06-22,Organic Search,952,18,1548.51,0.0
2024-06-22,Paid Search,685,18,1481.09,699.88
2024-06-22,Social,1377,15,919.5,453.11
2024-06-22,Email,395,20,1566.04,7.01
2024-06-22,Referral,180,5,398.68,0.0
2024-06-23,Organic Search,936,19,1483.25,0.0
2024-06-23,Paid Search,713,17,1412.69,761.88
2024-06-23,Social,1026,12,771.15,357.41
2024-06-23,Email,300,15,1253.3,5.87
2024-06-23,Referral,178,4,261.49,0.0
2024-06-24,Organic Search,1505,31,2442.19,0.0
2024-06-24,Paid Search,1025,29,2482.42,902.19
2024-06-24,Social,1591,17,1083.04,457.78
2024-06-24,Email,503,24,2119.46,9.15
2024-06-24,Referral,329,7,513.09,0.0
2024-06-25,Organic Search,1381,33,2367.43,0.0
2024-06-25,Paid Search,1110,32,2717.58,994.34
2024-06-25,Social,1397,18,1181.1,536.95
2024-06-25,Email,532,26,2118.71,11.24
2024-06-25,Referral,335,11,772.82,0.0
2024-06-26,Organic Search,1376,29,2465.92,0.0
2024-06-26,Paid Search,959,18,1738.61,1032.37
2024-06-26,Social,1615,21,1365.51,574.45
2024-06-26,Email,545,22,2311.98,9.88
2024-06-26,Referral,316,7,549.02,0.0
2024-06-27,Organic Search,1212,33,2626.21,0.0
2024-06-27,Paid Search,1019,24,1860.67,1078.38
2024-06-27,Social,1199,19,1319.01,418.96
2024-06-27,Email,506,27,2094.44,10.79
2024-06-27,Referral,233,7,552.81,0.0
2024-06-28,Organic Search,1220,23,1857.47,0.0
2024-06-28,Paid Search,821,23,1929.44,870.09
2024-06-28,Social,1272,15,848.66,476.34
2024-06-28,Email,429,18,1690.0,8.53
2024-06-28,Referral,251,6,480.94,0.0
2024-06-29,Organic Search,998,28,2074.06,0.0
2024-06-29,Paid Search,773,22,1830.39,679.71
2024-06-29,Social,1239,12,716.14,390.19
2024-06-29,Email,388,17,1526.73,7.43
2024-06-29,Referral,253,8,611.9,0.0
2024-06-30,Organic Search,811,18,1301.04,0.0
2024-06-30,Paid Search,709,20,1600.8,685.96
2024-06-30,Social,1090,10,604.74,348.59
2024-06-30,Email,326,14,1305.11,6.43
2024-06-30,Referral,196,5,386.42,0.0
2024-07-01,Organic Search,1195,23,1591.27,0.0
2024-07-01,Paid Search,699,16,1388.0,845.15
2024-07-01,Social,1338,18,1049.84,457.01
2024-07-01,Email,502,20,1883.13,10.59
2024-07-01,Referral,282,7,504.37,0.0
2024-07-02,Organic Search,1285,27,2095.34,0.0
2024-07-02,Paid Search,875,26,2403.85,788.09
2024-07-02,Social,1589,16,1020.16,475.82
2024-07-02,Email,529,19,1494.83,10.37
2024-07-02,Referral,367,9,620.55,0.0
2024-07-03,Organic Search,1471,23,1976.54,0.0
2024-07-03,Paid Search,689,19,1607.16,629.68
2024-07-03,Social,1407,21,1281.47,501.62
2024-07-03,Email,568,23,1956.78,10.7
2024-07-03,Referral,266,7,521.72,0.0
2024-07-04,Organic Search,1509,34,2417.84,0.0
2024-07-04,Paid Search,837,26,2111.93,771.57
2024-07-04,Social,1558,16,1014.06,599.76
2024-07-04,Email,432,17,1487.75,10.54
2024-07-04,Referral,307,11,832.18,0.0
2024-07-05,Organic Search,1378,34,2558.29,0.0
2024-07-05,Paid Search,961,28,2259.91,798.35
2024-07-05,Social,1417,18,1111.23,487.78
2024-07-05,Email,394,19,1743.56,7.34
2024-07-05,Referral,310,9,663.63,0.0
2024-07-06,Organic Search,1277,30,2082.11,0.0
2024-07-06,Paid Search,662,16,1316.31,643.79
2024-07-06,Social,1156,15,861.17,413.64
2024-07-06,Email,361,16,1647.81,7.97
2024-07-06,Referral,214,6,501.79,0.0
2024-07-07,Organic Search,1096,26,2080.06,0.0
2024-07-07,Paid Search,651,20,1635.96,595.29
2024-07-07,Social,912,10,640.49,322.09
2024-07-07,Email,457,19,1721.53,8.62
2024-07-07,Referral,252,10,820.55,0.0
2024-07-08,Organic Search,1298,25,1845.76,0.0
2024-07-08,Paid Search,782,22,1755.29,817.05
2024-07-08,Social,1361,17,1149.51,425.27
2024-07-08,Email,410,16,1455.5,7.68
2024-07-08,Referral,332,8,596.82,0.0
2024-07-09,Organic Search,1193,21,1526.41,0.0
2024-07-09,Paid Search,972,22,1810.16,1003.46
2024-07-09,Social,1134,17,1001.44,404.55
2024-07-09,Email,465,19,1550.11,7.96
2024-07-09,Referral,278,9,661.88,0.0
2024-07-10,Organic Search,1407,31,2645.6,0.0
2024-07-10,Paid Search,828,23,1746.69,819.5
2024-07-10,Social,1322,14,951.5,435.84
2024-07-10,Email,575,24,2310.87,11.6
2024-07-10,Referral,239,6,466.3,0.0
2024-07-11,Organic Search,1512,43,3360.85,0.0
2024-07-11,Paid Search,916,29,2478.69,907.67
2024-07-11,Social,1434,15,977.47,489.57
2024-07-11,Email,510,22,2050.35,9.26
2024-07-11,Referral,312,12,781.92,0.0
2024-07-12,Organic Search,1423,26,2016.19,0.0
2024-07-12,Paid Search,833,14,1030.38,787.42
2024-07-12,Social,1654,23,1629.21,498.04
2024-07-12,Email,469,20,2070.5,9.62
2024-07-12,Referral,276,8,619.0,0.0
2024-07-13,Organic Search,1084,20,1599.16,0.0
2024-07-13,Paid Search,668,15,1295.1,575.83
2024-07-13,Social,870,12,894.62,280.25
2024-07-13,Email,392,25,2012.15,7.31
2024-07-13,Referral,232,4,279.3,0.0
2024-07-14,Organic Search,1137,22,1694.66,0.0
2024-07-14,Paid Search,720,24,2298.62,685.93
2024-07-14,Social,1348,18,1114.77,493.51
2024-07-14,Email,357,17,1597.36,7.22
2024-07-14,Referral,266,6,477.76,0.0
2024-07-15,Organic Search,1451,34,3027.15,0.0
2024-07-15,Paid Search,1031,33,2992.81,1045.38
2024-07-15,Social,1256,19,1275.41,482.68
2024-07-15,Email,498,21,1949.87,9.72
2024-07-15,Referral,300,10,794.43,0.0
2024-07-16,Organic Search,1172,21,1637.36,0.0
2024-07-16,Paid Search,1058,31,3026.62,931.46
2024-07-16,Social,1582,18,1034.81,540.44
2024-07-16,Email,481,16,1385.4,9.65
2024-07-16,Referral,284,10,684.92,0.0
2024-07-17,Organic Search,1387,24,1811.59,0.0
2024-07-17,Paid Search,969,21,1742.01,944.22
2024-07-17,Social,1648,20,1200.7,612.35
2024-07-17,Email,606,27,2234.81,12.51
2024-07-17,Referral,297,9,637.55,0.0
2024-07-18,Organic Search,1638,37,2617.74,0.0
2024-07-18,Paid Search,706,18,1418.28,650.22
2024-07-18,Social,1500,16,895.15,557.16
2024-07-18,Email,726,33,3185.35,15.4
2024-07-18,Referral,243,7,528.86,0.0
2024-07-19,Organic Search,1416,29,1953.38,0.0
2024-07-19,Paid Search,611,15,1153.02,546.35
2024-07-19,Social,1068,14,997.67,397.53
2024-07-19,Email,523,31,2524.19,11.1
2024-07-19,Referral,228,6,440.5,0.0
2024-07-20,Organic Search,1012,26,1973.41,0.0
2024-07-20,Paid Search,670,16,1258.06,612.73
2024-07-20,Social,1197,15,894.8,434.21
2024-07-20,Email,385,16,1533.47,7.58
2024-07-20,Referral,250,6,426.64,0.0
2024-07-21,Organic Search,956,21,1486.37,0.0
2024-07-21,Paid Search,646,15,1300.54,629.5
2024-07-21,Social,937,9,628.17,312.39
2024-07-21,Email,355,17,1802.4,6.97
2024-07-21,Referral,236,8,560.45,0.0
2024-07-22,Organic Search,1359,27,2162.5,0.0
2024-07-22,Paid Search,899,22,1709.32,766.31
2024-07-22,Social,1249,13,784.8,452.91
2024-07-22,Email,492,21,1866.01,9.08
2024-07-22,Referral,319,8,676.88,0.0
2024-07-23,Organic Search,1607,43,3489.72,0.0
2024-07-23,Paid Search,819,23,1912.36,661.9
2024-07-23,Social,1464,13,817.52,468.45
2024-07-23,Email,560,20,2046.67,11.26
2024-07-23,Referral,437,13,980.6,0.0
2024-07-24,Organic Search,1107,22,1767.54,0.0
2024-07-24,Paid Search,762,26,2162.86,745.65
2024-07-24,Social,1498,17,1170.94,470.56
2024-07-24,Email,485,23,2142.18,9.78
2024-07-24,Referral,307,11,815.51,0.0
2024-07-25,Organic Search,1463,34,2544.63,0.0
2024-07-25,Paid Search,963,23,2080.33,868.14
2024-07-25,Social,1326,18,1282.56,485.43
2024-07-25,Email,442,17,1413.92,8.94
2024-07-25,Referral,305,8,636.04,0.0
2024-07-26,Organic Search,1279,26,1706.99,0.0
2024-07-26,Paid Search,891,21,1487.64,897.4
2024-07-26,Social,1170,13,758.91,419.08
2024-07-26,Email,507,27,2313.35,11.62
2024-07-26,Referral,206,6,453.33,0.0
2024-07-27,Organic Search,1177,20,1600.42,0.0
2024-07-27,Paid Search,764,23,1602.72,669.57
2024-07-27,Social,1111,10,699.41,404.51
2024-07-27,Email,459,22,2268.95,8.73
2024-07-27,Referral,250,9,618.21,0.0
2024-07-28,Organic Search,1158,23,1738.27,0.0
2024-07-28,Paid Search,736,14,1190.24,678.9
2024-07-28,Social,1025,8,529.56,382.93
2024-07-28,Email,419,20,1694.41,8.72
2024-07-28,Referral,203,6,467.43,0.0
2024-07-29,Organic Search,1651,30,2036.13,0.0
2024-07-29,Paid Search,817,19,1625.74,812.24
2024-07-29,Social,1155,13,896.16,479.22
2024-07-29,Email,487,27,2555.19,9.49
2024-07-29,Referral,233,6,443.45,0.0
2024-07-30,Organic Search,1319,28,2405.11,0.0
2024-07-30,Paid Search,723,15,1162.97,690.17
2024-07-30,Social,1694,14,818.5,601.62
2024-07-30,Email,493,24,2217.91,11.41
2024-07-30,Referral,277,7,542.2,0.0
2024-07-31,Organic Search,1467,28,2414.46,0.0
2024-07-31,Paid Search,922,25,1850.76,897.19
2024-07-31,Social,1405,14,943.16,493.42
2024-07-31,Email,619,31,2610.51,12.44
2024-07-31,Referral,348,10,767.11,0.0
2024-08-01,Organic Search,1193,21,1708.29,0.0
2024-08-01,Paid Search,1061,25,1885.32,888.17
2024-08-01,Social,1509,27,1833.58,624.25
2024-08-01,Email,508,19,2019.71,10.31
2024-08-01,Referral,297,9,723.26,0.0
2024-08-02,Organic Search,1412,28,1984.21,0.0
2024-08-02,Paid Search,781,23,1696.76,691.06
2024-08-02,Social,1149,15,995.48,378.35
2024-08-02,Email,482,21,2208.07,9.24
2024-08-02,Referral,237,7,445.77,0.0
2024-08-03,Organic Search,1079,16,1126.44,0.0
2024-08-03,Paid Search,794,24,1808.53,745.26
2024-08-03,Social,936,12,689.58,330.01
2024-08-03,Email,446,24,2226.73,9.76
2024-08-03,Referral,257,7,480.59,0.0
2024-08-04,Organic Search,1087,15,1449.85,0.0
2024-08-04,Paid Search,733,19,1574.97,749.37
2024-08-04,Social,1062,11,790.13,359.31
2024-08-04,Email,436,19,1630.47,7.19
2024-08-04,Referral,259,6,465.07,0.0
2024-08-05,Organic Search,1601,35,2459.07,0.0
2024-08-05,Paid Search,1130,33,3061.81,1103.16
2024-08-05,Social,1767,18,1235.66,627.33
2024-08-05,Email,517,19,1447.72,10.65
2024-08-05,Referral,304,7,506.22,0.0
2024-08-06,Organic Search,1525,29,2181.28,0.0
2024-08-06,Paid Search,936,21,1807.31,856.11
2024-08-06,Social,1521,19,1277.84,503.16
2024-08-06,Email,533,27,1941.7,10.07
2024-08-06,Referral,237,6,440.55,0.0
2024-08-07,Organic Search,1662,33,2885.01,0.0
2024-08-07,Paid Search,966,30,2701.23,763.74
2024-08-07,Social,1694,23,1378.11,565.65
2024-08-07,Email,467,17,1662.87,8.56
2024-08-07,Referral,259,8,600.64,0.0
2024-08-08,Organic Search,1351,32,2497.46,0.0
2024-08-08,Paid Search,963,32,2605.62,892.92
2024-08-08,Social,1130,15,919.05,395.07
2024-08-08,Email,614,26,2235.99,11.31
2024-08-08,Referral,339,10,830.85,0.0
2024-08-09,Organic Search,1209,29,2205.11,0.0
2024-08-09,Paid Search,912,25,2098.56,979.75
2024-08-09,Social,1345,14,844.32,439.06
2024-08-09,Email,512,28,2616.76,9.11
2024-08-09,Referral,255,6,447.09,0.0
2024-08-10,Organic Search,1079,22,1626.12,0.0
2024-08-10,Paid Search,756,21,1926.31,786.9
2024-08-10,Social,1107,11,704.94,362.35
2024-08-10,Email,410,16,1649.21,7.97
2024-08-10,Referral,246,6,454.75,0.0
2024-08-11,Organic Search,1102,21,1730.75,0.0
2024-08-11,Paid Search,777,25,2007.33,864.12
2024-08-11,Social,1281,16,958.13,491.37
2024-08-11,Email,396,18,1607.51,6.61
2024-08-11,Referral,246,6,439.59,0.0
2024-08-12,Organic Search,1517,28,2132.68,0.0
2024-08-12,Paid Search,907,21,1540.52,851.72
2024-08-12,Social,1524,17,1002.0,505.1
2024-08-12,Email,595,19,1572.06,10.46
2024-08-12,Referral,274,8,581.48,0.0
2024-08-13,Organic Search,1187,24,1972.38,0.0
2024-08-13,Paid Search,1187,33,2755.2,1209.39
2024-08-13,Social,1071,14,950.78,336.76
2024-08-13,Email,603,31,2685.67,14.7
2024-08-13,Referral,348,11,776.81,0.0
2024-08-14,Organic Search,1527,34,2335.42,0.0
2024-08-14,Paid Search,958,24,1932.98,939.8
2024-08-14,Social,1394,14,793.83,554.87
2024-08-14,Email,578,29,2643.55,11.61
2024-08-14,Referral,337,11,794.86,0.0
2024-08-15,Organic Search,1552,25,2070.46,0.0
2024-08-15,Paid Search,792,22,1585.46,727.79
2024-08-15,Social,1378,18,1174.42,445.13
2024-08-15,Email,458,21,1744.65,8.66
2024-08-15,Referral,303,8,621.6,0.0
2024-08-16,Organic Search,1144,24,1879.84,0.0
2024-08-16,Paid Search,872,19,1351.83,877.0
2024-08-16,Social,1193,15,932.49,501.29
2024-08-16,Email,540,21,1949.85,9.52
2024-08-16,Referral,300,7,504.1,0.0
2024-08-17,Organic Search,1184,20,1704.95,0.0
2024-08-17,Paid Search,777,26,2182.67,726.21
2024-08-17,Social,1353,17,1148.24,435.56
2024-08-17,Email,352,14,1186.7,7.04
2024-08-17,Referral,215,7,601.86,0.0
2024-08-18,Organic Search,939,22,1933.7,0.0
2024-08-18,Paid Search,647,16,1169.33,614.8
2024-08-18,Social,1234,14,840.65,411.9
2024-08-18,Email,416,18,1611.61,7.73
2024-08-18,Referral,214,5,341.55,0.0
2024-08-19,Organic Search,1387,29,2191.53,0.0
2024-08-19,Paid Search,789,25,2072.62,685.48
2024-08-19,Social,1537,20,1350.09,535.56
2024-08-19,Email,615,32,3024.32,11.13
2024-08-19,Referral,268,5,423.51,0.0
2024-08-20,Organic Search,1555,41,2855.66,0.0
2024-08-20,Paid Search,961,25,2163.33,828.92
2024-08-20,Social,1461,16,1060.9,464.5
2024-08-20,Email,524,22,2056.66,9.94
2024-08-20,Referral,293,9,703.19,0.0
2024-08-21,Organic Search,1502,29,2194.92,0.0
2024-08-21,Paid Search,781,21,1848.23,705.32
2024-08-21,Social,1186,17,1080.7,412.29
2024-08-21,Email,508,24,2106.17,10.02
2024-08-21,Referral,302,15,1058.98,0.0
2024-08-22,Organic Search,1489,30,2326.73,0.0
2024-08-22,Paid Search,888,30,2150.7,817.38
2024-08-22,Social,1195,14,900.8,408.87
2024-08-22,Email,524,18,1596.48,10.63
2024-08-22,Referral,297,11,976.85,0.0
2024-08-23,Organic Search,1269,26,2026.35,0.0
2024-08-23,Paid Search,945,23,2179.77,842.71
2024-08-23,Social,1405,15,897.21,482.53
2024-08-23,Email,510,21,1706.18,9.09
2024-08-23,Referral,302,8,549.29,0.0
2024-08-24,Organic Search,1212,41,3014.44,0.0
2024-08-24,Paid Search,673,17,1485.77,730.45
2024-08-24,Social,1123,13,771.9,429.87
2024-08-24,Email,443,20,1767.78,8.85
2024-08-24,Referral,193,4,301.15,0.0
2024-08-25,Organic Search,1261,29,2265.22,0.0
2024-08-25,Paid Search,802,24,1812.9,803.95
2024-08-25,Social,1080,13,750.2,370.77
2024-08-25,Email,474,21,1978.07,9.17
2024-08-25,Referral,248,7,442.42,0.0
2024-08-26,Organic Search,1383,31,2139.63,0.0
2024-08-26,Paid Search,983,34,2561.54,913.74
2024-08-26,Social,1286,17,1150.01,379.46
2024-08-26,Email,479,24,2109.19,9.58
2024-08-26,Referral,325,9,730.68,0.0
2024-08-27,Organic Search,1550,36,2944.58,0.0
2024-08-27,Paid Search,962,25,2155.77,870.49
2024-08-27,Social,1698,16,996.11,698.83
2024-08-27,Email,525,27,2517.35,9.89
2024-08-27,Referral,302,8,577.97,0.0
2024-08-28,Organic Search,1316,35,2403.77,0.0
2024-08-28,Paid Search,980,25,2025.99,961.99
2024-08-28,Social,1840,19,1409.65,576.2
2024-08-28,Email,508,23,1872.31,10.07
2024-08-28,Referral,269,7,535.57,0.0
2024-08-29,Organic Search,1474,26,2076.79,0.0
2024-08-29,Paid Search,1089,36,2778.1,988.36
2024-08-29,Social,1397,18,1117.34,479.0
2024-08-29,Email,518,18,1526.28,10.92
2024-08-29,Referral,360,11,835.63,0.0
2024-08-30,Organic Search,1327,30,2573.96,0.0
2024-08-30,Paid Search,900,18,1677.63,807.52
2024-08-30,Social,1103,9,560.56,385.83
2024-08-30,Email,423,21,1819.63,8.91
2024-08-30,Referral,325,10,803.53,0.0
2024-08-31,Organic Search,1379,21,1480.5,0.0
2024-08-31,Paid Search,836,20,1622.38,870.32
2024-08-31,Social,1128,13,806.62,359.72
2024-08-31,Email,449,28,2457.71,9.24
2024-08-31,Referral,253,8,587.32,0.0
2024-09-01,Organic Search,1006,17,1259.92,0.0
2024-09-01,Paid Search,814,21,1500.59,757.57
2024-09-01,Social,1181,13,815.73,460.68
2024-09-01,Email,366,15,1250.13,7.7
2024-09-01,Referral,242,10,797.73,0.0
2024-09-02,Organic Search,1744,32,3000.64,0.0
2024-09-02,Paid Search,1064,29,2575.88,976.68
2024-09-02,Social,1614,19,1302.93,541.71
2024-09-02,Email,577,36,3502.87,12.74
2024-09-02,Referral,319,11,828.42,0.0
2024-09-03,Organic Search,1945,37,2919.63,0.0
2024-09-03,Paid Search,1098,24,2294.89,1110.07
2024-09-03,Social,1336,16,1085.6,513.1
2024-09-03,Email,652,35,3163.77,13.25
2024-09-03,Referral,368,11,952.89,0.0
2024-09-04,Organic Search,1814,46,3810.37,0.0
2024-09-04,Paid Search,929,24,1955.28,821.29
2024-09-04,Social,1738,19,1255.73,594.27
2024-09-04,Email,509,25,2232.73,10.62
2024-09-04,Referral,312,9,680.48,0.0
2024-09-05,Organic Search,1562,32,2421.03,0.0
2024-09-05,Paid Search,1074,26,2218.6,1166.31
2024-09-05,Social,1613,24,1404.8,626.67
2024-09-05,Email,559,23,2394.14,10.2
2024-09-05,Referral,386,10,632.65,0.0
2024-09-06,Organic Search,1831,39,2990.47,0.0
2024-09-06,Paid Search,976,18,1451.35,912.31
2024-09-06,Social,1342,20,1385.11,392.11
2024-09-06,Email,662,43,3883.04,12.09
2024-09-06,Referral,275,9,679.51,0.0
2024-09-07,Organic Search,1280,22,1791.38,0.0
2024-09-07,Paid Search,598,16,1271.67,595.4
2024-09-07,Social,1319,18,1045.93,570.81
2024-09-07,Email,452,19,1510.58,7.9
2024-09-07,Referral,281,7,548.8,0.0
2024-09-08,Organic Search,1385,33,2651.97,0.0
2024-09-08,Paid Search,895,29,2466.76,827.34
2024-09-08,Social,1015,9,554.5,371.68
2024-09-08,Email,469,17,1393.12,9.16
2024-09-08,Referral,275,9,687.1,0.0
2024-09-09,Organic Search,1450,29,2650.29,0.0
2024-09-09,Paid Search,1099,25,1904.08,969.98
2024-09-09,Social,1580,18,1059.44,495.31
2024-09-09,Email,559,26,2356.78,10.59
2024-09-09,Referral,346,7,505.84,0.0
2024-09-10,Organic Search,1540,26,1893.96,0.0
2024-09-10,Paid Search,813,18,1275.37,647.74
2024-09-10,Social,1531,20,1217.09,497.17
2024-09-10,Email,612,29,2471.69,11.96
2024-09-10,Referral,321,9,691.21,0.0
2024-09-11,Organic Search,1433,34,2606.9,0.0
2024-09-11,Paid Search,928,30,2420.06,852.88
2024-09-11,Social,1557,16,1105.0,620.79
2024-09-11,Email,576,21,1800.63,11.53
2024-09-11,Referral,310,7,534.28,0.0
2024-09-12,Organic Search,1720,33,2517.65,0.0
2024-09-12,Paid Search,978,30,2319.28,960.36
2024-09-12,Social,1856,15,934.95,619.82
2024-09-12,Email,661,28,2446.41,13.87
2024-09-12,Referral,322,9,711.59,0.0
2024-09-13,Organic Search,1484,39,3046.23,0.0
2024-09-13,Paid Search,1063,30,2100.03,1024.64
2024-09-13,Social,1471,15,1006.7,519.02
2024-09-13,Email,564,29,2674.22,10.48
2024-09-13,Referral,305,8,606.42,0.0
2024-09-14,Organic Search,1085,24,1814.71,0.0
2024-09-14,Paid Search,654,20,1773.8,582.49
2024-09-14,Social,1240,12,694.82,449.57
2024-09-14,Email,568,28,2449.17,11.4
2024-09-14,Referral,268,8,624.14,0.0
2024-09-15,Organic Search,1241,24,2017.68,0.0
2024-09-15,Paid Search,664,22,1886.07,642.59
2024-09-15,Social,1110,12,799.22,377.29
2024-09-15,Email,399,23,2132.31,7.1
2024-09-15,Referral,274,7,549.88,0.0
2024-09-16,Organic Search,1658,38,3342.73,0.0
2024-09-16,Paid Search,911,27,2306.09,860.99
2024-09-16,Social,1453,15,870.49,462.59
2024-09-16,Email,742,34,3196.63,12.79
2024-09-16,Referral,334,8,597.48,0.0
2024-09-17,Organic Search,1467,37,2698.03,0.0
2024-09-17,Paid Search,910,28,2227.24,804.29
2024-09-17,Social,1570,19,1107.6,563.54
2024-09-17,Email,482,22,2304.34,9.05
2024-09-17,Referral,411,14,936.39,0.0
2024-09-18,Organic Search,1824,34,2347.42,0.0
2024-09-18,Paid Search,877,30,2247.54,862.62
2024-09-18,Social,1688,18,1107.61,549.39
2024-09-18,Email,617,26,2360.31,13.75
2024-09-18,Referral,270,8,602.01,0.0
2024-09-19,Organic Search,1815,45,3479.87,0.0
2024-09-19,Paid Search,1050,31,2639.8,1129.47
2024-09-19,Social,1667,16,1183.92,601.77
2024-09-19,Email,435,15,1325.24,8.86
2024-09-19,Referral,345,10,697.27,0.0
2024-09-20,Organic Search,1168,28,2203.64,0.0
2024-09-20,Paid Search,903,29,2692.27,881.5
2024-09-20,Social,1467,16,912.62,510.98
2024-09-20,Email,524,28,2505.61,11.15
2024-09-20,Referral,309,9,589.15,0.0
2024-09-21,Organic Search,1027,25,2391.67,0.0
2024-09-21,Paid Search,780,20,1401.28,678.11
2024-09-21,Social,1048,8,505.31,441.99
2024-09-21,Email,615,27,2355.69,11.91
2024-09-21,Referral,249,7,465.21,0.0
2024-09-22,Organic Search,1135,22,1860.97,0.0
2024-09-22,Paid Search,876,19,1307.2,776.56
2024-09-22,Social,1432,14,841.56,485.54
2024-09-22,Email,443,20,2110.5,9.05
2024-09-22,Referral,224,7,466.98,0.0
2024-09-23,Organic Search,1841,48,4579.96,0.0
2024-09-23,Paid Search,1069,28,2437.48,915.56
2024-09-23,Social,1516,20,1167.04,488.63
2024-09-23,Email,518,22,2180.44,10.71
2024-09-23,Referral,342,9,638.41,0.0
2024-09-24,Organic Search,1693,40,3275.14,0.0
2024-09-24,Paid Search,1170,40,3337.7,1114.12
2024-09-24,Social,1533,20,1292.98,567.7
2024-09-24,Email,672,27,2555.25,13.1
2024-09-24,Referral,341,8,600.95,0.0
2024-09-25,Organic Search,1704,35,3012.97,0.0
2024-09-25,Paid Search,827,18,1627.3,662.81
2024-09-25,Social,1448,13,752.39,551.76
2024-09-25,Email,528,22,1857.28,9.13
2024-09-25,Referral,434,15,1262.97,0.0
2024-09-26,Organic Search,1291,36,3394.98,0.0
2024-09-26,Paid Search,957,31,2564.67,878.4
2024-09-26,Social,1724,22,1643.23,640.03
2024-09-26,Email,698,30,2532.56,14.63
2024-09-26,Referral,371,14,996.14,0.0
2024-09-27,Organic Search,1456,31,2441.54,0.0
2024-09-27,Paid Search,744,17,1297.29,700.23
2024-09-27,Social,1480,15,902.9,553.92
2024-09-27,Email,648,27,2487.62,13.31
2024-09-27,Referral,275,8,617.96,0.0
2024-09-28,Organic Search,1330,27,2111.39,0.0
2024-09-28,Paid Search,905,22,1726.82,839.54
2024-09-28,Social,1154,13,830.44,386.27
2024-09-28,Email,434,20,2058.57,10.21
2024-09-28,Referral,260,8,681.73,0.0
2024-09-29,Organic Search,1227,18,1341.13,0.0
2024-09-29,Paid Search,783,15,1124.4,734.22
2024-09-29,Social,1124,11,765.35,387.66
2024-09-29,Email,447,24,1972.58,8.61
2024-09-29,Referral,244,7,511.5,0.0
2024-09-30,Organic Search,1381,20,1516.95,0.0
2024-09-30,Paid Search,1008,32,2552.51,858.05
2024-09-30,Social,1239,12,874.09,439.83
2024-09-30,Email,582,32,2980.59,11.73
2024-09-30,Referral,328,8,613.41,0.0
2024-10-01,Organic Search,1644,35,3010.84,0.0
2024-10-01,Paid Search,1101,29,2350.4,1139.14
2024-10-01,Social,1684,22,1379.59,622.77
2024-10-01,Email,775,28,2289.2,15.32
2024-10-01,Referral,346,9,642.81,0.0
2024-10-02,Organic Search,1603,38,3283.43,0.0
2024-10-02,Paid Search,945,31,2662.22,830.16
2024-10-02,Social,1465,16,1071.12,442.47
2024-10-02,Email,601,27,2141.61,11.68
2024-10-02,Referral,322,8,581.56,0.0
2024-10-03,Organic Search,1911,37,3181.43,0.0
2024-10-03,Paid Search,983,26,2205.81,996.29
2024-10-03,Social,1629,21,1469.08,604.83
2024-10-03,Email,662,26,2284.85,13.24
2024-10-03,Referral,305,10,780.93,0.0
2024-10-04,Organic Search,1614,41,3266.98,0.0
2024-10-04,Paid Search,890,25,1916.46,1065.69
2024-10-04,Social,1373,17,1064.74,450.11
2024-10-04,Email,582,23,2022.22,10.59
2024-10-04,Referral,303,7,596.27,0.0
2024-10-05,Organic Search,1236,28,2075.94,0.0
2024-10-05,Paid Search,936,34,2491.42,949.22
2024-10-05,Social,1458,16,1052.92,497.2
2024-10-05,Email,494,19,1713.16,9.21
2024-10-05,Referral,298,9,706.22,0.0
2024-10-06,Organic Search,1396,28,2218.23,0.0
2024-10-06,Paid Search,659,18,1648.35,685.6
2024-10-06,Social,1212,13,753.07,423.77
2024-10-06,Email,528,27,2526.66,9.83
2024-10-06,Referral,214,7,596.85,0.0
2024-10-07,Organic Search,1688,34,3203.92,0.0
2024-10-07,Paid Search,1029,33,2816.67,1075.75
2024-10-07,Social,1251,15,893.22,497.66
2024-10-07,Email,600,25,2239.43,13.15
2024-10-07,Referral,362,10,712.71,0.0
2024-10-08,Organic Search,1636,34,2647.51,0.0
2024-10-08,Paid Search,1152,31,2061.96,1163.09
2024-10-08,Social,1644,19,1103.75,562.73
2024-10-08,Email,758,35,3273.03,15.62
2024-10-08,Referral,318,7,517.58,0.0
2024-10-09,Organic Search,1952,37,2909.72,0.0
2024-10-09,Paid Search,895,25,2131.85,808.04
2024-10-09,Social,1421,15,874.45,490.99
2024-10-09,Email,658,31,2782.01,13.08
2024-10-09,Referral,431,14,1049.62,0.0
2024-10-10,Organic Search,1760,50,3606.93,0.0
2024-10-10,Paid Search,1051,39,3325.19,940.32
2024-10-10,Social,1387,18,1180.72,486.54
2024-10-10,Email,630,32,2968.7,14.22
2024-10-10,Referral,370,9,632.58,0.0
2024-10-11,Organic Search,1744,37,2700.77,0.0
2024-10-11,Paid Search,1008,26,2031.74,1005.83
2024-10-11,Social,1286,14,930.48,460.26
2024-10-11,Email,672,33,2849.21,13.74
2024-10-11,Referral,318,12,892.68,0.0
2024-10-12,Organic Search,1321,21,1617.59,0.0
2024-10-12,Paid Search,1081,26,2080.62,1101.77
2024-10-12,Social,1359,16,1087.03,432.44
2024-10-12,Email,395,14,1249.15,6.93
2024-10-12,Referral,270,8,643.8,0.0
2024-10-13,Organic Search,1396,29,2608.2,0.0
2024-10-13,Paid Search,783,19,1552.04,698.54
2024-10-13,Social,1296,18,1059.12,517.22
2024-10-13,Email,557,25,1725.81,11.2
2024-10-13,Referral,232,5,349.75,0.0
2024-10-14,Organic Search,1678,40,3009.76,0.0
2024-10-14,Paid Search,1143,32,2839.86,1028.83
2024-10-14,Social,1913,23,1447.23,756.38
2024-10-14,Email,717,32,2431.09,13.93
2024-10-14,Referral,343,7,464.96,0.0
2024-10-15,Organic Search,1743,32,2978.15,0.0
2024-10-15,Paid Search,1178,41,3512.58,1229.06
2024-10-15,Social,1435,19,1186.87,468.14
2024-10-15,Email,636,29,2553.23,11.95
2024-10-15,Referral,375,11,860.8,0.0
2024-10-16,Organic Search,1815,42,2983.51,0.0
2024-10-16,Paid Search,1112,38,2835.73,978.29
2024-10-16,Social,1638,16,995.53,520.21
2024-10-16,Email,747,39,3653.09,15.13
2024-10-16,Referral,340,10,830.23,0.0
2024-10-17,Organic Search,1826,37,3347.24,0.0
2024-10-17,Paid Search,931,26,2025.53,955.06
2024-10-17,Social,1750,22,1705.4,601.57
2024-10-17,Email,650,29,2460.9,13.71
2024-10-17,Referral,453,11,807.58,0.0
2024-10-18,Organic Search,1577,31,2971.7,0.0
2024-10-18,Paid Search,1091,39,2819.92,1037.18
2024-10-18,Social,1983,28,1664.3,708.41
2024-10-18,Email,654,29,2590.83,15.1
2024-10-18,Referral,333,13,1048.34,0.0
2024-10-19,Organic Search,1361,29,2405.71,0.0
2024-10-19,Paid Search,963,27,2176.71,877.81
2024-10-19,Social,1177,16,930.43,438.82
2024-10-19,Email,489,25,1959.58,10.41
2024-10-19,Referral,269,8,552.64,0.0
2024-10-20,Organic Search,1392,25,1907.14,0.0
2024-10-20,Paid Search,753,18,1585.05,709.25
2024-10-20,Social,1167,11,762.02,387.81
2024-10-20,Email,529,20,1587.2,10.76
2024-10-20,Referral,292,7,493.51,0.0
2024-10-21,Organic Search,1541,31,2421.98,0.0
2024-10-21,Paid Search,1107,30,2398.09,914.45
2024-10-21,Social,1563,15,1031.25,592.81
2024-10-21,Email,710,32,3329.13,14.76
2024-10-21,Referral,321,8,524.63,0.0
2024-10-22,Organic Search,1559,32,2212.99,0.0
2024-10-22,Paid Search,903,22,1629.86,836.29
2024-10-22,Social,1319,16,1007.68,525.95
2024-10-22,Email,822,31,2936.76,15.12
2024-10-22,Referral,367,11,723.7,0.0
2024-10-23,Organic Search,2116,44,3266.61,0.0
2024-10-23,Paid Search,998,25,1910.99,891.56
2024-10-23,Social,1303,14,835.94,447.77
2024-10-23,Email,669,28,2477.29,13.54
2024-10-23,Referral,371,7,502.98,0.0
2024-10-24,Organic Search,1697,37,3098.96,0.0
2024-10-24,Paid Search,1204,31,2806.07,1192.12
2024-10-24,Social,1478,18,1205.0,517.08
2024-10-24,Email,905,46,4613.08,20.04
2024-10-24,Referral,399,10,836.74,0.0
2024-10-25,Organic Search,1638,29,2653.41,0.0
2024-10-25,Paid Search,969,27,2077.83,827.66
2024-10-25,Social,1388,21,1349.45,472.01
2024-10-25,Email,617,31,2626.57,10.24
2024-10-25,Referral,312,9,678.51,0.0
2024-10-26,Organic Search,1465,27,2048.88,0.0
2024-10-26,Paid Search,833,21,1758.49,724.14
2024-10-26,Social,1387,21,1472.02,479.56
2024-10-26,Email,492,21,1718.85,9.32
2024-10-26,Referral,303,8,569.13,0.0
2024-10-27,Organic Search,1451,25,2117.09,0.0
2024-10-27,Paid Search,679,18,1339.82,736.71
2024-10-27,Social,1331,19,993.35,456.29
2024-10-27,Email,389,17,1337.84,7.46
2024-10-27,Referral,301,7,460.77,0.0
2024-10-28,Organic Search,1742,39,2772.91,0.0
2024-10-28,Paid Search,1309,26,2185.79,1267.99
2024-10-28,Social,1627,22,1403.31,508.04
2024-10-28,Email,726,39,3669.76,15.69
2024-10-28,Referral,391,12,979.28,0.0
2024-10-29,Organic Search,1896,40,3255.42,0.0
2024-10-29,Paid Search,1029,28,2461.8,933.06
2024-10-29,Social,2058,23,1531.82,660.92
2024-10-29,Email,520,21,1987.35,9.28
2024-10-29,Referral,464,14,954.15,0.0
2024-10-30,Organic Search,1725,42,3128.56,0.0
2024-10-30,Paid Search,1022,22,1983.03,965.01
2024-10-30,Social,1417,16,1089.78,533.8
2024-10-30,Email,689,31,2743.29,13.55
2024-10-30,Referral,363,12,913.65,0.0
2024-10-31,Organic Search,1745,38,2852.65,0.0
2024-10-31,Paid Search,1465,30,2466.1,1494.52
2024-10-31,Social,1704,19,1336.78,637.78
2024-10-31,Email,705,29,2586.32,15.79
2024-10-31,Referral,401,10,770.13,0.0
2024-11-01,Organic Search,2275,31,1978.44,0.0
2024-11-01,Paid Search,1153,30,2551.51,1169.28
2024-11-01,Social,1654,17,1023.8,553.99
2024-11-01,Email,678,52,5494.08,14.0
2024-11-01,Referral,481,14,1045.27,0.0
2024-11-02,Organic Search,1540,38,3043.34,0.0
2024-11-02,Paid Search,946,24,1783.25,942.65
2024-11-02,Social,1446,18,991.94,493.59
2024-11-02,Email,528,28,2615.6,9.77
2024-11-02,Referral,346,9,725.31,0.0
2024-11-03,Organic Search,1485,30,2428.68,0.0
2024-11-03,Paid Search,1053,30,2716.1,988.34
2024-11-03,Social,1364,16,1032.92,449.99
2024-11-03,Email,633,24,1948.91,12.63
2024-11-03,Referral,343,12,781.36,0.0
2024-11-04,Organic Search,2238,49,3802.75,0.0
2024-11-04,Paid Search,1185,34,2847.78,1130.75
2024-11-04,Social,1674,18,1190.96,571.59
2024-11-04,Email,790,39,4128.83,14.8
2024-11-04,Referral,365,9,739.8,0.0
2024-11-05,Organic Search,2389,41,3557.61,0.0
2024-11-05,Paid Search,1200,33,2409.57,1115.42
2024-11-05,Social,2576,44,2907.16,770.06
2024-11-05,Email,810,31,3145.3,15.96
2024-11-05,Referral,486,12,933.12,0.0
2024-11-06,Organic Search,2174,43,3158.64,0.0
2024-11-06,Paid Search,1430,36,2878.52,1188.79
2024-11-06,Social,2086,23,1521.22,696.62
2024-11-06,Email,786,32,2786.29,15.71
2024-11-06,Referral,377,9,606.55,0.0
2024-11-07,Organic Search,2418,60,4255.22,0.0
2024-11-07,Paid Search,1276,27,2220.11,1250.53
2024-11-07,Social,1933,24,1393.74,600.42
2024-11-07,Email,788,41,3975.45,14.63
2024-11-07,Referral,353,11,805.56,0.0
2024-11-08,Organic Search,1659,33,2641.97,0.0
2024-11-08,Paid Search,1172,28,2226.47,1227.99
2024-11-08,Social,2050,20,1168.0,673.22
2024-11-08,Email,720,30,2242.37,14.56
2024-11-08,Referral,390,10,706.7,0.0
2024-11-09,Organic Search,1664,30,2220.71,0.0
2024-11-09,Paid Search,1077,23,1775.39,1024.89
2024-11-09,Social,1377,14,917.05,539.25
2024-11-09,Email,659,31,2593.37,14.55
2024-11-09,Referral,351,12,911.82,0.0
2024-11-10,Organic Search,1574,32,2586.03,0.0
2024-11-10,Paid Search,1139,33,3128.96,1098.62
2024-11-10,Social,1587,16,1204.1,552.12
2024-11-10,Email,707,31,2722.16,16.69
2024-11-10,Referral,340,11,900.08,0.0
2024-11-11,Organic Search,2139,43,3003.66,0.0
2024-11-11,Paid Search,1241,40,3018.88,1191.27
2024-11-11,Social,1815,21,1154.75,638.95
2024-11-11,Email,824,35,2899.2,15.85
2024-11-11,Referral,475,18,1405.63,0.0
2024-11-12,Organic Search,2267,47,3872.64,0.0
2024-11-12,Paid Search,1385,38,3048.76,1436.73
2024-11-12,Social,2081,22,1266.47,832.86
2024-11-12,Email,979,44,3793.71,20.09
2024-11-12,Referral,481,10,702.12,0.0
2024-11-13,Organic Search,1858,40,3209.77,0.0
2024-11-13,Paid Search,1439,42,3124.33,1414.86
2024-11-13,Social,1806,21,1288.56,591.5
2024-11-13,Email,800,41,4011.47,14.61
2024-11-13,Referral,441,12,851.04,0.0
2024-11-14,Organic Search,2126,50,4097.13,0.0
2024-11-14,Paid Search,1269,27,2285.8,1139.79
2024-11-14,Social,2037,25,1870.79,703.68
2024-11-14,Email,870,34,2858.72,19.1
2024-11-14,Referral,344,9,615.14,0.0
2024-11-15,Organic Search,1659,36,2893.14,0.0
2024-11-15,Paid Search,1016,27,2232.81,952.77
2024-11-15,Social,1906,24,1508.77,605.76
2024-11-15,Email,519,24,2359.18,10.01
2024-11-15,Referral,401,11,801.78,0.0
2024-11-16,Organic Search,1600,33,2942.43,0.0
2024-11-16,Paid Search,1316,53,4098.84,1369.7
2024-11-16,Social,1496,13,809.43,560.53
2024-11-16,Email,563,19,1871.61,11.01
2024-11-16,Referral,324,9,674.0,0.0
2024-11-17,Organic Search,1367,26,2034.41,0.0
2024-11-17,Paid Search,910,21,1771.14,811.86
2024-11-17,Social,1481,17,1097.51,539.29
2024-11-17,Email,595,21,1835.97,12.09
2024-11-17,Referral,372,12,1040.48,0.0
2024-11-18,Organic Search,2176,47,3843.78,0.0
2024-11-18,Paid Search,1107,27,2306.58,1100.16
2024-11-18,Social,1776,27,2062.75,599.62
2024-11-18,Email,735,32,2947.06,16.11
2024-11-18,Referral,381,13,952.84,0.0
2024-11-19,Organic Search,2681,65,5108.41,0.0
2024-11-19,Paid Search,1461,43,3256.97,1560.04
2024-11-19,Social,1832,21,1156.52,665.85
2024-11-19,Email,831,33,3429.28,13.44
2024-11-19,Referral,424,14,893.4,0.0
2024-11-20,Organic Search,3142,70,5078.83,0.0
2024-11-20,Paid Search,1182,44,4148.33,1121.88
2024-11-20,Social,1561,22,1282.6,550.81
2024-11-20,Email,758,27,2212.29,15.01
2024-11-20,Referral,403,14,1196.38,0.0
2024-11-21,Organic Search,2064,44,3663.34,0.0
2024-11-21,Paid Search,1444,37,2817.91,1479.0
2024-11-21,Social,2033,23,1498.96,680.17
2024-11-21,Email,644,31,2997.17,12.86
2024-11-21,Referral,415,10,741.13,0.0
2024-11-22,Organic Search,2020,49,4131.09,0.0
2024-11-22,Paid Search,1067,28,2283.54,1093.32
2024-11-22,Social,2149,23,1430.84,684.23
2024-11-22,Email,735,31,3050.65,14.15
2024-11-22,Referral,408,10,704.3,0.0
2024-11-23,Organic Search,1603,39,3067.95,0.0
2024-11-23,Paid Search,973,31,2414.24,1017.56
2024-11-23,Social,1170,14,862.78,430.15
2024-11-23,Email,757,34,2908.23,14.84
2024-11-23,Referral,430,13,898.87,0.0
2024-11-24,Organic Search,1697,40,3126.12,0.0
2024-11-24,Paid Search,957,31,2494.36,857.26
2024-11-24,Social,1404,20,1211.89,471.27
2024-11-24,Email,587,26,2329.9,11.36
2024-11-24,Referral,348,10,705.69,0.0
2024-11-25,Organic Search,2154,43,2883.22,0.0
2024-11-25,Paid Search,1486,34,3046.32,1455.78
2024-11-25,Social,1887,26,1943.79,668.31
2024-11-25,Email,810,36,3085.48,18.14
2024-11-25,Referral,404,16,1340.18,0.0
2024-11-26,Organic Search,2448,52,4084.12,0.0
2024-11-26,Paid Search,1174,26,2134.04,1209.27
2024-11-26,Social,2185,20,1182.66,704.16
2024-11-26,Email,777,33,2718.08,14.29
2024-11-26,Referral,394,10,783.38,0.0
2024-11-27,Organic Search,2064,41,2803.03,0.0
2024-11-27,Paid Search,1288,34,2299.43,1290.89
2024-11-27,Social,1732,16,1200.66,534.26
2024-11-27,Email,942,35,3122.39,20.21
2024-11-27,Referral,373,9,736.29,0.0
2024-11-28,Organic Search,2176,49,3694.11,0.0
2024-11-28,Paid Search,1485,36,3095.18,1470.23
2024-11-28,Social,2078,20,1182.26,658.94
2024-11-28,Email,783,46,4068.45,15.7
2024-11-28,Referral,464,12,823.33,0.0
2024-11-29,Organic Search,1958,44,3783.17,0.0
2024-11-29,Paid Search,1374,43,3466.14,1413.92
2024-11-29,Social,1529,23,1374.94,473.05
2024-11-29,Email,799,41,3626.14,16.74
2024-11-29,Referral,369,12,893.41,0.0
2024-11-30,Organic Search,1767,56,4589.99,0.0
2024-11-30,Paid Search,943,36,2868.42,1013.25
2024-11-30,Social,1762,21,1270.75,599.23
2024-11-30,Email,590,24,2319.46,12.31
2024-11-30,Referral,400,9,733.95,0.0
2024-12-01,Organic Search,1966,44,3174.78,0.0
2024-12-01,Paid Search,1165,32,2864.35,961.8
2024-12-01,Social,1474,13,725.1,519.53
2024-12-01,Email,666,30,2887.38,14.55
2024-12-01,Referral,351,10,644.41,0.0
2024-12-02,Organic Search,2197,45,3793.94,0.0
2024-12-02,Paid Search,1142,32,2379.87,1274.29
2024-12-02,Social,2102,24,1420.56,832.73
2024-12-02,Email,757,36,3498.56,15.48
2024-12-02,Referral,493,18,1369.41,0.0
2024-12-03,Organic Search,2800,49,3931.75,0.0
2024-12-03,Paid Search,1404,53,4789.71,1336.41
2024-12-03,Social,2445,34,2037.08,1012.04
2024-12-03,Email,750,40,3504.11,14.11
2024-12-03,Referral,496,18,1229.19,0.0
2024-12-04,Organic Search,1908,35,2722.97,0.0
2024-12-04,Paid Search,1237,31,2192.52,1228.56
2024-12-04,Social,1668,19,1250.63,517.82
2024-12-04,Email,947,33,3042.94,16.48
2024-12-04,Referral,500,14,977.43,0.0
2024-12-05,Organic Search,2157,45,3834.0,0.0
2024-12-05,Paid Search,1305,40,3174.17,1290.59
2024-12-05,Social,2242,27,1798.01,794.99
2024-12-05,Email,722,28,2342.39,12.87
2024-12-05,Referral,505,12,855.21,0.0
2024-12-06,Organic Search,1824,31,2698.03,0.0
2024-12-06,Paid Search,1704,53,4817.5,1670.75
2024-12-06,Social,1503,21,1366.23,547.98
2024-12-06,Email,724,36,2979.87,15.06
2024-12-06,Referral,471,11,861.96,0.0
2024-12-07,Organic Search,1689,36,2785.98,0.0
2024-12-07,Paid Search,1157,37,3052.0,1360.67
2024-12-07,Social,1679,29,2093.32,656.72
2024-12-07,Email,659,27,2264.43,12.9
2024-12-07,Referral,350,11,826.81,0.0
2024-12-08,Organic Search,1548,32,2889.89,0.0
2024-12-08,Paid Search,1001,27,2500.1,1058.61
2024-12-08,Social,1285,15,924.74,416.57
2024-12-08,Email,702,31,2690.32,14.3
2024-12-08,Referral,290,7,598.38,0.0
2024-12-09,Organic Search,2317,44,4080.33,0.0
2024-12-09,Paid Search,1482,37,3193.18,1346.17
2024-12-09,Social,1644,20,1253.24,511.45
2024-12-09,Email,858,35,3495.42,17.51
2024-12-09,Referral,399,12,919.57,0.0
2024-12-10,Organic Search,2578,46,3799.5,0.0
2024-12-10,Paid Search,1538,47,4312.7,1450.16
2024-12-10,Social,1898,20,1225.08,617.78
2024-12-10,Email,713,30,2493.71,13.35
2024-12-10,Referral,492,13,974.6,0.0
2024-12-11,Organic Search,2074,46,3845.38,0.0
2024-12-11,Paid Search,1789,48,3565.94,1567.36
2024-12-11,Social,1788,22,1593.24,576.26
2024-12-11,Email,715,27,2261.38,17.3
2024-12-11,Referral,508,13,1070.8,0.0
2024-12-12,Organic Search,2397,53,4483.37,0.0
2024-12-12,Paid Search,1719,66,6106.36,1839.76
2024-12-12,Social,1907,22,1437.75,648.42
2024-12-12,Email,985,34,3035.14,20.91
2024-12-12,Referral,499,14,1102.35,0.0
2024-12-13,Organic Search,1830,43,3173.25,0.0
2024-12-13,Paid Search,1264,31,2509.47,1099.3
2024-12-13,Social,1765,19,1313.21,605.65
2024-12-13,Email,786,29,2956.1,16.89
2024-12-13,Referral,433,12,875.3,0.0
2024-12-14,Organic Search,1714,29,2075.92,0.0
2024-12-14,Paid Search,841,23,1963.71,688.4
2024-12-14,Social,1165,16,1025.62,429.38
2024-12-14,Email,633,35,3207.62,14.88
2024-12-14,Referral,324,9,669.57,0.0
2024-12-15,Organic Search,1606,33,2506.99,0.0
2024-12-15,Paid Search,1124,31,2632.03,1221.29
2024-12-15,Social,1640,21,1321.11,552.47
2024-12-15,Email,656,26,2344.03,13.81
2024-12-15,Referral,359,9,733.07,0.0
2024-12-16,Organic Search,2421,52,3606.14,0.0
2024-12-16,Paid Search,1317,36,2924.61,1087.74
2024-12-16,Social,1944,23,1256.19,705.63
2024-12-16,Email,788,32,2743.05,17.66
2024-12-16,Referral,489,14,1071.38,0.0
2024-12-17,Organic Search,2396,55,4537.35,0.0
2024-12-17,Paid Search,1306,34,2832.5,1324.02
2024-12-17,Social,2234,29,1788.13,814.25
2024-12-17,Email,818,33,3162.38,17.73
2024-12-17,Referral,425,12,814.12,0.0
2024-12-18,Organic Search,2478,67,5341.79,0.0
2024-12-18,Paid Search,1592,49,4088.42,1546.68
2024-12-18,Social,2291,29,1775.92,803.28
2024-12-18,Email,800,42,3562.81,16.22
2024-12-18,Referral,512,14,955.99,0.0
2024-12-19,Organic Search,2046,47,3491.47,0.0
2024-12-19,Paid Search,1515,50,3692.08,1267.64
2024-12-19,Social,1764,20,1406.28,692.51
2024-12-19,Email,976,39,3464.8,19.92
2024-12-19,Referral,423,14,1277.69,0.0
2024-12-20,Organic Search,2382,50,4139.66,0.0
2024-12-20,Paid Search,1433,40,3178.02,1578.61
2024-12-20,Social,2039,19,1353.4,658.92
2024-12-20,Email,754,39,3632.59,13.24
2024-12-20,Referral,414,12,961.35,0.0
2024-12-21,Organic Search,1870,39,3080.09,0.0
2024-12-21,Paid Search,1083,33,3114.67,1075.9
2024-12-21,Social,1641,21,1343.43,578.91
2024-12-21,Email,620,36,3289.33,13.08
2024-12-21,Referral,390,14,947.88,0.0
2024-12-22,Organic Search,1611,32,2490.48,0.0
2024-12-22,Paid Search,1116,27,2290.52,1139.69
2024-12-22,Social,1432,21,1422.02,503.79
2024-12-22,Email,658,36,3172.96,11.19
2024-12-22,Referral,346,11,766.55,0.0
2024-12-23,Organic Search,2100,44,3237.22,0.0
2024-12-23,Paid Search,1532,42,3292.47,1272.47
2024-12-23,Social,1800,18,1150.25,649.28
2024-12-23,Email,896,42,3635.38,16.77
2024-12-23,Referral,350,13,1059.68,0.0
2024-12-24,Organic Search,2026,48,3764.25,0.0
2024-12-24,Paid Search,1287,35,2673.41,1472.72
2024-12-24,Social,2205,30,1853.28,738.35
2024-12-24,Email,763,34,2757.8,14.4
2024-12-24,Referral,497,16,1188.31,0.0
2024-12-25,Organic Search,2148,60,4994.12,0.0
2024-12-25,Paid Search,1341,39,3029.9,1523.81
2024-12-25,Social,1780,22,1430.79,542.05
2024-12-25,Email,946,47,4145.7,19.27
2024-12-25,Referral,376,9,649.87,0.0
2024-12-26,Organic Search,2765,62,4542.92,0.0
2024-12-26,Paid Search,1395,32,3036.47,1416.31
2024-12-26,Social,2277,22,1517.44,731.05
2024-12-26,Email,826,40,3602.72,15.94
2024-12-26,Referral,380,13,1000.83,0.0
2024-12-27,Organic Search,2389,50,3508.24,0.0
2024-12-27,Paid Search,1138,30,2832.51,1017.59
2024-12-27,Social,1835,18,1161.56,599.19
2024-12-27,Email,683,29,2320.6,13.24
2024-12-27,Referral,518,15,1060.96,0.0
2024-12-28,Organic Search,1680,33,2605.77,0.0
2024-12-28,Paid Search,1167,32,2601.47,1182.44
2024-12-28,Social,1557,21,1340.57,670.14
2024-12-28,Email,673,36,3117.74,15.74
2024-12-28,Referral,375,11,909.55,0.0
2024-12-29,Organic Search,1653,33,2591.57,0.0
2024-12-29,Paid Search,779,23,2150.65,745.14
2024-12-29,Social,1581,15,889.41,607.67
2024-12-29,Email,748,23,2227.5,18.7
2024-12-29,Referral,351,10,735.51,0.0
2024-12-30,Organic Search,1901,34,3085.54,0.0
2024-12-30,Paid Search,1595,36,3064.64,1424.04
2024-12-30,Social,1989,20,1229.8,780.45
2024-12-30,Email,904,40,3872.64,17.73
2024-12-30,Referral,423,9,618.8,0.0
2024-12-31,Organic Search,2357,42,3286.21,0.0
2024-12-31,Paid Search,1816,50,3657.64,1810.37
2024-12-31,Social,2218,23,1495.76,767.75
2024-12-31,Email,936,41,3051.84,18.71
2024-12-31,Referral,590,18,1336.71,0.0
2025-01-01,Organic Search,1403,21,1658.78,0.0
2025-01-01,Paid Search,1049,45,3199.77,1027.59
2025-01-01,Social,1400,19,1308.8,508.61
2025-01-01,Email,609,26,2376.4,12.68
2025-01-01,Referral,267,7,559.26,0.0
2025-01-02,Organic Search,1579,37,2962.8,0.0
2025-01-02,Paid Search,997,32,2716.25,943.57
2025-01-02,Social,1433,17,997.93,483.68
2025-01-02,Email,659,27,2251.55,14.99
2025-01-02,Referral,248,8,578.49,0.0
2025-01-03,Organic Search,1084,23,2083.52,0.0
2025-01-03,Paid Search,797,21,1897.83,796.36
2025-01-03,Social,1244,12,725.97,441.55
2025-01-03,Email,524,25,2095.74,11.23
2025-01-03,Referral,306,7,484.46,0.0
2025-01-04,Organic Search,1120,24,1945.05,0.0
2025-01-04,Paid Search,691,20,1815.73,691.16
2025-01-04,Social,914,11,739.78,340.07
2025-01-04,Email,423,19,1565.81,8.07
2025-01-04,Referral,259,7,554.54,0.0
2025-01-05,Organic Search,1187,27,2109.3,0.0
2025-01-05,Paid Search,688,18,1492.27,627.87
2025-01-05,Social,863,9,616.14,312.27
2025-01-05,Email,438,17,1439.74,9.12
2025-01-05,Referral,266,8,691.76,0.0
2025-01-06,Organic Search,1485,24,1974.14,0.0
2025-01-06,Paid Search,958,22,1780.73,931.14
2025-01-06,Social,1303,15,1056.16,489.13
2025-01-06,Email,468,21,1920.26,10.48
2025-01-06,Referral,301,9,616.88,0.0
2025-01-07,Organic Search,1641,25,2044.38,0.0
2025-01-07,Paid Search,819,25,1933.47,618.26
2025-01-07,Social,1610,22,1436.53,609.9
2025-01-07,Email,622,33,3042.04,12.17
2025-01-07,Referral,353,8,524.82,0.0
2025-01-08,Organic Search,1182,35,2684.89,0.0
2025-01-08,Paid Search,917,23,1861.92,880.61
2025-01-08,Social,1286,16,1140.3,433.19
2025-01-08,Email,520,26,2945.49,10.1
2025-01-08,Referral,353,9,687.55,0.0
2025-01-09,Organic Search,1690,37,3238.95,0.0
2025-01-09,Paid Search,832,18,1335.46,791.29
2025-01-09,Social,1175,14,1065.93,364.3
2025-01-09,Email,496,26,2370.66,10.47
2025-01-09,Referral,284,9,737.13,0.0
2025-01-10,Organic Search,1314,22,1651.17,0.0
2025-01-10,Paid Search,833,26,2040.44,789.64
2025-01-10,Social,1152,11,599.25,392.55
2025-01-10,Email,541,29,2467.61,11.9
2025-01-10,Referral,397,11,690.94,0.0
2025-01-11,Organic Search,1022,24,1947.43,0.0
2025-01-11,Paid Search,772,21,1715.4,711.81
2025-01-11,Social,1022,12,640.41,359.26
2025-01-11,Email,519,18,1547.86,9.6
2025-01-11,Referral,256,7,529.15,0.0
2025-01-12,Organic Search,1261,30,2351.52,0.0
2025-01-12,Paid Search,765,24,1940.99,701.12
2025-01-12,Social,832,11,743.52,255.64
2025-01-12,Email,400,21,1964.57,7.58
2025-01-12,Referral,220,6,448.55,0.0
2025-01-13,Organic Search,1505,39,2897.57,0.0
2025-01-13,Paid Search,796,23,2135.94,724.36
2025-01-13,Social,1101,12,717.54,319.21
2025-01-13,Email,443,17,1550.43,8.52
2025-01-13,Referral,378,8,560.16,0.0
2025-01-14,Organic Search,1625,29,1867.52,0.0
2025-01-14,Paid Search,866,23,1702.67,778.56
2025-01-14,Social,1500,15,1020.27,502.03
2025-01-14,Email,470,20,1798.52,8.96
2025-01-14,Referral,324,8,559.61,0.0
2025-01-15,Organic Search,1775,24,1992.42,0.0
2025-01-15,Paid Search,1177,28,2119.09,1061.62
2025-01-15,Social,1221,17,941.03,471.75
2025-01-15,Email,445,17,1613.82,8.21
2025-01-15,Referral,293,8,622.96,0.0
2025-01-16,Organic Search,1556,37,3423.27,0.0
2025-01-16,Paid Search,932,17,1307.03,866.73
2025-01-16,Social,1184,13,834.6,431.73
2025-01-16,Email,446,17,1388.94,7.64
2025-01-16,Referral,266,7,562.59,0.0
2025-01-17,Organic Search,1534,38,2998.0,0.0
2025-01-17,Paid Search,1011,26,2096.05,878.18
2025-01-17,Social,1075,11,715.44,369.57
2025-01-17,Email,411,17,1491.46,8.07
2025-01-17,Referral,292,8,562.31,0.0
2025-01-18,Organic Search,1103,25,2014.49,0.0
2025-01-18,Paid Search,673,22,1951.67,757.63
2025-01-18,Social,952,12,712.24,315.57
2025-01-18,Email,467,19,1633.36,8.8
2025-01-18,Referral,230,7,522.49,0.0
2025-01-19,Organic Search,1110,26,2122.79,0.0
2025-01-19,Paid Search,817,25,2170.93,751.17
2025-01-19,Social,1164,14,1027.13,474.79
2025-01-19,Email,510,29,2519.32,10.31
2025-01-19,Referral,212,5,357.27,0.0
2025-01-20,Organic Search,1467,41,2966.73,0.0
2025-01-20,Paid Search,748,19,1608.8,759.74
2025-01-20,Social,1361,20,1189.74,525.7
2025-01-20,Email,489,24,1845.97,9.84
2025-01-20,Referral,257,5,398.03,0.0
2025-01-21,Organic Search,1339,21,1582.24,0.0
2025-01-21,Paid Search,1161,32,2720.74,1130.62
2025-01-21,Social,1262,14,956.33,427.32
2025-01-21,Email,467,21,1746.63,10.89
2025-01-21,Referral,350,11,808.33,0.0
2025-01-22,Organic Search,1575,34,2816.14,0.0
2025-01-22,Paid Search,973,29,2307.2,910.61
2025-01-22,Social,1122,13,851.73,401.97
2025-01-22,Email,663,28,2523.46,14.93
2025-01-22,Referral,266,7,531.83,0.0
2025-01-23,Organic Search,1522,33,2467.77,0.0
2025-01-23,Paid Search,787,20,1540.53,776.08
2025-01-23,Social,1282,18,1251.67,447.5
2025-01-23,Email,417,18,1588.14,6.94
2025-01-23,Referral,239,7,479.01,0.0
2025-01-24,Organic Search,1881,29,2021.84,0.0
2025-01-24,Paid Search,743,23,2005.71,738.34
2025-01-24,Social,1105,15,899.52,377.23
2025-01-24,Email,509,20,1918.6,9.65
2025-01-24,Referral,298,8,589.32,0.0
2025-01-25,Organic Search,1610,28,2116.22,0.0
2025-01-25,Paid Search,587,18,1465.63,567.79
2025-01-25,Social,958,11,757.71,357.03
2025-01-25,Email,482,17,1438.89,9.26
2025-01-25,Referral,221,5,415.17,0.0
2025-01-26,Organic Search,1217,31,2226.65,0.0
2025-01-26,Paid Search,687,26,2223.85,652.25
2025-01-26,Social,1155,13,869.06,434.55
2025-01-26,Email,407,18,1693.92,9.33
2025-01-26,Referral,233,7,562.56,0.0
2025-01-27,Organic Search,1272,33,2383.33,0.0
2025-01-27,Paid Search,871,24,2043.74,675.13
2025-01-27,Social,1220,16,1086.55,416.1
2025-01-27,Email,571,24,2339.73,11.35
2025-01-27,Referral,261,7,481.79,0.0
2025-01-28,Organic Search,1847,38,2686.29,0.0
2025-01-28,Paid Search,827,23,1809.6,725.56
2025-01-28,Social,1016,12,751.1,370.17
2025-01-28,Email,553,18,1706.67,10.32
2025-01-28,Referral,310,11,777.83,0.0
2025-01-29,Organic Search,1871,30,2224.83,0.0
2025-01-29,Paid Search,821,18,1515.68,888.54
2025-01-29,Social,1302,17,1062.27,405.37
2025-01-29,Email,578,20,1562.79,11.54
2025-01-29,Referral,283,9,669.08,0.0
2025-01-30,Organic Search,1644,35,2616.56,0.0
2025-01-30,Paid Search,988,25,1818.35,874.5
2025-01-30,Social,1315,16,947.86,472.05
2025-01-30,Email,451,23,1675.9,9.61
2025-01-30,Referral,291,9,680.0,0.0
2025-01-31,Organic Search,1183,25,2105.87,0.0
2025-01-31,Paid Search,795,28,2523.32,743.88
2025-01-31,Social,1291,19,1255.21,420.51
2025-01-31,Email,427,21,1594.17,9.04
2025-01-31,Referral,307,10,815.76,0.0
2025-02-01,Organic Search,1132,19,1454.1,0.0
2025-02-01,Paid Search,606,12,1136.29,518.34
2025-02-01,Social,786,8,451.75,297.91
2025-02-01,Email,435,26,2246.94,9.08
2025-02-01,Referral,179,6,440.11,0.0
2025-02-02,Organic Search,962,22,1558.67,0.0
2025-02-02,Paid Search,677,17,1591.74,588.57
2025-02-02,Social,809,8,542.72,266.5
2025-02-02,Email,330,13,1269.23,6.56
2025-02-02,Referral,259,8,617.0,0.0
2025-02-03,Organic Search,1539,39,3281.68,0.0
2025-02-03,Paid Search,844,17,1362.6,775.17
2025-02-03,Social,1333,20,1379.67,460.51
2025-02-03,Email,503,27,2590.81,11.67
2025-02-03,Referral,318,10,840.15,0.0
2025-02-04,Organic Search,1480,30,2454.13,0.0
2025-02-04,Paid Search,882,22,1797.74,825.0
2025-02-04,Social,1155,17,1096.16,354.61
2025-02-04,Email,543,21,1919.46,12.15
2025-02-04,Referral,299,9,795.23,0.0
2025-02-05,Organic Search,1352,25,2020.62,0.0
2025-02-05,Paid Search,1035,26,2327.31,929.42
2025-02-05,Social,1332,12,781.44,461.69
2025-02-05,Email,564,28,2650.56,12.28
2025-02-05,Referral,310,11,827.71,0.0
2025-02-06,Organic Search,1436,33,2509.2,0.0
2025-02-06,Paid Search,897,20,1543.18,725.87
2025-02-06,Social,1288,16,915.08,473.45
2025-02-06,Email,598,27,2499.4,11.74
2025-02-06,Referral,286,8,654.52,0.0
2025-02-07,Organic Search,1098,25,2019.4,0.0
2025-02-07,Paid Search,732,22,1868.72,771.13
2025-02-07,Social,860,9,593.09,310.7
2025-02-07,Email,531,23,2610.02,10.56
2025-02-07,Referral,304,8,593.63,0.0
2025-02-08,Organic Search,1105,24,1940.74,0.0
2025-02-08,Paid Search,648,18,1655.24,621.95
2025-02-08,Social,899,9,572.24,293.73
2025-02-08,Email,385,17,1376.47,8.88
2025-02-08,Referral,228,5,353.64,0.0
2025-02-09,Organic Search,1094,19,1472.83,0.0
2025-02-09,Paid Search,699,18,1464.67,651.33
2025-02-09,Social,958,11,705.49,305.31
2025-02-09,Email,480,22,1871.28,9.04
2025-02-09,Referral,214,6,501.07,0.0
2025-02-10,Organic Search,1465,25,1904.7,0.0
2025-02-10,Paid Search,860,21,1474.56,923.59
2025-02-10,Social,1274,13,945.1,405.39
2025-02-10,Email,503,26,2458.26,11.24
2025-02-10,Referral,301,11,866.55,0.0
2025-02-11,Organic Search,1701,52,4009.69,0.0
2025-02-11,Paid Search,967,32,2543.54,878.42
2025-02-11,Social,1000,11,674.31,357.06
2025-02-11,Email,565,25,2039.32,11.11
2025-02-11,Referral,379,11,792.96,0.0
2025-02-12,Organic Search,1199,27,2032.98,0.0
2025-02-12,Paid Search,850,28,2505.51,955.96
2025-02-12,Social,1291,10,788.78,499.88
2025-02-12,Email,526,16,1482.19,11.06
2025-02-12,Referral,298,11,689.08,0.0
2025-02-13,Organic Search,1592,33,2667.16,0.0
2025-02-13,Paid Search,850,25,1989.65,863.86
2025-02-13,Social,1028,10,624.84,401.33
2025-02-13,Email,449,17,1815.36,8.95
2025-02-13,Referral,264,7,576.16,0.0
2025-02-14,Organic Search,1587,27,1827.55,0.0
2025-02-14,Paid Search,755,18,1366.01,750.68
2025-02-14,Social,1222,13,938.31,376.47
2025-02-14,Email,478,26,2229.4,8.75
2025-02-14,Referral,296,11,981.88,0.0
2025-02-15,Organic Search,997,21,1810.43,0.0
2025-02-15,Paid Search,705,21,1861.4,628.32
2025-02-15,Social,1002,10,672.45,362.71
2025-02-15,Email,448,18,1840.9,8.05
2025-02-15,Referral,223,7,510.4,0.0
2025-02-16,Organic Search,1483,29,1968.36,0.0
2025-02-16,Paid Search,674,17,1361.62,670.86
2025-02-16,Social,861,10,604.14,343.64
2025-02-16,Email,386,14,1259.33,8.42
2025-02-16,Referral,247,8,622.48,0.0
2025-02-17,Organic Search,1518,30,2436.91,0.0
2025-02-17,Paid Search,904,23,1808.52,874.85
2025-02-17,Social,1435,15,919.42,538.15
2025-02-17,Email,538,30,3054.84,12.04
2025-02-17,Referral,326,9,652.57,0.0
2025-02-18,Organic Search,1778,34,2472.5,0.0
2025-02-18,Paid Search,902,29,2322.77,884.21
2025-02-18,Social,1209,15,908.0,410.84
2025-02-18,Email,682,25,2041.62,14.2
2025-02-18,Referral,263,6,440.68,0.0
2025-02-19,Organic Search,1346,31,2001.28,0.0
2025-02-19,Paid Search,969,22,1969.6,855.44
2025-02-19,Social,1233,16,919.35,376.61
2025-02-19,Email,512,21,1907.65,10.98
2025-02-19,Referral,305,8,634.64,0.0
2025-02-20,Organic Search,1663,37,3071.07,0.0
2025-02-20,Paid Search,773,20,1738.76,679.82
2025-02-20,Social,1320,14,769.69,399.38
2025-02-20,Email,520,27,2502.69,10.03
2025-02-20,Referral,288,7,492.26,0.0
2025-02-21,Organic Search,1587,31,2353.85,0.0
2025-02-21,Paid Search,671,16,1298.48,698.83
2025-02-21,Social,1173,18,999.31,437.11
2025-02-21,Email,558,19,1377.17,9.75
2025-02-21,Referral,306,8,575.15,0.0
2025-02-22,Organic Search,1074,22,1788.68,0.0
2025-02-22,Paid Search,648,19,1696.66,629.54
2025-02-22,Social,939,10,606.35,356.01
2025-02-22,Email,512,20,1595.8,11.11
2025-02-22,Referral,240,8,619.09,0.0
2025-02-23,Organic Search,1060,15,1288.85,0.0
2025-02-23,Paid Search,728,19,1396.31,827.1
2025-02-23,Social,962,10,658.51,349.17
2025-02-23,Email,419,16,1504.68,8.65
2025-02-23,Referral,178,5,369.96,0.0
2025-02-24,Organic Search,1514,28,2082.79,0.0
2025-02-24,Paid Search,837,30,2472.37,840.52
2025-02-24,Social,1271,15,930.41,446.82
2025-02-24,Email,543,22,2279.9,11.13
2025-02-24,Referral,276,8,548.59,0.0
2025-02-25,Organic Search,1670,36,2589.02,0.0
2025-02-25,Paid Search,786,18,1440.09,629.83
2025-02-25,Social,1135,15,1013.84,412.44
2025-02-25,Email,492,23,1944.47,9.39
2025-02-25,Referral,326,10,662.12,0.0
2025-02-26,Organic Search,1689,34,2790.22,0.0
2025-02-26,Paid Search,905,34,2683.24,827.06
2025-02-26,Social,1357,13,801.07,468.72
2025-02-26,Email,536,20,1700.81,10.55
2025-02-26,Referral,343,13,859.33,0.0
2025-02-27,Organic Search,1393,27,2297.91,0.0
2025-02-27,Paid Search,1009,33,2987.2,999.28
2025-02-27,Social,1349,20,1215.24,466.39
2025-02-27,Email,528,25,2011.06,10.42
2025-02-27,Referral,301,8,670.41,0.0
2025-02-28,Organic Search,1493,31,2470.8,0.0
2025-02-28,Paid Search,961,30,2256.14,774.86
2025-02-28,Social,1058,14,897.05,332.42
2025-02-28,Email,517,15,1356.28,10.01
2025-02-28,Referral,271,7,611.31,0.0
2025-03-01,Organic Search,1399,30,2450.36,0.0
2025-03-01,Paid Search,841,21,1598.55,737.73
2025-03-01,Social,868,10,716.08,298.63
2025-03-01,Email,609,23,2327.94,11.62
2025-03-01,Referral,290,7,661.46,0.0
2025-03-02,Organic Search,985,23,1728.75,0.0
2025-03-02,Paid Search,719,14,1097.05,783.69
2025-03-02,Social,1203,14,933.84,355.79
2025-03-02,Email,446,24,2020.61,9.41
2025-03-02,Referral,276,7,441.51,0.0
2025-03-03,Organic Search,1327,28,2095.85,0.0
2025-03-03,Paid Search,1005,32,2868.64,950.58
2025-03-03,Social,1585,20,1289.89,566.39
2025-03-03,Email,664,32,3278.64,12.89
2025-03-03,Referral,355,11,809.96,0.0
2025-03-04,Organic Search,2056,40,3451.81,0.0
2025-03-04,Paid Search,1005,26,1730.09,835.34
2025-03-04,Social,1335,14,759.85,486.02
2025-03-04,Email,663,31,2850.48,14.91
2025-03-04,Referral,338,7,474.42,0.0
2025-03-05,Organic Search,1511,32,2372.6,0.0
2025-03-05,Paid Search,796,21,1593.35,705.47
2025-03-05,Social,1321,16,787.68,447.33
2025-03-05,Email,686,25,2029.14,15.41
2025-03-05,Referral,270,7,587.87,0.0
2025-03-06,Organic Search,1587,33,2529.14,0.0
2025-03-06,Paid Search,1047,27,2015.4,1032.09
2025-03-06,Social,1392,19,1358.52,414.79
2025-03-06,Email,701,28,2569.89,15.09
2025-03-06,Referral,333,10,766.53,0.0
2025-03-07,Organic Search,1879,31,2391.53,0.0
2025-03-07,Paid Search,670,19,1537.82,529.6
2025-03-07,Social,1486,23,1486.93,609.17
2025-03-07,Email,510,19,1660.35,9.97
2025-03-07,Referral,290,6,464.1,0.0
2025-03-08,Organic Search,1201,31,2436.69,0.0
2025-03-08,Paid Search,1040,28,2260.71,981.08
2025-03-08,Social,1007,9,562.27,378.2
2025-03-08,Email,461,20,1897.3,9.31
2025-03-08,Referral,236,5,340.23,0.0
2025-03-09,Organic Search,1438,21,1774.23,0.0
2025-03-09,Paid Search,801,27,2147.77,711.88
2025-03-09,Social,1309,15,928.91,454.97
2025-03-09,Email,460,23,1972.09,9.43
2025-03-09,Referral,202,6,476.98,0.0
2025-03-10,Organic Search,1545,41,3298.9,0.0
2025-03-10,Paid Search,1175,31,2388.08,1221.98
2025-03-10,Social,1309,13,836.73,438.05
2025-03-10,Email,576,23,2211.97,11.86
2025-03-10,Referral,307,7,599.14,0.0
2025-03-11,Organic Search,1961,34,2208.9,0.0
2025-03-11,Paid Search,1158,31,2880.28,1062.88
2025-03-11,Social,1445,19,1038.37,501.35
2025-03-11,Email,588,21,1780.73,11.67
2025-03-11,Referral,335,11,818.38,0.0
2025-03-12,Organic Search,1895,38,3244.57,0.0
2025-03-12,Paid Search,890,28,2272.4,852.8
2025-03-12,Social,1268,9,574.42,418.0
2025-03-12,Email,571,30,3283.33,12.44
2025-03-12,Referral,288,8,663.23,0.0
2025-03-13,Organic Search,1423,39,2866.6,0.0
2025-03-13,Paid Search,948,24,1926.81,987.95
2025-03-13,Social,1760,19,1277.7,633.35
2025-03-13,Email,601,34,2927.61,9.7
2025-03-13,Referral,289,9,605.12,0.0
2025-03-14,Organic Search,1717,45,3892.06,0.0
2025-03-14,Paid Search,832,17,1221.2,761.11
2025-03-14,Social,1213,17,1095.25,347.77
2025-03-14,Email,518,23,1809.22,9.65
2025-03-14,Referral,326,10,799.9,0.0
2025-03-15,Organic Search,1137,23,1775.62,0.0
2025-03-15,Paid Search,710,23,1772.46,658.81
2025-03-15,Social,1164,11,665.57,450.93
2025-03-15,Email,507,23,1946.44,10.52
2025-03-15,Referral,204,7,503.06,0.0
2025-03-16,Organic Search,1229,31,2520.88,0.0
2025-03-16,Paid Search,662,18,1354.04,750.98
2025-03-16,Social,900,10,576.99,304.84
2025-03-16,Email,512,26,2370.51,9.8
2025-03-16,Referral,299,9,734.91,0.0
2025-03-17,Organic Search,1699,39,2789.56,0.0
2025-03-17,Paid Search,1000,34,2475.86,997.53
2025-03-17,Social,1305,16,986.64,504.58
2025-03-17,Email,669,33,3172.49,15.29
2025-03-17,Referral,366,13,895.19,0.0
2025-03-18,Organic Search,1649,32,2379.07,0.0
2025-03-18,Paid Search,747,29,2180.23,686.81
2025-03-18,Social,1431,16,1098.02,409.25
2025-03-18,Email,625,24,2173.68,11.92
2025-03-18,Referral,364,12,714.0,0.0
2025-03-19,Organic Search,2034,35,2611.74,0.0
2025-03-19,Paid Search,819,21,1881.18,651.54
2025-03-19,Social,1558,16,1216.54,514.42
2025-03-19,Email,487,20,1776.96,9.12
2025-03-19,Referral,295,8,622.8,0.0
2025-03-20,Organic Search,1732,41,3640.94,0.0
2025-03-20,Paid Search,999,32,2679.86,1054.92
2025-03-20,Social,1398,13,851.77,523.98
2025-03-20,Email,607,27,2396.88,11.01
2025-03-20,Referral,341,11,893.29,0.0
2025-03-21,Organic Search,1335,28,2025.01,0.0
2025-03-21,Paid Search,888,27,2322.28,759.63
2025-03-21,Social,1528,17,1003.41,602.12
2025-03-21,Email,726,40,3088.61,16.24
2025-03-21,Referral,298,7,485.75,0.0
2025-03-22,Organic Search,1462,25,2217.1,0.0
2025-03-22,Paid Search,868,22,1880.49,897.77
2025-03-22,Social,928,11,828.36,351.86
2025-03-22,Email,544,20,1716.51,10.41
2025-03-22,Referral,219,7,431.72,0.0
2025-03-23,Organic Search,1222,23,1885.06,0.0
2025-03-23,Paid Search,713,19,1775.26,827.63
2025-03-23,Social,1087,17,1232.12,356.45
2025-03-23,Email,462,22,1943.79,9.12
2025-03-23,Referral,219,7,519.75,0.0
2025-03-24,Organic Search,1613,28,2251.93,0.0
2025-03-24,Paid Search,876,24,2118.37,794.21
2025-03-24,Social,1071,14,1007.72,407.27
2025-03-24,Email,599,29,2296.89,13.65
2025-03-24,Referral,386,11,891.66,0.0
2025-03-25,Organic Search,1995,45,2836.4,0.0
2025-03-25,Paid Search,946,32,2649.6,940.7
2025-03-25,Social,1314,14,1004.37,434.33
2025-03-25,Email,644,23,2141.07,13.47
2025-03-25,Referral,336,10,832.32,0.0
2025-03-26,Organic Search,1877,39,3275.77,0.0
2025-03-26,Paid Search,1075,30,2308.35,1017.11
2025-03-26,Social,1566,15,1058.37,526.54
2025-03-26,Email,678,31,2677.4,13.27
2025-03-26,Referral,284,5,386.49,0.0
2025-03-27,Organic Search,1480,30,2339.2,0.0
2025-03-27,Paid Search,921,23,1974.94,765.82
2025-03-27,Social,1116,11,688.89,363.43
2025-03-27,Email,604,24,2071.95,11.12
2025-03-27,Referral,279,9,724.58,0.0
2025-03-28,Organic Search,1844,33,2532.29,0.0
2025-03-28,Paid Search,847,23,1843.81,829.99
2025-03-28,Social,1061,14,848.46,354.77
2025-03-28,Email,567,27,2604.17,11.39
2025-03-28,Referral,329,9,679.7,0.0
2025-03-29,Organic Search,1511,44,3350.33,0.0
2025-03-29,Paid Search,724,22,1868.69,709.44
2025-03-29,Social,998,13,883.26,385.72
2025-03-29,Email,609,19,1584.23,12.75
2025-03-29,Referral,300,9,679.74,0.0
2025-03-30,Organic Search,1312,30,2190.96,0.0
2025-03-30,Paid Search,651,18,1469.18,637.29
2025-03-30,Social,1037,12,777.6,359.2
2025-03-30,Email,529,26,2247.77,11.03
2025-03-30,Referral,248,6,453.14,0.0
2025-03-31,Organic Search,2071,41,3378.15,0.0
2025-03-31,Paid Search,814,30,2352.31,844.31
2025-03-31,Social,1440,18,1220.71,507.82
2025-03-31,Email,591,31,3086.16,10.85
2025-03-31,Referral,245,7,600.13,0.0
2025-04-01,Organic Search,1621,26,1970.93,0.0
2025-04-01,Paid Search,1073,37,3297.81,1076.41
2025-04-01,Social,1541,19,1186.32,550.83
2025-04-01,Email,570,26,2163.43,10.45
2025-04-01,Referral,293,7,533.04,0.0
2025-04-02,Organic Search,1568,29,2340.14,0.0
2025-04-02,Paid Search,962,26,2094.29,902.95
2025-04-02,Social,1394,14,855.86,496.88
2025-04-02,Email,630,24,2159.76,11.89
2025-04-02,Referral,407,11,873.77,0.0
2025-04-03,Organic Search,1712,36,2771.87,0.0
2025-04-03,Paid Search,894,31,2812.04,794.52
2025-04-03,Social,1197,13,893.64,381.31
2025-04-03,Email,574,26,2324.02,12.11
2025-04-03,Referral,334,11,905.43,0.0
2025-04-04,Organic Search,1680,30,2231.72,0.0
2025-04-04,Paid Search,729,19,1462.8,601.78
2025-04-04,Social,1408,18,1118.94,441.57
2025-04-04,Email,499,25,2574.89,11.41
2025-04-04,Referral,306,9,650.83,0.0
2025-04-05,Organic Search,1311,20,1357.58,0.0
2025-04-05,Paid Search,723,24,1889.54,796.65
2025-04-05,Social,1352,16,931.73,521.83
2025-04-05,Email,494,23,2287.52,8.95
2025-04-05,Referral,280,8,571.62,0.0
2025-04-06,Organic Search,1230,21,1472.9,0.0
2025-04-06,Paid Search,655,16,1306.03,556.72
2025-04-06,Social,889,11,726.84,299.67
2025-04-06,Email,477,23,1815.58,9.8
2025-04-06,Referral,280,7,485.75,0.0
2025-04-07,Organic Search,1854,33,2591.74,0.0
2025-04-07,Paid Search,1014,28,2282.83,1016.66
2025-04-07,Social,1260,15,937.67,392.64
2025-04-07,Email,796,36,3380.05,18.05
2025-04-07,Referral,283,7,522.54,0.0
2025-04-08,Organic Search,1943,44,3950.97,0.0
2025-04-08,Paid Search,1003,26,2059.31,1085.81
2025-04-08,Social,1194,13,849.1,444.34
2025-04-08,Email,525,24,2182.52,10.51
2025-04-08,Referral,330,8,642.56,0.0
2025-04-09,Organic Search,1728,33,2446.39,0.0
2025-04-09,Paid Search,951,24,1985.14,1007.0
2025-04-09,Social,1468,20,1312.29,509.05
2025-04-09,Email,664,32,2809.32,13.53
2025-04-09,Referral,296,8,557.86,0.0
2025-04-10,Organic Search,1609,40,3292.76,0.0
2025-04-10,Paid Search,1110,28,2245.82,968.49
2025-04-10,Social,1199,12,753.48,406.13
2025-04-10,Email,460,23,1996.36,8.91
2025-04-10,Referral,344,8,603.39,0.0
2025-04-11,Organic Search,1982,45,3728.53,0.0
2025-04-11,Paid Search,813,18,1333.98,779.94
2025-04-11,Social,1168,17,979.42,466.33
2025-04-11,Email,624,26,2180.82,12.9
2025-04-11,Referral,355,8,588.95,0.0
2025-04-12,Organic Search,1418,29,2372.92,0.0
2025-04-12,Paid Search,816,25,2000.28,684.2
2025-04-12,Social,1192,10,527.25,398.78
2025-04-12,Email,459,23,2131.69,9.23
2025-04-12,Referral,266,5,339.48,0.0
2025-04-13,Organic Search,1371,23,1883.27,0.0
2025-04-13,Paid Search,848,32,2376.71,754.89
2025-04-13,Social,984,12,809.22,320.62
2025-04-13,Email,486,18,1625.76,9.96
2025-04-13,Referral,299,11,774.88,0.0
2025-04-14,Organic Search,1692,34,2839.33,0.0
2025-04-14,Paid Search,972,34,2906.21,961.41
2025-04-14,Social,1304,17,1063.8,452.54
2025-04-14,Email,572,23,1941.99,11.3
2025-04-14,Referral,298,13,949.37,0.0
2025-04-15,Organic Search,1851,32,2547.82,0.0
2025-04-15,Paid Search,997,40,3365.17,942.24
2025-04-15,Social,1306,12,878.36,450.52
2025-04-15,Email,561,19,1651.44,10.77
2025-04-15,Referral,295,8,604.2,0.0
2025-04-16,Organic Search,2179,40,3068.4,0.0
2025-04-16,Paid Search,1031,25,2056.1,1046.01
2025-04-16,Social,1338,16,1044.7,452.11
2025-04-16,Email,654,25,2549.9,13.55
2025-04-16,Referral,351,11,851.92,0.0
2025-04-17,Organic Search,1910,35,2484.7,0.0
2025-04-17,Paid Search,822,21,1694.87,788.2
2025-04-17,Social,1348,14,967.48,483.29
2025-04-17,Email,605,34,3614.64,12.52
2025-04-17,Referral,375,12,1030.81,0.0
2025-04-18,Organic Search,1702,39,2630.41,0.0
2025-04-18,Paid Search,921,26,2024.92,725.71
2025-04-18,Social,1149,16,1045.81,396.6
2025-04-18,Email,486,29,2053.9,10.53
2025-04-18,Referral,293,9,724.18,0.0
2025-04-19,Organic Search,1271,25,2058.69,0.0
2025-04-19,Paid Search,779,20,1566.94,722.59
2025-04-19,Social,880,10,641.22,318.49
2025-04-19,Email,531,25,2254.91,11.26
2025-04-19,Referral,327,10,764.29,0.0
2025-04-20,Organic Search,1275,31,2756.59,0.0
2025-04-20,Paid Search,771,19,1688.02,658.01
2025-04-20,Social,1060,12,703.93,359.15
2025-04-20,Email,423,14,1355.82,8.76
2025-04-20,Referral,261,7,496.47,0.0
2025-04-21,Organic Search,2040,41,2879.53,0.0
2025-04-21,Paid Search,1067,20,1584.24,1073.68
2025-04-21,Social,1195,12,802.29,452.61
2025-04-21,Email,607,25,1996.16,12.51
2025-04-21,Referral,332,8,512.92,0.0
2025-04-22,Organic Search,1814,38,3107.69,0.0
2025-04-22,Paid Search,1132,30,2651.3,969.04
2025-04-22,Social,1451,16,884.0,514.92
2025-04-22,Email,746,28,2816.76,15.69
2025-04-22,Referral,315,8,683.66,0.0
2025-04-23,Organic Search,1623,35,2874.44,0.0
2025-04-23,Paid Search,860,23,1848.3,843.72
2025-04-23,Social,1376,13,850.45,502.84
2025-04-23,Email,578,24,2110.48,11.54
2025-04-23,Referral,297,7,539.79,0.0
2025-04-24,Organic Search,1803,40,3031.56,0.0
2025-04-24,Paid Search,925,23,1826.3,807.27
2025-04-24,Social,1454,19,1317.75,523.25
2025-04-24,Email,689,29,2338.75,13.74
2025-04-24,Referral,346,10,722.38,0.0
2025-04-25,Organic Search,1580,30,2358.52,0.0
2025-04-25,Paid Search,1189,34,2838.98,1144.35
2025-04-25,Social,1172,13,889.56,364.19
2025-04-25,Email,588,23,2039.96,11.09
2025-04-25,Referral,269,8,583.25,0.0
2025-04-26,Organic Search,1565,25,1776.7,0.0
2025-04-26,Paid Search,847,18,1125.89,798.38
2025-04-26,Social,915,7,435.26,352.49
2025-04-26,Email,453,20,1723.81,10.04
2025-04-26,Referral,317,8,617.35,0.0
2025-04-27,Organic Search,1320,28,2118.34,0.0
2025-04-27,Paid Search,831,26,1947.22,783.48
2025-04-27,Social,850,9,580.94,266.11
2025-04-27,Email,539,26,2384.05,10.86
2025-04-27,Referral,262,8,537.98,0.0
2025-04-28,Organic Search,2014,57,4561.12,0.0
2025-04-28,Paid Search,827,27,2178.3,816.6
2025-04-28,Social,1467,20,1324.58,540.47
2025-04-28,Email,539,23,1937.43,11.01
2025-04-28,Referral,361,8,553.21,0.0
2025-04-29,Organic Search,1977,40,3035.4,0.0
2025-04-29,Paid Search,1134,35,3020.96,1174.86
2025-04-29,Social,1607,20,1275.6,650.79
2025-04-29,Email,731,29,2398.8,13.66
2025-04-29,Referral,346,7,511.67,0.0
2025-04-30,Organic Search,1886,33,2694.04,0.0
2025-04-30,Paid Search,1025,25,2007.82,1081.26
2025-04-30,Social,1410,13,712.51,416.42
2025-04-30,Email,712,28,2674.32,14.63
2025-04-30,Referral,328,13,1126.24,0.0
2025-05-01,Organic Search,2075,48,3726.09,0.0
2025-05-01,Paid Search,852,26,2134.14,814.71
2025-05-01,Social,1509,16,1127.59,465.83
2025-05-01,Email,648,33,2562.08,12.6
2025-05-01,Referral,306,7,502.88,0.0
2025-05-02,Organic Search,1572,36,2719.68,0.0
2025-05-02,Paid Search,1149,27,2420.61,1123.91
2025-05-02,Social,1295,13,787.91,431.48
2025-05-02,Email,538,33,2751.63,13.19
2025-05-02,Referral,370,12,795.38,0.0
2025-05-03,Organic Search,1292,32,3013.78,0.0
2025-05-03,Paid Search,732,26,2055.12,697.95
2025-05-03,Social,1021,15,1173.43,348.41
2025-05-03,Email,459,21,2014.72,9.02
2025-05-03,Referral,308,11,948.07,0.0
2025-05-04,Organic Search,1169,25,2361.41,0.0
2025-05-04,Paid Search,694,17,1268.72,587.77
2025-05-04,Social,958,10,609.13,348.63
2025-05-04,Email,468,22,1826.82,10.05
2025-05-04,Referral,240,7,566.85,0.0
2025-05-05,Organic Search,1466,32,2559.26,0.0
2025-05-05,Paid Search,1073,35,2802.54,1121.02
2025-05-05,Social,1594,17,1181.0,518.9
2025-05-05,Email,667,37,3531.25,11.47
2025-05-05,Referral,401,13,843.31,0.0
2025-05-06,Organic Search,1880,51,4110.59,0.0
2025-05-06,Paid Search,1186,32,2333.18,1170.91
2025-05-06,Social,1190,12,742.15,445.29
2025-05-06,Email,720,45,3894.66,13.54
2025-05-06,Referral,362,11,766.55,0.0
2025-05-07,Organic Search,2261,42,3236.4,0.0
2025-05-07,Paid Search,975,33,2636.12,869.37
2025-05-07,Social,1345,18,1220.94,471.84
2025-05-07,Email,514,24,1804.19,9.71
2025-05-07,Referral,319,14,1025.12,0.0
2025-05-08,Organic Search,1678,45,2906.88,0.0
2025-05-08,Paid Search,925,24,2007.45,810.5
2025-05-08,Social,1184,12,743.22,411.12
2025-05-08,Email,699,29,2615.89,13.66
2025-05-08,Referral,344,10,735.31,0.0
2025-05-09,Organic Search,1393,30,2332.66,0.0
2025-05-09,Paid Search,898,30,2553.81,816.91
2025-05-09,Social,1082,12,884.29,327.27
2025-05-09,Email,635,30,2524.08,11.14
2025-05-09,Referral,297,9,648.39,0.0
2025-05-10,Organic Search,1302,25,1959.33,0.0
2025-05-10,Paid Search,811,18,1713.67,865.64
2025-05-10,Social,1104,11,698.89,372.42
2025-05-10,Email,509,20,1957.39,10.36
2025-05-10,Referral,224,5,354.52,0.0
2025-05-11,Organic Search,1330,30,2212.49,0.0
2025-05-11,Paid Search,936,27,2405.61,960.06
2025-05-11,Social,1104,14,931.82,338.65
2025-05-11,Email,438,19,1685.85,9.91
2025-05-11,Referral,212,6,442.97,0.0
2025-05-12,Organic Search,1584,27,2124.07,0.0
2025-05-12,Paid Search,894,32,2791.86,772.8
2025-05-12,Social,1291,15,900.21,451.88
2025-05-12,Email,603,23,2054.3,10.91
2025-05-12,Referral,347,10,819.22,0.0
2025-05-13,Organic Search,1754,36,2706.2,0.0
2025-05-13,Paid Search,950,18,1477.34,1007.06
2025-05-13,Social,1398,20,1236.39,516.95
2025-05-13,Email,615,26,2382.95,12.81
2025-05-13,Referral,302,9,669.72,0.0
2025-05-14,Organic Search,2063,54,4312.45,0.0
2025-05-14,Paid Search,1465,48,4431.54,1285.16
2025-05-14,Social,1055,16,953.08,353.31
2025-05-14,Email,666,34,3556.0,12.61
2025-05-14,Referral,277,6,402.29,0.0
2025-05-15,Organic Search,1662,26,2190.19,0.0
2025-05-15,Paid Search,1016,26,1759.57,824.08
2025-05-15,Social,1566,18,1187.13,526.22
2025-05-15,Email,624,28,2505.63,12.35
2025-05-15,Referral,386,11,830.49,0.0
2025-05-16,Organic Search,1641,46,3395.18,0.0
2025-05-16,Paid Search,911,25,1960.49,968.18
2025-05-16,Social,1209,14,971.0,422.11
2025-05-16,Email,527,19,1573.13,10.0
2025-05-16,Referral,310,10,723.43,0.0
2025-05-17,Organic Search,1351,36,3032.89,0.0
2025-05-17,Paid Search,685,19,1561.65,664.18
2025-05-17,Social,1037,10,623.77,376.64
2025-05-17,Email,428,18,1635.22,9.04
2025-05-17,Referral,279,9,632.93,0.0
2025-05-18,Organic Search,1504,31,2420.43,0.0
2025-05-18,Paid Search,762,18,1515.37,745.33
2025-05-18,Social,1000,11,716.99,345.68
2025-05-18,Email,473,22,1743.59,10.23
2025-05-18,Referral,254,6,462.49,0.0
2025-05-19,Organic Search,1959,44,3658.48,0.0
2025-05-19,Paid Search,1124,36,2609.77,1085.63
2025-05-19,Social,1376,14,1057.06,477.36
2025-05-19,Email,688,31,2588.16,13.69
2025-05-19,Referral,309,8,683.99,0.0
2025-05-20,Organic Search,1927,32,2369.44,0.0
2025-05-20,Paid Search,1150,32,2395.17,1309.92
2025-05-20,Social,1340,20,1361.84,501.55
2025-05-20,Email,641,25,2081.79,14.23
2025-05-20,Referral,322,9,658.81,0.0
2025-05-21,Organic Search,2755,55,4645.87,0.0
2025-05-21,Paid Search,866,26,1896.55,774.09
2025-05-21,Social,1266,17,1030.88,485.52
2025-05-21,Email,528,22,2056.62,9.48
2025-05-21,Referral,349,7,504.34,0.0
2025-05-22,Organic Search,1473,37,2786.41,0.0
2025-05-22,Paid Search,957,29,2805.59,948.21
2025-05-22,Social,1324,17,1006.2,522.75
2025-05-22,Email,648,22,2054.41,14.17
2025-05-22,Referral,300,7,522.27,0.0
2025-05-23,Organic Search,1483,26,2079.09,0.0
2025-05-23,Paid Search,958,29,2197.86,835.41
2025-05-23,Social,1174,9,578.98,371.21
2025-05-23,Email,556,23,1924.69,12.43
2025-05-23,Referral,260,7,518.68,0.0
2025-05-24,Organic Search,1326,31,2557.57,0.0
2025-05-24,Paid Search,922,35,2976.31,1047.95
2025-05-24,Social,866,10,611.48,315.06
2025-05-24,Email,488,20,1718.1,9.38
2025-05-24,Referral,265,8,700.64,0.0
2025-05-25,Organic Search,1624,24,2363.12,0.0
2025-05-25,Paid Search,770,19,1588.53,639.44
2025-05-25,Social,855,11,769.05,315.25
2025-05-25,Email,588,29,2540.88,12.78
2025-05-25,Referral,308,9,685.71,0.0
2025-05-26,Organic Search,1495,22,1944.82,0.0
2025-05-26,Paid Search,802,23,2014.16,759.32
2025-05-26,Social,1243,15,1174.6,416.71
2025-05-26,Email,664,26,2064.84,12.94
2025-05-26,Referral,313,8,671.91,0.0
2025-05-27,Organic Search,1929,54,3104.93,0.0
2025-05-27,Paid Search,1083,31,2884.82,1013.3
2025-05-27,Social,1320,13,856.48,499.55
2025-05-27,Email,641,42,3717.89,14.88
2025-05-27,Referral,412,11,781.07,0.0
2025-05-28,Organic Search,1468,31,2130.26,0.0
2025-05-28,Paid Search,1010,23,1922.15,873.6
2025-05-28,Social,1439,15,1027.26,486.44
2025-05-28,Email,550,27,2259.26,10.87
2025-05-28,Referral,322,8,660.57,0.0
2025-05-29,Organic Search,1942,39,3164.94,0.0
2025-05-29,Paid Search,1045,25,1893.14,912.08
2025-05-29,Social,1210,13,889.59,422.78
2025-05-29,Email,783,37,3214.54,14.79
2025-05-29,Referral,348,9,654.36,0.0
2025-05-30,Organic Search,1730,29,1891.14,0.0
2025-05-30,Paid Search,1108,37,2813.13,1066.63
2025-05-30,Social,1525,24,1597.2,501.62
2025-05-30,Email,540,20,1904.37,10.56
2025-05-30,Referral,375,10,723.12,0.0
2025-05-31,Organic Search,1192,30,2333.04,0.0
2025-05-31,Paid Search,700,21,1640.61,600.27
2025-05-31,Social,1045,11,846.35,329.79
2025-05-31,Email,581,26,2690.09,11.25
2025-05-31,Referral,297,9,670.56,0.0
2025-06-01,Organic Search,1195,22,1828.4,0.0
2025-06-01,Paid Search,896,22,1601.06,808.76
2025-06-01,Social,945,11,738.66,340.89
2025-06-01,Email,486,28,2794.85,11.49
2025-06-01,Referral,243,6,456.98,0.0
2025-06-02,Organic Search,1918,48,3573.39,0.0
2025-06-02,Paid Search,957,32,2411.9,1016.98
2025-06-02,Social,1200,12,884.21,502.21
2025-06-02,Email,572,18,1421.44,11.93
2025-06-02,Referral,285,9,626.12,0.0
2025-06-03,Organic Search,1920,30,2533.07,0.0
2025-06-03,Paid Search,1022,40,3059.86,1126.3
2025-06-03,Social,1215,17,1099.94,454.03
2025-06-03,Email,591,27,2886.9,13.99
2025-06-03,Referral,289,8,594.75,0.0
2025-06-04,Organic Search,1673,37,2531.2,0.0
2025-06-04,Paid Search,1032,24,1833.9,846.18
2025-06-04,Social,1420,16,1036.72,420.32
2025-06-04,Email,667,28,2431.09,12.4
2025-06-04,Referral,301,6,464.46,0.0
2025-06-05,Organic Search,1614,34,2862.69,0.0
2025-06-05,Paid Search,1016,35,2905.43,950.18
2025-06-05,Social,1134,13,902.43,306.44
2025-06-05,Email,574,21,1899.41,10.88
2025-06-05,Referral,365,12,905.9,0.0
2025-06-06,Organic Search,1352,29,2755.76,0.0
2025-06-06,Paid Search,780,23,2190.18,727.85
2025-06-06,Social,1024,15,935.18,339.8
2025-06-06,Email,616,22,2027.26,11.85
2025-06-06,Referral,267,8,685.67,0.0
2025-06-07,Organic Search,1381,32,2317.78,0.0
2025-06-07,Paid Search,714,23,2018.03,625.16
2025-06-07,Social,1038,13,915.55,350.05
2025-06-07,Email,532,32,2372.28,10.97
2025-06-07,Referral,198,6,420.43,0.0
2025-06-08,Organic Search,1367,30,1939.5,0.0
2025-06-08,Paid Search,830,26,2193.58,776.93
2025-06-08,Social,817,8,507.81,250.04
2025-06-08,Email,386,17,1514.9,6.99
2025-06-08,Referral,260,7,517.64,0.0
2025-06-09,Organic Search,1386,32,2509.73,0.0
2025-06-09,Paid Search,1117,40,2966.93,1008.07
2025-06-09,Social,1265,15,975.79,435.64
2025-06-09,Email,576,22,2058.35,12.9
2025-06-09,Referral,304,8,596.26,0.0
2025-06-10,Organic Search,2070,45,3738.18,0.0
2025-06-10,Paid Search,944,23,2068.86,821.73
2025-06-10,Social,1045,13,723.07,401.7
2025-06-10,Email,483,16,1384.97,10.43
2025-06-10,Referral,324,10,708.71,0.0
2025-06-11,Organic Search,2002,32,2476.45,0.0
2025-06-11,Paid Search,1200,32,2544.54,1211.64
2025-06-11,Social,1255,12,690.45,390.38
2025-06-11,Email,590,20,2109.71,11.08
2025-06-11,Referral,286,10,691.01,0.0
2025-06-12,Organic Search,1531,36,2633.59,0.0
2025-06-12,Paid Search,979,23,1816.88,976.29
2025-06-12,Social,1333,21,1337.72,422.49
2025-06-12,Email,637,38,3121.29,12.51
2025-06-12,Referral,298,8,666.14,0.0
2025-06-13,Organic Search,1655,30,2480.76,0.0
2025-06-13,Paid Search,1036,28,2515.57,1056.37
2025-06-13,Social,1012,16,1118.7,419.53
2025-06-13,Email,579,27,2236.55,11.64
2025-06-13,Referral,357,13,1135.85,0.0
2025-06-14,Organic Search,1197,28,2031.11,0.0
2025-06-14,Paid Search,934,27,2233.41,817.04
2025-06-14,Social,884,10,641.95,275.25
2025-06-14,Email,356,16,1714.59,8.02
2025-06-14,Referral,250,9,616.09,0.0
2025-06-15,Organic Search,1353,30,2166.0,0.0
2025-06-15,Paid Search,758,18,1472.33,665.12
2025-06-15,Social,964,12,784.56,337.8
2025-06-15,Email,444,21,2084.44,8.14
2025-06-15,Referral,287,7,447.85,0.0
2025-06-16,Organic Search,1521,33,2515.01,0.0
2025-06-16,Paid Search,935,26,2277.86,976.91
2025-06-16,Social,1408,15,960.67,443.7
2025-06-16,Email,752,26,2148.94,14.62
2025-06-16,Referral,317,12,933.39,0.0
2025-06-17,Organic Search,1605,35,2750.91,0.0
2025-06-17,Paid Search,1017,29,2327.09,886.11
2025-06-17,Social,1209,15,933.5,362.47
2025-06-17,Email,471,19,1634.01,10.12
2025-06-17,Referral,336,9,655.75,0.0
2025-06-18,Organic Search,1496,39,3087.52,0.0
2025-06-18,Paid Search,974,24,2090.67,878.31
2025-06-18,Social,1378,15,1193.23,460.19
2025-06-18,Email,611,26,2362.57,12.21
2025-06-18,Referral,290,9,664.09,0.0
2025-06-19,Organic Search,1611,23,1891.91,0.0
2025-06-19,Paid Search,819,19,1475.23,803.5
2025-06-19,Social,1182,9,557.39,400.71
2025-06-19,Email,647,36,3233.19,12.37
2025-06-19,Referral,392,14,946.23,0.0
2025-06-20,Organic Search,1655,34,2723.97,0.0
2025-06-20,Paid Search,865,26,2463.99,746.32
2025-06-20,Social,1459,23,1615.41,503.68
2025-06-20,Email,512,26,2590.98,10.57
2025-06-20,Referral,252,9,626.4,0.0
2025-06-21,Organic Search,1434,24,1749.05,0.0
2025-06-21,Paid Search,772,21,1689.11,752.01
2025-06-21,Social,933,11,673.26,337.52
2025-06-21,Email,565,26,2469.89,11.92
2025-06-21,Referral,227,6,499.43,0.0
2025-06-22,Organic Search,1578,33,2912.3,0.0
2025-06-22,Paid Search,996,23,1960.6,1086.67
2025-06-22,Social,1026,12,707.37,388.44
2025-06-22,Email,489,23,2303.69,9.53
2025-06-22,Referral,223,6,400.57,0.0
2025-06-23,Organic Search,1707,29,2006.41,0.0
2025-06-23,Paid Search,942,24,1727.26,955.79
2025-06-23,Social,1012,12,715.56,359.18
2025-06-23,Email,652,19,1857.1,11.46
2025-06-23,Referral,291,10,716.63,0.0
2025-06-24,Organic Search,1891,37,2909.42,0.0
2025-06-24,Paid Search,1052,37,2503.78,982.32
2025-06-24,Social,1181,13,780.7,446.96
2025-06-24,Email,671,29,2305.48,14.8
2025-06-24,Referral,396,11,735.13,0.0
2025-06-25,Organic Search,1922,51,4065.5,0.0
2025-06-25,Paid Search,910,22,1778.09,828.93
2025-06-25,Social,1325,19,1233.32,388.06
2025-06-25,Email,514,21,1908.07,10.72
2025-06-25,Referral,379,12,872.67,0.0
2025-06-26,Organic Search,1407,32,2723.43,0.0
2025-06-26,Paid Search,747,18,1341.73,615.68
2025-06-26,Social,1051,12,682.12,358.75
2025-06-26,Email,631,27,2389.96,14.14
2025-06-26,Referral,377,12,855.54,0.0
2025-06-27,Organic Search,1258,31,2599.87,0.0
2025-06-27,Paid Search,931,21,1829.6,863.01
2025-06-27,Social,1162,14,857.26,425.25
2025-06-27,Email,563,33,3516.07,11.11
2025-06-27,Referral,308,9,644.48,0.0
2025-06-28,Organic Search,1328,31,2585.68,0.0
2025-06-28,Paid Search,657,18,1523.51,676.07
2025-06-28,Social,871,9,586.94,290.72
2025-06-28,Email,369,18,1731.12,6.52
2025-06-28,Referral,254,7,458.2,0.0
2025-06-29,Organic Search,1560,23,1774.14,0.0
2025-06-29,Paid Search,781,23,2174.11,723.54
2025-06-29,Social,998,11,650.03,369.81
2025-06-29,Email,511,15,1364.43,10.48
2025-06-29,Referral,243,9,704.32,0.0
2025-06-30,Organic Search,1516,28,2076.78,0.0
2025-06-30,Paid Search,906,23,1737.27,765.29
2025-06-30,Social,1132,14,908.58,332.14
2025-06-30,Email,761,37,2907.98,15.2
2025-06-30,Referral,308,11,899.23,0.0
2025-07-01,Organic Search,2059,40,3110.93,0.0
2025-07-01,Paid Search,1080,25,1976.06,1115.02
2025-07-01,Social,1309,13,727.38,486.24
2025-07-01,Email,599,20,1670.85,13.25
2025-07-01,Referral,353,9,657.52,0.0
2025-07-02,Organic Search,1374,33,2636.94,0.0
2025-07-02,Paid Search,912,23,1854.8,831.74
2025-07-02,Social,1144,11,687.21,410.44
2025-07-02,Email,594,28,2491.02,11.66
2025-07-02,Referral,313,10,820.58,0.0
2025-07-03,Organic Search,1702,39,3293.03,0.0
2025-07-03,Paid Search,1059,35,2868.24,963.21
2025-07-03,Social,1067,15,928.43,317.94
2025-07-03,Email,445,17,1449.75,8.79
2025-07-03,Referral,301,10,741.44,0.0
2025-07-04,Organic Search,1690,39,2770.45,0.0
2025-07-04,Paid Search,667,20,1990.05,540.13
2025-07-04,Social,1069,11,726.69,404.12
2025-07-04,Email,469,21,2037.63,8.89
2025-07-04,Referral,336,11,898.34,0.0
2025-07-05,Organic Search,1232,21,1702.99,0.0
2025-07-05,Paid Search,656,23,1957.8,584.75
2025-07-05,Social,976,10,632.27,338.38
2025-07-05,Email,418,21,1971.69,7.65
2025-07-05,Referral,232,5,371.16,0.0
2025-07-06,Organic Search,1441,32,2356.94,0.0
2025-07-06,Paid Search,687,19,1598.09,590.22
2025-07-06,Social,899,10,550.75,379.28
2025-07-06,Email,396,20,1858.92,8.38
2025-07-06,Referral,197,6,408.52,0.0
2025-07-07,Organic Search,1556,31,2054.29,0.0
2025-07-07,Paid Search,877,28,2296.77,747.05
2025-07-07,Social,1170,12,676.05,520.62
2025-07-07,Email,567,28,2382.88,10.67
2025-07-07,Referral,288,8,574.13,0.0
2025-07-08,Organic Search,1785,30,1957.59,0.0
2025-07-08,Paid Search,784,30,2686.81,753.89
2025-07-08,Social,1279,15,886.48,533.92
2025-07-08,Email,562,26,2456.94,12.36
2025-07-08,Referral,366,10,738.31,0.0
2025-07-09,Organic Search,2174,40,3237.29,0.0
2025-07-09,Paid Search,868,30,2348.34,823.27
2025-07-09,Social,1063,11,681.21,349.86
2025-07-09,Email,628,25,2260.55,13.61
2025-07-09,Referral,345,8,621.8,0.0
2025-07-10,Organic Search,1654,29,2300.83,0.0
2025-07-10,Paid Search,861,21,1500.26,827.12
2025-07-10,Social,1027,11,656.3,344.83
2025-07-10,Email,528,23,2126.9,12.39
2025-07-10,Referral,300,8,643.85,0.0
2025-07-11,Organic Search,1626,30,2305.62,0.0
2025-07-11,Paid Search,779,26,2243.95,729.29
2025-07-11,Social,1081,14,939.25,361.94
2025-07-11,Email,576,34,2823.22,11.67
2025-07-11,Referral,255,10,864.73,0.0
2025-07-12,Organic Search,1087,20,1830.22,0.0
2025-07-12,Paid Search,803,22,1637.71,677.94
2025-07-12,Social,941,9,549.95,325.96
2025-07-12,Email,527,21,1985.73,11.64
2025-07-12,Referral,258,6,394.78,0.0
2025-07-13,Organic Search,1241,35,2796.79,0.0
2025-07-13,Paid Search,623,20,1700.85,651.11
2025-07-13,Social,786,7,520.12,251.54
2025-07-13,Email,427,16,1649.2,8.56
2025-07-13,Referral,258,7,547.89,0.0
2025-07-14,Organic Search,1549,30,2276.64,0.0
2025-07-14,Paid Search,804,24,2122.6,849.46
2025-07-14,Social,1132,20,1235.67,452.89
2025-07-14,Email,581,27,2474.45,11.02
2025-07-14,Referral,317,9,632.89,0.0
2025-07-15,Organic Search,1383,37,2608.55,0.0
2025-07-15,Paid Search,777,20,1564.57,733.75
2025-07-15,Social,1447,17,1116.38,598.65
2025-07-15,Email,581,24,2216.47,10.57
2025-07-15,Referral,398,13,992.2,0.0
2025-07-16,Organic Search,1466,33,2777.65,0.0
2025-07-16,Paid Search,801,20,1558.08,731.38
2025-07-16,Social,1149,14,958.74,388.14
2025-07-16,Email,616,25,2402.77,10.66
2025-07-16,Referral,302,7,556.42,0.0
2025-07-17,Organic Search,1430,32,2303.83,0.0
2025-07-17,Paid Search,1214,25,1867.83,1128.28
2025-07-17,Social,1149,10,709.73,387.68
2025-07-17,Email,600,22,1925.33,10.65
2025-07-17,Referral,337,9,664.45,0.0
2025-07-18,Organic Search,1471,32,2645.83,0.0
2025-07-18,Paid Search,794,18,1433.02,725.56
2025-07-18,Social,1091,13,797.94,392.84
2025-07-18,Email,547,19,1838.85,8.78
2025-07-18,Referral,274,7,530.77,0.0
2025-07-19,Organic Search,1507,32,2440.01,0.0
2025-07-19,Paid Search,737,16,1155.03,660.63
2025-07-19,Social,914,9,578.52,327.71
2025-07-19,Email,540,20,1728.72,11.35
2025-07-19,Referral,256,8,587.42,0.0
2025-07-20,Organic Search,1476,34,2423.57,0.0
2025-07-20,Paid Search,828,26,2136.26,783.34
2025-07-20,Social,684,9,568.1,263.31
2025-07-20,Email,472,23,2197.64,10.83
2025-07-20,Referral,230,6,476.47,0.0
2025-07-21,Organic Search,1459,38,3295.73,0.0
2025-07-21,Paid Search,776,25,1928.93,762.77
2025-07-21,Social,1347,16,911.08,451.79
2025-07-21,Email,614,40,3754.08,11.5
2025-07-21,Referral,260,9,589.4,0.0
2025-07-22,Organic Search,1850,36,2476.7,0.0
2025-07-22,Paid Search,1136,35,3090.29,1030.25
2025-07-22,Social,1034,12,874.78,410.22
2025-07-22,Email,621,28,2400.08,11.39
2025-07-22,Referral,312,9,693.2,0.0
2025-07-23,Organic Search,1560,27,1960.36,0.0
2025-07-23,Paid Search,972,22,1761.83,859.8
2025-07-23,Social,1099,14,856.38,443.77
2025-07-23,Email,613,33,3061.47,11.83
2025-07-23,Referral,275,11,779.35,0.0
2025-07-24,Organic Search,1743,38,2632.79,0.0
2025-07-24,Paid Search,1033,25,1741.98,1064.49
2025-07-24,Social,977,10,746.91,317.37
2025-07-24,Email,582,23,2286.48,11.15
2025-07-24,Referral,272,11,794.2,0.0
2025-07-25,Organic Search,1719,40,3501.51,0.0
2025-07-25,Paid Search,889,26,1976.96,796.43
2025-07-25,Social,1071,11,720.1,335.66
2025-07-25,Email,558,24,2527.42,11.65
2025-07-25,Referral,271,8,663.72,0.0
2025-07-26,Organic Search,1101,26,2219.5,0.0
2025-07-26,Paid Search,815,30,2316.99,624.44
2025-07-26,Social,1145,18,1209.15,391.67
2025-07-26,Email,420,20,2297.83,8.6
2025-07-26,Referral,233,5,387.76,0.0
2025-07-27,Organic Search,1154,23,1895.63,0.0
2025-07-27,Paid Search,640,14,1161.44,551.49
2025-07-27,Social,908,12,767.89,268.03
2025-07-27,Email,444,19,1877.35,9.86
2025-07-27,Referral,163,4,325.69,0.0
2025-07-28,Organic Search,1895,45,3651.6,0.0
2025-07-28,Paid Search,889,22,1625.43,734.25
2025-07-28,Social,969,9,560.45,410.23
2025-07-28,Email,502,27,2491.57,9.5
2025-07-28,Referral,336,12,963.25,0.0
2025-07-29,Organic Search,2027,39,3183.41,0.0
2025-07-29,Paid Search,826,19,1794.89,810.17
2025-07-29,Social,998,13,975.56,380.21
2025-07-29,Email,468,23,2353.23,10.62
2025-07-29,Referral,342,9,688.22,0.0
2025-07-30,Organic Search,1298,32,2453.66,0.0
2025-07-30,Paid Search,1001,20,1631.5,817.1
2025-07-30,Social,1267,15,926.99,409.19
2025-07-30,Email,423,17,1402.29,9.83
2025-07-30,Referral,286,7,541.18,0.0
2025-07-31,Organic Search,1721,45,3559.3,0.0
2025-07-31,Paid Search,855,23,2139.03,868.89
2025-07-31,Social,1062,13,843.58,404.36
2025-07-31,Email,478,22,2229.17,9.83
2025-07-31,Referral,308,11,675.29,0.0
2025-08-01,Organic Search,1956,39,3024.97,0.0
2025-08-01,Paid Search,893,26,2269.07,776.0
2025-08-01,Social,1129,9,565.94,413.56
2025-08-01,Email,463,22,1799.82,8.26
2025-08-01,Referral,274,8,611.68,0.0
2025-08-02,Organic Search,1452,40,3204.62,0.0
2025-08-02,Paid Search,661,19,1594.24,630.71
2025-08-02,Social,804,9,512.76,245.93
2025-08-02,Email,464,17,1630.32,10.31
2025-08-02,Referral,205,5,353.56,0.0
2025-08-03,Organic Search,1182,26,2326.1,0.0
2025-08-03,Paid Search,664,20,1501.77,705.99
2025-08-03,Social,1071,13,830.06,335.46
2025-08-03,Email,465,20,1688.68,7.9
2025-08-03,Referral,264,7,517.38,0.0
2025-08-04,Organic Search,2105,40,2993.54,0.0
2025-08-04,Paid Search,1096,32,2983.69,904.73
2025-08-04,Social,1106,12,866.93,397.4
2025-08-04,Email,633,29,2661.66,13.43
2025-08-04,Referral,273,8,560.8,0.0
2025-08-05,Organic Search,1779,39,3356.95,0.0
2025-08-05,Paid Search,1190,34,2792.69,961.99
2025-08-05,Social,1092,13,769.39,342.48
2025-08-05,Email,590,25,2328.42,11.14
2025-08-05,Referral,340,10,859.4,0.0
2025-08-06,Organic Search,2018,36,2551.1,0.0
2025-08-06,Paid Search,722,16,1360.82,743.05
2025-08-06,Social,1459,21,1274.91,575.48
2025-08-06,Email,604,31,2930.52,11.42
2025-08-06,Referral,327,9,641.23,0.0
2025-08-07,Organic Search,1471,25,1898.87,0.0
2025-08-07,Paid Search,991,25,2053.29,872.37
2025-08-07,Social,1295,19,1123.48,458.22
2025-08-07,Email,620,28,2584.98,11.78
2025-08-07,Referral,313,9,602.25,0.0
2025-08-08,Organic Search,1510,30,2251.05,0.0
2025-08-08,Paid Search,857,24,1934.56,809.78
2025-08-08,Social,1212,15,824.86,431.02
2025-08-08,Email,502,33,3114.39,9.89
2025-08-08,Referral,282,8,576.27,0.0
2025-08-09,Organic Search,1271,26,2013.56,0.0
2025-08-09,Paid Search,721,27,2052.68,596.97
2025-08-09,Social,870,11,810.45,314.43
2025-08-09,Email,432,14,1282.91,7.54
2025-08-09,Referral,279,8,576.73,0.0
2025-08-10,Organic Search,1241,32,2175.24,0.0
2025-08-10,Paid Search,724,24,2125.43,649.26
2025-08-10,Social,712,9,671.05,224.37
2025-08-10,Email,411,18,2008.51,7.38
2025-08-10,Referral,263,7,508.59,0.0
2025-08-11,Organic Search,1768,33,2606.55,0.0
2025-08-11,Paid Search,1012,28,2227.4,1007.49
2025-08-11,Social,1150,14,928.41,385.53
2025-08-11,Email,485,21,1922.85,10.75
2025-08-11,Referral,235,6,442.22,0.0
2025-08-12,Organic Search,1910,48,4096.83,0.0
2025-08-12,Paid Search,1173,26,2337.75,1193.51
2025-08-12,Social,1112,14,933.64,353.04
2025-08-12,Email,571,20,2018.56,10.86
2025-08-12,Referral,310,7,502.41,0.0
2025-08-13,Organic Search,1695,36,3150.24,0.0
2025-08-13,Paid Search,1059,34,2479.18,945.0
2025-08-13,Social,1341,15,972.48,406.11
2025-08-13,Email,596,35,3058.74,13.66
2025-08-13,Referral,267,8,598.76,0.0
2025-08-14,Organic Search,1943,37,2768.91,0.0
2025-08-14,Paid Search,927,28,2193.8,790.05
2025-08-14,Social,1221,12,888.97,388.73
2025-08-14,Email,606,22,2318.63,12.24
2025-08-14,Referral,323,8,679.57,0.0
2025-08-15,Organic Search,1720,33,2645.13,0.0
2025-08-15,Paid Search,718,15,1374.46,584.42
2025-08-15,Social,1047,10,618.47,336.86
2025-08-15,Email,604,25,2189.62,11.43
2025-08-15,Referral,356,13,1030.57,0.0
2025-08-16,Organic Search,1149,21,1476.42,0.0
2025-08-16,Paid Search,768,25,2066.0,752.03
2025-08-16,Social,851,9,561.46,263.87
2025-08-16,Email,529,24,1942.17,11.42
2025-08-16,Referral,203,5,397.02,0.0
2025-08-17,Organic Search,1286,29,2332.49,0.0
2025-08-17,Paid Search,691,22,1713.74,693.99
2025-08-17,Social,839,11,667.61,280.02
2025-08-17,Email,533,17,1578.93,10.51
2025-08-17,Referral,223,6,454.82,0.0
2025-08-18,Organic Search,1614,33,2417.73,0.0
2025-08-18,Paid Search,1077,26,2004.84,910.27
2025-08-18,Social,1065,12,719.44,386.35
2025-08-18,Email,603,23,2413.9,12.4
2025-08-18,Referral,292,8,610.49,0.0
2025-08-19,Organic Search,2040,43,3489.75,0.0
2025-08-19,Paid Search,961,24,1779.7,817.75
2025-08-19,Social,1036,12,672.38,339.47
2025-08-19,Email,543,20,1970.24,12.24
2025-08-19,Referral,307,7,536.32,0.0
2025-08-20,Organic Search,2024,38,2758.34,0.0
2025-08-20,Paid Search,970,27,2116.79,1009.97
2025-08-20,Social,992,15,1116.75,384.71
2025-08-20,Email,601,34,3071.02,11.86
2025-08-20,Referral,385,12,932.33,0.0
2025-08-21,Organic Search,1643,30,2448.96,0.0
2025-08-21,Paid Search,775,23,1799.49,806.86
2025-08-21,Social,1232,13,872.05,461.97
2025-08-21,Email,645,29,2599.8,15.91
2025-08-21,Referral,298,9,631.23,0.0
2025-08-22,Organic Search,1591,35,2979.44,0.0
2025-08-22,Paid Search,749,18,1549.63,656.48
2025-08-22,Social,1003,13,783.12,424.58
2025-08-22,Email,630,29,2423.44,13.14
2025-08-22,Referral,278,8,605.46,0.0
2025-08-23,Organic Search,1246,23,1610.66,0.0
2025-08-23,Paid Search,892,26,2576.96,895.51
2025-08-23,Social,797,9,548.6,300.47
2025-08-23,Email,466,23,2000.87,7.87
2025-08-23,Referral,267,5,331.8,0.0
2025-08-24,Organic Search,1236,23,2167.45,0.0
2025-08-24,Paid Search,692,21,1608.69,724.59
2025-08-24,Social,872,9,578.44,306.3
2025-08-24,Email,392,15,1285.9,7.85
2025-08-24,Referral,234,6,464.56,0.0
2025-08-25,Organic Search,1487,27,2288.11,0.0
2025-08-25,Paid Search,808,20,1655.82,763.52
2025-08-25,Social,1173,14,897.48,399.15
2025-08-25,Email,570,23,1883.45,11.98
2025-08-25,Referral,263,7,516.45,0.0
2025-08-26,Organic Search,1842,43,2977.67,0.0
2025-08-26,Paid Search,981,28,2102.61,857.27
2025-08-26,Social,1284,21,1454.27,503.09
2025-08-26,Email,724,36,3040.32,14.2
2025-08-26,Referral,374,10,837.15,0.0
2025-08-27,Organic Search,1753,35,2470.53,0.0
2025-08-27,Paid Search,974,28,2232.72,849.57
2025-08-27,Social,1219,14,827.21,394.26
2025-08-27,Email,509,19,1573.52,11.0
2025-08-27,Referral,318,6,450.36,0.0
2025-08-28,Organic Search,1386,37,3038.64,0.0
2025-08-28,Paid Search,1071,29,2275.15,1097.49
2025-08-28,Social,1028,11,783.92,372.17
2025-08-28,Email,557,31,2359.04,10.71
2025-08-28,Referral,325,8,570.34,0.0
2025-08-29,Organic Search,1452,35,2337.87,0.0
2025-08-29,Paid Search,769,21,1583.99,718.18
2025-08-29,Social,1037,10,645.48,355.93
2025-08-29,Email,649,28,2714.34,13.89
2025-08-29,Referral,313,5,420.96,0.0
2025-08-30,Organic Search,1743,42,3324.49,0.0
2025-08-30,Paid Search,675,16,1393.59,673.38
2025-08-30,Social,896,10,715.14,348.53
2025-08-30,Email,416,16,1356.98,7.0
2025-08-30,Referral,287,7,536.34,0.0
2025-08-31,Organic Search,1454,25,1848.98,0.0
2025-08-31,Paid Search,806,21,1653.51,891.78
2025-08-31,Social,738,8,454.5,243.73
2025-08-31,Email,411,11,993.99,9.48
2025-08-31,Referral,263,8,550.63,0.0
2025-09-01,Organic Search,1977,51,3795.56,0.0
2025-09-01,Paid Search,1177,28,2099.26,1215.77
2025-09-01,Social,1255,17,1196.49,362.25
2025-09-01,Email,721,23,2072.52,13.08
2025-09-01,Referral,321,10,720.05,0.0
2025-09-02,Organic Search,2199,35,2532.84,0.0
2025-09-02,Paid Search,1072,28,2574.42,1141.78
2025-09-02,Social,1580,17,1280.8,507.47
2025-09-02,Email,761,30,3028.31,12.31
2025-09-02,Referral,388,10,706.55,0.0
2025-09-03,Organic Search,2314,65,5840.91,0.0
2025-09-03,Paid Search,1206,31,2849.33,1106.02
2025-09-03,Social,1232,15,1017.87,421.9
2025-09-03,Email,746,35,2556.85,15.16
2025-09-03,Referral,335,8,517.37,0.0
2025-09-04,Organic Search,2307,38,3076.69,0.0
2025-09-04,Paid Search,1062,26,1755.94,1059.35
2025-09-04,Social,1078,13,898.04,374.72
2025-09-04,Email,797,32,2872.78,16.16
2025-09-04,Referral,447,14,981.89,0.0
2025-09-05,Organic Search,1599,31,2379.77,0.0
2025-09-05,Paid Search,1154,31,2632.48,1066.89
2025-09-05,Social,1390,15,1089.47,559.7
2025-09-05,Email,635,37,2733.68,11.31
2025-09-05,Referral,318,9,708.95,0.0
2025-09-06,Organic Search,1359,20,1531.99,0.0
2025-09-06,Paid Search,880,20,1635.39,926.12
2025-09-06,Social,992,10,664.41,320.29
2025-09-06,Email,493,28,2878.95,10.19
2025-09-06,Referral,280,7,546.49,0.0
2025-09-07,Organic Search,1363,32,2353.69,0.0
2025-09-07,Paid Search,819,23,1839.17,705.28
2025-09-07,Social,994,11,653.33,349.26
2025-09-07,Email,527,21,1824.0,10.98
2025-09-07,Referral,225,5,422.83,0.0
2025-09-08,Organic Search,2192,49,3764.0,0.0
2025-09-08,Paid Search,958,30,2803.45,897.69
2025-09-08,Social,1215,15,999.66,420.36
2025-09-08,Email,568,17,1417.7,12.6
2025-09-08,Referral,384,11,810.8,0.0
2025-09-09,Organic Search,1776,38,3214.24,0.0
2025-09-09,Paid Search,1098,25,2021.05,1163.13
2025-09-09,Social,1084,16,1133.15,424.63
2025-09-09,Email,689,36,2823.96,15.17
2025-09-09,Referral,401,11,921.33,0.0
2025-09-10,Organic Search,1337,28,2244.09,0.0
2025-09-10,Paid Search,1085,31,2481.59,1017.88
2025-09-10,Social,1380,17,1010.88,481.45
2025-09-10,Email,761,43,4199.94,16.79
2025-09-10,Referral,333,9,633.25,0.0
2025-09-11,Organic Search,1812,38,2848.31,0.0
2025-09-11,Paid Search,894,28,1816.46,915.27
2025-09-11,Social,1091,13,827.56,434.7
2025-09-11,Email,597,24,2427.72,13.28
2025-09-11,Referral,371,12,931.81,0.0
2025-09-12,Organic Search,1989,37,2811.21,0.0
2025-09-12,Paid Search,1100,32,2664.21,1084.26
2025-09-12,Social,1067,10,658.39,374.8
2025-09-12,Email,571,21,1731.51,9.62
2025-09-12,Referral,320,7,539.06,0.0
2025-09-13,Organic Search,1676,33,2719.12,0.0
2025-09-13,Paid Search,908,23,2017.17,927.24
2025-09-13,Social,1041,10,719.22,379.06
2025-09-13,Email,537,29,2603.35,10.13
2025-09-13,Referral,280,8,541.67,0.0
2025-09-14,Organic Search,1599,26,1916.56,0.0
2025-09-14,Paid Search,940,28,1935.11,931.5
2025-09-14,Social,953,8,518.41,380.53
2025-09-14,Email,472,22,2106.69,9.93
2025-09-14,Referral,309,9,674.9,0.0
2025-09-15,Organic Search,1646,28,2387.49,0.0
2025-09-15,Paid Search,972,30,2659.74,1017.28
2025-09-15,Social,1222,17,1068.19,455.38
2025-09-15,Email,682,28,2323.91,14.87
2025-09-15,Referral,371,12,877.08,0.0
2025-09-16,Organic Search,1986,45,3909.88,0.0
2025-09-16,Paid Search,820,24,1763.41,817.47
2025-09-16,Social,1191,16,972.9,408.7
2025-09-16,Email,657,23,1991.17,11.6
2025-09-16,Referral,267,9,606.79,0.0
2025-09-17,Organic Search,1706,36,2918.38,0.0
2025-09-17,Paid Search,1116,27,2155.83,1056.8
2025-09-17,Social,1458,17,988.69,538.77
2025-09-17,Email,748,32,3360.89,14.14
2025-09-17,Referral,368,10,676.66,0.0
2025-09-18,Organic Search,1915,41,2992.91,0.0
2025-09-18,Paid Search,1094,38,3119.26,1098.73
2025-09-18,Social,1203,12,781.84,411.48
2025-09-18,Email,644,27,2164.83,11.2
2025-09-18,Referral,317,10,717.72,0.0
2025-09-19,Organic Search,1878,44,3308.58,0.0
2025-09-19,Paid Search,1020,25,2318.5,844.81
2025-09-19,Social,1191,11,581.13,427.93
2025-09-19,Email,663,34,3323.85,13.48
2025-09-19,Referral,348,9,666.23,0.0
2025-09-20,Organic Search,1839,31,2493.43,0.0
2025-09-20,Paid Search,994,25,1793.88,992.44
2025-09-20,Social,1036,12,785.03,381.78
2025-09-20,Email,485,22,2064.1,11.36
2025-09-20,Referral,283,7,598.72,0.0
2025-09-21,Organic Search,1279,24,1833.13,0.0
2025-09-21,Paid Search,824,26,1847.29,831.8
2025-09-21,Social,745,7,484.31,302.06
2025-09-21,Email,588,28,2484.53,12.21
2025-09-21,Referral,278,6,399.41,0.0
2025-09-22,Organic Search,2931,72,5883.89,0.0
2025-09-22,Paid Search,1099,28,2408.02,1070.62
2025-09-22,Social,1190,16,971.38,397.27
2025-09-22,Email,837,39,3448.88,15.83
2025-09-22,Referral,364,10,700.67,0.0
2025-09-23,Organic Search,1865,48,3752.91,0.0
2025-09-23,Paid Search,1315,44,3432.17,1359.72
2025-09-23,Social,1079,13,872.46,348.72
2025-09-23,Email,632,33,3301.78,12.44
2025-09-23,Referral,315,9,654.25,0.0
2025-09-24,Organic Search,1883,43,3440.99,0.0
2025-09-24,Paid Search,1072,25,1984.08,987.09
2025-09-24,Social,1114,14,858.27,386.19
2025-09-24,Email,584,18,1659.22,12.21
2025-09-24,Referral,343,8,599.72,0.0
2025-09-25,Organic Search,1731,33,2566.63,0.0
2025-09-25,Paid Search,1066,24,1887.39,942.43
2025-09-25,Social,1291,23,1290.54,474.13
2025-09-25,Email,832,41,3205.69,16.43
2025-09-25,Referral,418,12,968.37,0.0
2025-09-26,Organic Search,1699,33,2151.17,0.0
2025-09-26,Paid Search,977,36,3347.33,964.38
2025-09-26,Social,1091,14,867.64,437.49
2025-09-26,Email,566,29,2676.84,12.05
2025-09-26,Referral,325,11,875.31,0.0
2025-09-27,Organic Search,1753,33,2885.18,0.0
2025-09-27,Paid Search,836,22,1607.28,756.08
2025-09-27,Social,901,9,554.4,298.63
2025-09-27,Email,551,24,2287.43,9.56
2025-09-27,Referral,255,8,525.73,0.0
2025-09-28,Organic Search,1494,30,2777.12,0.0
2025-09-28,Paid Search,883,26,2094.34,767.22
2025-09-28,Social,903,13,764.08,341.38
2025-09-28,Email,466,20,1845.74,9.18
2025-09-28,Referral,237,8,634.75,0.0
2025-09-29,Organic Search,1780,38,3288.01,0.0
2025-09-29,Paid Search,1041,36,2878.09,908.89
2025-09-29,Social,1236,13,815.97,416.86
2025-09-29,Email,689,24,2322.73,13.86
2025-09-29,Referral,478,15,1175.87,0.0
2025-09-30,Organic Search,2400,63,4814.35,0.0
2025-09-30,Paid Search,970,29,2242.14,1021.49
2025-09-30,Social,1393,15,1069.03,489.87
2025-09-30,Email,668,24,2040.11,12.92
2025-09-30,Referral,378,12,962.55,0.0
2025-10-01,Organic Search,2116,36,2839.81,0.0
2025-10-01,Paid Search,1012,27,2205.52,945.99
2025-10-01,Social,1401,15,916.07,499.72
2025-10-01,Email,725,25,2328.01,16.3
2025-10-01,Referral,452,13,989.74,0.0
2025-10-02,Organic Search,2316,48,4130.17,0.0
2025-10-02,Paid Search,1028,31,2479.16,965.26
2025-10-02,Social,1233,14,908.49,419.45
2025-10-02,Email,789,31,2643.81,15.67
2025-10-02,Referral,423,12,911.8,0.0
2025-10-03,Organic Search,2083,33,2697.17,0.0
2025-10-03,Paid Search,960,26,1966.7,905.27
2025-10-03,Social,1039,9,511.42,335.12
2025-10-03,Email,725,23,2205.99,14.13
2025-10-03,Referral,339,11,874.94,0.0
2025-10-04,Organic Search,1320,30,2440.44,0.0
2025-10-04,Paid Search,918,24,1810.23,780.09
2025-10-04,Social,1062,9,583.26,355.21
2025-10-04,Email,526,20,1808.64,11.39
2025-10-04,Referral,306,10,824.88,0.0
2025-10-05,Organic Search,1779,33,2739.84,0.0
2025-10-05,Paid Search,862,26,2317.36,894.16
2025-10-05,Social,1085,12,731.6,387.7
2025-10-05,Email,507,21,1741.74,9.04
2025-10-05,Referral,306,10,753.23,0.0
2025-10-06,Organic Search,2510,64,5743.17,0.0
2025-10-06,Paid Search,1054,27,2254.19,1023.64
2025-10-06,Social,1321,14,945.72,481.99
2025-10-06,Email,771,35,2985.44,19.13
2025-10-06,Referral,411,11,812.52,0.0
2025-10-07,Organic Search,2014,54,3967.04,0.0
2025-10-07,Paid Search,1072,31,2255.56,895.76
2025-10-07,Social,1421,12,809.83,489.26
2025-10-07,Email,679,28,2511.49,14.22
2025-10-07,Referral,435,12,885.66,0.0
2025-10-08,Organic Search,2083,36,2609.25,0.0
2025-10-08,Paid Search,1137,32,2647.76,1087.25
2025-10-08,Social,1357,18,1076.47,449.56
2025-10-08,Email,724,28,2430.56,12.34
2025-10-08,Referral,352,9,745.4,0.0
2025-10-09,Organic Search,2298,43,3767.5,0.0
2025-10-09,Paid Search,1383,34,2546.19,1210.91
2025-10-09,Social,1549,15,858.31,581.3
2025-10-09,Email,562,23,2305.91,11.68
2025-10-09,Referral,380,9,656.6,0.0
2025-10-10,Organic Search,1698,42,3234.06,0.0
2025-10-10,Paid Search,1282,33,2631.64,1201.35
2025-10-10,Social,1403,15,1008.03,502.5
2025-10-10,Email,689,29,2311.33,14.16
2025-10-10,Referral,340,11,742.94,0.0
2025-10-11,Organic Search,2022,48,3730.24,0.0
2025-10-11,Paid Search,947,27,2362.27,847.25
2025-10-11,Social,1336,15,1179.62,459.44
2025-10-11,Email,472,19,1531.29,9.01
2025-10-11,Referral,339,9,716.7,0.0
2025-10-12,Organic Search,2009,45,3460.94,0.0
2025-10-12,Paid Search,901,26,2110.05,888.14
2025-10-12,Social,915,11,690.7,346.48
2025-10-12,Email,491,28,2496.07,10.58
2025-10-12,Referral,339,9,755.16,0.0
2025-10-13,Organic Search,1936,39,2815.89,0.0
2025-10-13,Paid Search,1132,38,3247.27,1009.08
2025-10-13,Social,1129,15,952.87,384.58
2025-10-13,Email,626,34,3292.13,12.03
2025-10-13,Referral,347,8,641.11,0.0
2025-10-14,Organic Search,1966,35,2640.04,0.0
2025-10-14,Paid Search,1084,29,2445.89,985.96
2025-10-14,Social,1503,13,916.54,484.14
2025-10-14,Email,852,50,4211.53,17.03
2025-10-14,Referral,369,12,1038.07,0.0
2025-10-15,Organic Search,2034,48,3713.63,0.0
2025-10-15,Paid Search,1281,37,3116.76,1114.39
2025-10-15,Social,1059,13,827.84,349.38
2025-10-15,Email,877,38,3472.85,18.56
2025-10-15,Referral,440,13,928.41,0.0
2025-10-16,Organic Search,1825,43,3399.54,0.0
2025-10-16,Paid Search,1134,30,2358.68,1266.39
2025-10-16,Social,1279,12,692.1,471.28
2025-10-16,Email,689,28,2422.46,14.43
2025-10-16,Referral,363,10,756.99,0.0
2025-10-17,Organic Search,2221,47,4019.95,0.0
2025-10-17,Paid Search,1107,26,2149.31,1132.07
2025-10-17,Social,1256,17,1219.24,470.71
2025-10-17,Email,570,22,1815.9,10.9
2025-10-17,Referral,414,15,1279.36,0.0
2025-10-18,Organic Search,1605,32,2310.46,0.0
2025-10-18,Paid Search,985,19,1447.08,922.78
2025-10-18,Social,892,12,707.59,319.76
2025-10-18,Email,604,28,2803.56,13.77
2025-10-18,Referral,289,9,679.14,0.0
2025-10-19,Organic Search,1403,31,2272.86,0.0
2025-10-19,Paid Search,851,22,1935.86,740.98
2025-10-19,Social,792,8,492.3,281.71
2025-10-19,Email,499,23,2384.32,9.61
2025-10-19,Referral,309,7,611.75,0.0
2025-10-20,Organic Search,1865,37,2794.72,0.0
2025-10-20,Paid Search,1117,33,2753.23,1044.03
2025-10-20,Social,1296,16,917.68,409.62
2025-10-20,Email,852,43,3786.82,17.05
2025-10-20,Referral,449,14,1114.18,0.0
2025-10-21,Organic Search,2306,41,3479.58,0.0
2025-10-21,Paid Search,1030,21,1864.46,995.21
2025-10-21,Social,1436,17,1212.55,514.83
2025-10-21,Email,833,35,3230.59,18.87
2025-10-21,Referral,306,10,646.38,0.0
2025-10-22,Organic Search,2094,38,2535.51,0.0
2025-10-22,Paid Search,1188,37,3533.81,1102.49
2025-10-22,Social,1376,19,1177.82,480.94
2025-10-22,Email,757,32,2928.21,16.55
2025-10-22,Referral,410,17,1140.36,0.0
2025-10-23,Organic Search,1989,43,2818.44,0.0
2025-10-23,Paid Search,967,25,2180.11,978.11
2025-10-23,Social,1146,15,927.54,393.55
2025-10-23,Email,586,26,2764.76,10.09
2025-10-23,Referral,320,9,706.1,0.0
2025-10-24,Organic Search,1964,39,2813.96,0.0
2025-10-24,Paid Search,1071,25,2223.74,977.15
2025-10-24,Social,1026,13,795.17,342.73
2025-10-24,Email,737,39,3091.61,13.97
2025-10-24,Referral,333,10,823.19,0.0
2025-10-25,Organic Search,1502,40,2884.94,0.0
2025-10-25,Paid Search,985,23,1951.13,832.24
2025-10-25,Social,765,9,525.57,258.74
2025-10-25,Email,523,24,1986.14,10.79
2025-10-25,Referral,337,11,816.9,0.0
2025-10-26,Organic Search,1874,35,2429.73,0.0
2025-10-26,Paid Search,771,21,1754.69,651.62
2025-10-26,Social,924,13,972.13,323.39
2025-10-26,Email,463,21,1855.17,8.4
2025-10-26,Referral,321,11,842.78,0.0
2025-10-27,Organic Search,1576,37,2812.05,0.0
2025-10-27,Paid Search,1152,28,2086.03,1225.23
2025-10-27,Social,1622,21,1191.15,572.52
2025-10-27,Email,723,27,2466.57,15.0
2025-10-27,Referral,403,19,1336.16,0.0
2025-10-28,Organic Search,2107,42,3011.71,0.0
2025-10-28,Paid Search,1201,36,3127.14,1250.71
2025-10-28,Social,1388,16,980.47,465.61
2025-10-28,Email,727,50,4544.83,13.0
2025-10-28,Referral,361,8,691.91,0.0
2025-10-29,Organic Search,2054,57,4497.57,0.0
2025-10-29,Paid Search,1153,33,2881.08,1028.98
2025-10-29,Social,1285,16,1079.06,467.87
2025-10-29,Email,636,30,2235.16,14.29
2025-10-29,Referral,431,13,927.41,0.0
2025-10-30,Organic Search,2334,46,3119.42,0.0
2025-10-30,Paid Search,1379,29,2272.63,1593.18
2025-10-30,Social,1259,21,1390.07,452.92
2025-10-30,Email,591,25,2304.43,11.27
2025-10-30,Referral,338,11,843.98,0.0
2025-10-31,Organic Search,1905,37,3191.16,0.0
2025-10-31,Paid Search,1041,27,2052.92,914.0
2025-10-31,Social,1155,16,1185.69,358.42
2025-10-31,Email,573,21,2032.33,10.77
2025-10-31,Referral,420,9,701.02,0.0
2025-11-01,Organic Search,1649,30,2239.95,0.0
2025-11-01,Paid Search,739,23,1755.94,758.07
2025-11-01,Social,977,13,887.17,321.71
2025-11-01,Email,695,25,2008.71,13.81
2025-11-01,Referral,401,15,1201.53,0.0
2025-11-02,Organic Search,1770,39,3100.46,0.0
2025-11-02,Paid Search,1025,30,2423.5,1013.53
2025-11-02,Social,1243,14,946.49,433.11
2025-11-02,Email,670,29,2836.53,15.82
2025-11-02,Referral,341,9,662.32,0.0
2025-11-03,Organic Search,2340,46,3652.34,0.0
2025-11-03,Paid Search,1663,42,3553.42,1729.41
2025-11-03,Social,1502,17,1065.49,597.05
2025-11-03,Email,836,40,3703.06,16.67
2025-11-03,Referral,504,13,978.65,0.0
2025-11-04,Organic Search,2784,68,5036.5,0.0
2025-11-04,Paid Search,2018,57,4877.04,1554.0
2025-11-04,Social,1402,13,819.05,573.52
2025-11-04,Email,1066,54,4734.2,21.26
2025-11-04,Referral,516,12,902.58,0.0
2025-11-05,Organic Search,2168,43,3173.49,0.0
2025-11-05,Paid Search,1394,31,2571.86,1462.36
2025-11-05,Social,1475,18,1287.4,514.32
2025-11-05,Email,779,37,3507.28,14.38
2025-11-05,Referral,443,14,1124.23,0.0
2025-11-06,Organic Search,2406,38,3048.91,0.0
2025-11-06,Paid Search,1387,40,3689.1,1556.24
2025-11-06,Social,1455,22,1390.13,492.97
2025-11-06,Email,886,40,3394.38,16.39
2025-11-06,Referral,446,11,778.64,0.0
2025-11-07,Organic Search,2072,40,3507.93,0.0
2025-11-07,Paid Search,1368,44,3883.57,1293.54
2025-11-07,Social,1277,12,817.91,532.75
2025-11-07,Email,734,38,2973.96,15.0
2025-11-07,Referral,424,15,903.86,0.0
2025-11-08,Organic Search,2046,47,3930.31,0.0
2025-11-08,Paid Search,1035,20,1873.83,869.42
2025-11-08,Social,1193,13,935.02,395.7
2025-11-08,Email,710,26,2394.6,13.72
2025-11-08,Referral,363,10,750.25,0.0
2025-11-09,Organic Search,2109,51,4730.03,0.0
2025-11-09,Paid Search,955,25,2038.43,876.5
2025-11-09,Social,1499,21,1487.22,467.29
2025-11-09,Email,826,41,3688.75,17.28
2025-11-09,Referral,352,7,521.92,0.0
2025-11-10,Organic Search,2523,55,4448.08,0.0
2025-11-10,Paid Search,1435,38,3120.18,1441.22
2025-11-10,Social,1595,20,1321.0,577.09
2025-11-10,Email,863,36,3386.13,16.37
2025-11-10,Referral,400,8,573.97,0.0
2025-11-11,Organic Search,2248,45,3327.63,0.0
2025-11-11,Paid Search,1289,41,3050.88,1165.2
2025-11-11,Social,2046,24,1643.59,682.26
2025-11-11,Email,1086,51,5101.16,24.2
2025-11-11,Referral,489,17,1398.09,0.0
2025-11-12,Organic Search,2686,48,3917.42,0.0
2025-11-12,Paid Search,1326,38,3034.51,1360.23
2025-11-12,Social,1703,17,1290.05,678.16
2025-11-12,Email,877,52,4888.46,17.17
2025-11-12,Referral,463,11,851.01,0.0
2025-11-13,Organic Search,2297,43,2953.65,0.0
2025-11-13,Paid Search,1425,42,3032.08,1221.1
2025-11-13,Social,1524,18,1257.38,497.95
2025-11-13,Email,839,44,4754.43,16.58
2025-11-13,Referral,516,13,1104.63,0.0
2025-11-14,Organic Search,2386,48,3089.74,0.0
2025-11-14,Paid Search,1393,39,3359.25,1564.15
2025-11-14,Social,1355,13,889.55,540.44
2025-11-14,Email,879,48,4387.99,16.67
2025-11-14,Referral,384,16,1131.68,0.0
2025-11-15,Organic Search,2136,50,3298.99,0.0
2025-11-15,Paid Search,1120,35,3256.21,1058.53
2025-11-15,Social,1120,13,873.97,415.4
2025-11-15,Email,657,33,3265.61,12.56
2025-11-15,Referral,385,12,814.14,0.0
2025-11-16,Organic Search,1876,46,3764.73,0.0
2025-11-16,Paid Search,1065,34,3269.31,1028.35
2025-11-16,Social,1266,13,931.67,495.59
2025-11-16,Email,633,30,2476.01,14.98
2025-11-16,Referral,466,14,1048.98,0.0
2025-11-17,Organic Search,2881,44,3759.47,0.0
2025-11-17,Paid Search,1544,42,3666.26,1492.34
2025-11-17,Social,1413,18,1192.43,457.14
2025-11-17,Email,883,43,4209.84,17.47
2025-11-17,Referral,496,14,970.21,0.0
2025-11-18,Organic Search,3222,63,5541.53,0.0
2025-11-18,Paid Search,1508,49,4174.55,1634.12
2025-11-18,Social,1523,18,1165.4,540.18
2025-11-18,Email,893,48,5128.74,18.71
2025-11-18,Referral,520,17,1277.43,0.0
2025-11-19,Organic Search,3376,68,5564.91,0.0
2025-11-19,Paid Search,1387,48,4323.74,1368.03
2025-11-19,Social,1727,29,2150.05,644.38
2025-11-19,Email,867,34,3543.46,14.38
2025-11-19,Referral,579,17,1137.0,0.0
2025-11-20,Organic Search,2115,47,3433.46,0.0
2025-11-20,Paid Search,1212,29,2466.36,1173.65
2025-11-20,Social,1648,23,1457.83,715.01
2025-11-20,Email,889,41,3516.43,18.99
2025-11-20,Referral,448,13,939.24,0.0
2025-11-21,Organic Search,2651,42,3362.04,0.0
2025-11-21,Paid Search,1386,41,3729.69,1420.5
2025-11-21,Social,1530,16,1018.33,595.97
2025-11-21,Email,787,38,3528.84,14.55
2025-11-21,Referral,460,14,1072.07,0.0
2025-11-22,Organic Search,1959,32,2225.06,0.0
2025-11-22,Paid Search,950,23,1800.6,796.77
2025-11-22,Social,1188,13,808.67,425.51
2025-11-22,Email,745,31,2614.09,13.67
2025-11-22,Referral,411,13,969.73,0.0
2025-11-23,Organic Search,1826,33,2871.92,0.0
2025-11-23,Paid Search,944,23,1680.24,863.7
2025-11-23,Social,1236,13,851.03,404.78
2025-11-23,Email,653,30,2718.45,12.69
2025-11-23,Referral,339,8,552.53,0.0
2025-11-24,Organic Search,2412,59,4714.78,0.0
2025-11-24,Paid Search,1457,47,4484.16,1478.8
2025-11-24,Social,1804,23,1399.86,595.62
2025-11-24,Email,1007,55,4483.02,17.97
2025-11-24,Referral,475,15,1188.61,0.0
2025-11-25,Organic Search,2223,48,3693.5,0.0
2025-11-25,Paid Search,1399,29,2319.17,1333.99
2025-11-25,Social,1813,19,1198.12,628.38
2025-11-25,Email,725,43,3561.47,13.52
2025-11-25,Referral,427,13,983.48,0.0
2025-11-26,Organic Search,2447,42,3369.57,0.0
2025-11-26,Paid Search,1416,31,2392.25,1241.56
2025-11-26,Social,1356,18,1131.83,424.72
2025-11-26,Email,783,48,4418.65,15.61
2025-11-26,Referral,495,13,895.17,0.0
2025-11-27,Organic Search,2213,69,4946.05,0.0
2025-11-27,Paid Search,1401,27,2430.28,1449.72
2025-11-27,Social,1535,17,1085.73,498.45
2025-11-27,Email,651,29,2637.51,13.92
2025-11-27,Referral,515,14,1101.57,0.0
2025-11-28,Organic Search,2710,59,4836.2,0.0
2025-11-28,Paid Search,1224,42,3637.52,1166.4
2025-11-28,Social,1513,15,960.66,600.21
2025-11-28,Email,832,33,3105.29,14.48
2025-11-28,Referral,440,13,828.92,0.0
2025-11-29,Organic Search,1882,41,3244.15,0.0
2025-11-29,Paid Search,1050,35,2978.76,1078.24
2025-11-29,Social,1217,14,878.44,438.84
2025-11-29,Email,785,24,2166.46,15.54
2025-11-29,Referral,368,10,751.56,0.0
2025-11-30,Organic Search,1888,38,2921.18,0.0
2025-11-30,Paid Search,1245,34,2567.18,1184.19
2025-11-30,Social,999,14,933.06,337.33
2025-11-30,Email,758,30,2985.1,16.58
2025-11-30,Referral,358,11,796.67,0.0
2025-12-01,Organic Search,3106,63,4390.71,0.0
2025-12-01,Paid Search,1596,42,3299.81,1612.11
2025-12-01,Social,1208,15,884.59,467.49
2025-12-01,Email,895,42,4060.88,18.12
2025-12-01,Referral,436,10,901.31,0.0
2025-12-02,Organic Search,2370,46,3760.04,0.0
2025-12-02,Paid Search,1501,39,3154.45,1656.2
2025-12-02,Social,1302,15,965.94,436.2
2025-12-02,Email,851,38,3220.66,15.41
2025-12-02,Referral,534,16,1093.55,0.0
2025-12-03,Organic Search,3003,82,6187.24,0.0
2025-12-03,Paid Search,1552,39,2934.82,1577.25
2025-12-03,Social,1504,17,1127.93,577.14
2025-12-03,Email,916,50,4323.2,18.15
2025-12-03,Referral,508,14,1032.65,0.0
2025-12-04,Organic Search,2868,60,5342.63,0.0
2025-12-04,Paid Search,1379,37,3446.1,1436.74
2025-12-04,Social,1870,18,1269.0,575.16
2025-12-04,Email,756,45,3984.5,13.56
2025-12-04,Referral,423,10,756.5,0.0
2025-12-05,Organic Search,2522,54,4031.43,0.0
2025-12-05,Paid Search,1520,56,4575.38,1428.94
2025-12-05,Social,1671,20,1208.7,606.5
2025-12-05,Email,706,32,3029.46,15.0
2025-12-05,Referral,366,11,850.33,0.0
2025-12-06,Organic Search,1814,33,2441.77,0.0
2025-12-06,Paid Search,954,32,2648.79,1121.53
2025-12-06,Social,1259,12,841.12,466.7
2025-12-06,Email,637,26,2231.43,13.98
2025-12-06,Referral,425,18,1350.62,0.0
2025-12-07,Organic Search,2367,38,3076.98,0.0
2025-12-07,Paid Search,1292,39,3368.12,1188.66
2025-12-07,Social,1178,16,1099.61,415.5
2025-12-07,Email,653,26,2283.41,11.32
2025-12-07,Referral,320,9,718.09,0.0
2025-12-08,Organic Search,2444,60,5019.26,0.0
2025-12-08,Paid Search,1534,42,3606.09,1336.59
2025-12-08,Social,1666,19,1378.45,662.87
2025-12-08,Email,882,40,3368.3,15.99
2025-12-08,Referral,523,15,1071.03,0.0
2025-12-09,Organic Search,2436,51,3793.41,0.0
2025-12-09,Paid Search,1892,44,3391.61,1663.82
2025-12-09,Social,1465,19,1195.84,508.68
2025-12-09,Email,984,42,3601.67,18.76
2025-12-09,Referral,533,15,1153.66,0.0
2025-12-10,Organic Search,2629,52,3778.58,0.0
2025-12-10,Paid Search,1388,34,3166.77,1509.14
2025-12-10,Social,1656,20,1206.07,601.0
2025-12-10,Email,1089,68,6380.5,20.49
2025-12-10,Referral,451,11,805.8,0.0
2025-12-11,Organic Search,2979,54,4602.96,0.0
2025-12-11,Paid Search,1608,43,3489.8,1487.54
2025-12-11,Social,1875,27,1564.93,698.71
2025-12-11,Email,800,30,2772.27,15.1
2025-12-11,Referral,553,15,1049.14,0.0
2025-12-12,Organic Search,2491,54,4222.36,0.0
2025-12-12,Paid Search,1554,34,3024.76,1510.99
2025-12-12,Social,1600,19,1300.16,574.9
2025-12-12,Email,699,31,2594.35,14.09
2025-12-12,Referral,438,16,1045.41,0.0
2025-12-13,Organic Search,2288,38,3116.42,0.0
2025-12-13,Paid Search,1179,34,2775.82,1078.12
2025-12-13,Social,1302,15,1047.51,434.66
2025-12-13,Email,710,33,3226.26,13.02
2025-12-13,Referral,320,9,645.08,0.0
2025-12-14,Organic Search,2099,34,3127.1,0.0
2025-12-14,Paid Search,960,26,2044.73,888.17
2025-12-14,Social,1117,14,771.07,357.35
2025-12-14,Email,739,38,3354.43,15.94
2025-12-14,Referral,403,11,758.08,0.0
2025-12-15,Organic Search,3196,55,3973.31,0.0
2025-12-15,Paid Search,1186,30,2142.96,1271.7
2025-12-15,Social,1403,14,865.51,518.33
2025-12-15,Email,1000,38,3118.66,19.87
2025-12-15,Referral,514,13,991.4,0.0
2025-12-16,Organic Search,3034,95,7925.79,0.0
2025-12-16,Paid Search,1562,37,2715.23,1566.84
2025-12-16,Social,1599,21,1402.41,631.34
2025-12-16,Email,1038,43,3843.52,21.97
2025-12-16,Referral,536,15,1137.46,0.0
2025-12-17,Organic Search,2586,54,4112.18,0.0
2025-12-17,Paid Search,1845,39,3369.54,2072.59
2025-12-17,Social,1460,16,1041.17,605.13
2025-12-17,Email,832,39,2983.07,18.14
2025-12-17,Referral,510,16,1136.13,0.0
2025-12-18,Organic Search,2899,64,5750.09,0.0
2025-12-18,Paid Search,1676,39,3190.01,1630.37
2025-12-18,Social,1317,12,765.95,492.66
2025-12-18,Email,1075,46,4138.33,19.11
2025-12-18,Referral,586,16,1268.8,0.0
2025-12-19,Organic Search,2948,72,5550.95,0.0
2025-12-19,Paid Search,1502,40,3687.67,1467.54
2025-12-19,Social,1629,25,1530.15,596.45
2025-12-19,Email,867,29,2557.67,15.91
2025-12-19,Referral,394,9,590.48,0.0
2025-12-20,Organic Search,2701,50,3755.68,0.0
2025-12-20,Paid Search,1277,32,2617.69,1222.15
2025-12-20,Social,1149,19,1316.0,373.27
2025-12-20,Email,829,32,2569.21,18.24
2025-12-20,Referral,383,10,688.2,0.0
2025-12-21,Organic Search,2069,40,3351.91,0.0
2025-12-21,Paid Search,1237,38,3736.56,1011.57
2025-12-21,Social,907,8,470.31,318.63
2025-12-21,Email,662,32,2971.38,14.22
2025-12-21,Referral,354,8,600.1,0.0
2025-12-22,Organic Search,3076,62,4231.87,0.0
2025-12-22,Paid Search,1211,36,2777.98,1089.12
2025-12-22,Social,1663,20,1327.57,561.41
2025-12-22,Email,999,39,3478.55,18.81
2025-12-22,Referral,549,16,1278.46,0.0
2025-12-23,Organic Search,2725,59,4649.54,0.0
2025-12-23,Paid Search,1678,50,4344.96,1524.15
2025-12-23,Social,1600,20,1273.94,632.48
2025-12-23,Email,1023,60,5403.38,25.12
2025-12-23,Referral,567,14,1029.32,0.0
2025-12-24,Organic Search,3132,81,5659.93,0.0
2025-12-24,Paid Search,1839,57,4597.72,1539.61
2025-12-24,Social,1430,15,1116.4,497.73
2025-12-24,Email,1148,62,5955.19,24.01
2025-12-24,Referral,528,17,1330.33,0.0
2025-12-25,Organic Search,3370,64,5440.49,0.0
2025-12-25,Paid Search,1271,33,2843.2,1399.86
2025-12-25,Social,1749,21,1459.65,623.37
2025-12-25,Email,944,40,3538.95,19.89
2025-12-25,Referral,631,18,1391.5,0.0
2025-12-26,Organic Search,2531,46,3496.02,0.0
2025-12-26,Paid Search,1481,44,3958.96,1383.28
2025-12-26,Social,1129,15,960.19,407.76
2025-12-26,Email,920,51,4620.16,18.93
2025-12-26,Referral,453,11,774.58,0.0
2025-12-27,Organic Search,2409,54,4288.17,0.0
2025-12-27,Paid Search,1244,30,2575.77,1269.59
2025-12-27,Social,1080,14,1009.28,388.64
2025-12-27,Email,782,36,3356.18,15.46
2025-12-27,Referral,359,10,732.16,0.0
2025-12-28,Organic Search,1957,41,3243.8,0.0
2025-12-28,Paid Search,1074,36,2946.62,1141.43
2025-12-28,Social,1174,11,688.08,416.49
2025-12-28,Email,771,37,3289.4,16.83
2025-12-28,Referral,345,10,863.01,0.0
2025-12-29,Organic Search,2609,57,4772.44,0.0
2025-12-29,Paid Search,1691,39,3224.94,1589.72
2025-12-29,Social,1476,25,1491.14,531.09
2025-12-29,Email,1106,66,5621.52,23.42
2025-12-29,Referral,394,11,806.18,0.0
2025-12-30,Organic Search,2939,62,4473.98,0.0
2025-12-30,Paid Search,1337,37,2859.45,1148.99
2025-12-30,Social,1420,23,1534.54,527.33
2025-12-30,Email,961,48,3687.8,20.51
2025-12-30,Referral,456,11,748.58,0.0
2025-12-31,Organic Search,2645,44,3314.97,0.0
2025-12-31,Paid Search,1637,40,3463.52,1373.07
2025-12-31,Social,1500,17,1064.02,620.75
2025-12-31,Email,893,40,3377.24,16.87
2025-12-31,Referral,451,16,1258.32,0.0
2026-01-01,Organic Search,1429,24,1807.6,0.0
2026-01-01,Paid Search,890,28,2206.6,846.88
2026-01-01,Social,1081,12,749.31,363.89
2026-01-01,Email,663,26,2167.98,11.33
2026-01-01,Referral,305,8,510.61,0.0
2026-01-02,Organic Search,1449,31,2409.02,0.0
2026-01-02,Paid Search,1006,28,1720.08,846.4
2026-01-02,Social,862,11,787.05,266.05
2026-01-02,Email,492,25,2498.54,9.48
2026-01-02,Referral,316,8,577.51,0.0
2026-01-03,Organic Search,1134,23,1966.39,0.0
2026-01-03,Paid Search,704,18,1538.28,731.38
2026-01-03,Social,807,7,483.77,284.67
2026-01-03,Email,438,24,2136.87,7.64
2026-01-03,Referral,214,6,430.6,0.0
2026-01-04,Organic Search,1207,28,2388.2,0.0
2026-01-04,Paid Search,698,18,1461.3,650.51
2026-01-04,Social,966,14,947.61,349.92
2026-01-04,Email,380,17,1405.75,7.5
2026-01-04,Referral,212,6,436.23,0.0
2026-01-05,Organic Search,1890,30,2322.03,0.0
2026-01-05,Paid Search,984,22,1748.97,918.19
2026-01-05,Social,1251,16,1002.16,421.32
2026-01-05,Email,601,27,2142.2,12.85
2026-01-05,Referral,383,13,1011.34,0.0
2026-01-06,Organic Search,2128,55,3752.97,0.0
2026-01-06,Paid Search,1039,23,1799.14,1005.13
2026-01-06,Social,909,9,553.47,329.39
2026-01-06,Email,639,28,2836.1,11.55
2026-01-06,Referral,325,10,657.84,0.0
2026-01-07,Organic Search,1719,38,3044.0,0.0
2026-01-07,Paid Search,678,22,1824.5,635.15
2026-01-07,Social,1020,14,880.55,362.32
2026-01-07,Email,587,37,3883.46,12.9
2026-01-07,Referral,327,9,741.0,0.0
2026-01-08,Organic Search,1771,36,2679.46,0.0
2026-01-08,Paid Search,970,28,2095.5,1037.36
2026-01-08,Social,1000,15,1016.11,336.77
2026-01-08,Email,560,21,1925.75,11.75
2026-01-08,Referral,319,10,774.37,0.0
2026-01-09,Organic Search,1984,41,2952.67,0.0
2026-01-09,Paid Search,881,19,1559.98,971.93
2026-01-09,Social,1127,11,785.18,420.31
2026-01-09,Email,594,36,3187.07,10.33
2026-01-09,Referral,280,5,396.98,0.0
2026-01-10,Organic Search,1359,25,1870.43,0.0
2026-01-10,Paid Search,774,23,2052.14,711.9
2026-01-10,Social,808,12,779.36,327.16
2026-01-10,Email,474,20,1568.25,9.43
2026-01-10,Referral,250,6,525.87,0.0
2026-01-11,Organic Search,1193,22,1641.34,0.0
2026-01-11,Paid Search,898,20,1609.8,900.04
2026-01-11,Social,611,6,383.34,237.32
2026-01-11,Email,557,22,2247.33,11.69
2026-01-11,Referral,294,9,753.96,0.0
2026-01-12,Organic Search,1624,25,2001.12,0.0
2026-01-12,Paid Search,811,24,1886.06,684.53
2026-01-12,Social,1053,12,752.12,421.49
2026-01-12,Email,530,25,2355.63,10.87
2026-01-12,Referral,322,9,612.4,0.0
2026-01-13,Organic Search,2153,53,4034.25,0.0
2026-01-13,Paid Search,800,18,1322.69,700.85
2026-01-13,Social,1118,13,796.1,406.3
2026-01-13,Email,731,35,3028.65,15.24
2026-01-13,Referral,318,7,539.87,0.0
2026-01-14,Organic Search,1628,32,2334.23,0.0
2026-01-14,Paid Search,962,31,2591.28,948.38
2026-01-14,Social,1020,10,624.23,372.07
2026-01-14,Email,559,30,2653.88,10.46
2026-01-14,Referral,314,13,896.88,0.0
2026-01-15,Organic Search,1883,48,3864.81,0.0
2026-01-15,Paid Search,1122,29,2206.96,974.89
2026-01-15,Social,755,10,676.96,251.82
2026-01-15,Email,687,36,3117.67,13.58
2026-01-15,Referral,291,9,653.83,0.0
2026-01-16,Organic Search,1900,31,2594.06,0.0
2026-01-16,Paid Search,979,28,2103.63,984.53
2026-01-16,Social,998,10,587.49,331.08
2026-01-16,Email,584,32,2944.48,11.07
2026-01-16,Referral,426,11,702.24,0.0
2026-01-17,Organic Search,1174,33,2996.55,0.0
2026-01-17,Paid Search,832,25,2283.64,680.26
2026-01-17,Social,707,8,490.63,253.03
2026-01-17,Email,414,19,1629.77,8.73
2026-01-17,Referral,336,10,754.04,0.0
2026-01-18,Organic Search,1289,26,2052.63,0.0
2026-01-18,Paid Search,854,18,1386.89,942.9
2026-01-18,Social,720,6,420.0,257.86
2026-01-18,Email,556,20,1682.64,10.07
2026-01-18,Referral,240,6,426.78,0.0
2026-01-19,Organic Search,1547,30,2263.47,0.0
2026-01-19,Paid Search,946,23,1858.4,868.56
2026-01-19,Social,850,7,467.04,303.43
2026-01-19,Email,539,23,2483.32,11.14
2026-01-19,Referral,396,11,765.86,0.0
2026-01-20,Organic Search,2184,59,4649.86,0.0
2026-01-20,Paid Search,988,29,2374.8,846.83
2026-01-20,Social,931,10,726.0,328.5
2026-01-20,Email,532,24,2350.6,11.61
2026-01-20,Referral,388,7,515.64,0.0
2026-01-21,Organic Search,1862,37,3329.19,0.0
2026-01-21,Paid Search,914,29,2539.76,876.43
2026-01-21,Social,993,13,863.44,305.32
2026-01-21,Email,664,27,2115.23,13.13
2026-01-21,Referral,298,11,922.23,0.0
2026-01-22,Organic Search,1673,43,3320.48,0.0
2026-01-22,Paid Search,1140,32,2644.77,1081.01
2026-01-22,Social,935,8,530.49,282.04
2026-01-22,Email,575,25,2309.69,12.11
2026-01-22,Referral,296,8,589.27,0.0
2026-01-23,Organic Search,1663,37,2894.32,0.0
2026-01-23,Paid Search,795,18,1658.97,731.87
2026-01-23,Social,805,7,516.41,282.09
2026-01-23,Email,437,18,1684.03,7.6
2026-01-23,Referral,309,11,912.76,0.0
2026-01-24,Organic Search,1468,29,2413.69,0.0
2026-01-24,Paid Search,692,17,1312.43,668.39
2026-01-24,Social,703,8,547.0,218.88
2026-01-24,Email,460,21,2149.4,10.16
2026-01-24,Referral,229,8,543.75,0.0
2026-01-25,Organic Search,1184,33,2480.88,0.0
2026-01-25,Paid Search,635,20,1846.97,679.36
2026-01-25,Social,741,11,734.2,218.13
2026-01-25,Email,482,20,1816.7,10.44
2026-01-25,Referral,293,10,656.62,0.0
2026-01-26,Organic Search,1614,40,3001.75,0.0
2026-01-26,Paid Search,862,28,2491.27,824.22
2026-01-26,Social,931,13,812.94,303.99
2026-01-26,Email,605,29,2700.85,12.51
2026-01-26,Referral,310,11,786.04,0.0
2026-01-27,Organic Search,2435,53,4195.76,0.0
2026-01-27,Paid Search,984,26,2149.63,1007.38
2026-01-27,Social,995,15,917.67,302.88
2026-01-27,Email,626,25,2053.79,11.91
2026-01-27,Referral,351,10,796.15,0.0
2026-01-28,Organic Search,1664,43,3471.07,0.0
2026-01-28,Paid Search,859,22,1599.63,906.81
2026-01-28,Social,835,7,428.49,282.55
2026-01-28,Email,773,35,2745.37,14.38
2026-01-28,Referral,307,7,472.87,0.0
2026-01-29,Organic Search,2013,36,2346.93,0.0
2026-01-29,Paid Search,810,19,1629.72,739.97
2026-01-29,Social,931,11,774.47,319.05
2026-01-29,Email,589,24,2212.21,13.17
2026-01-29,Referral,251,6,448.88,0.0
2026-01-30,Organic Search,1639,32,2578.0,0.0
2026-01-30,Paid Search,885,20,1600.74,770.54
2026-01-30,Social,1026,12,870.33,337.1
2026-01-30,Email,588,28,2181.85,12.87
2026-01-30,Referral,324,9,661.92,0.0
2026-01-31,Organic Search,1597,38,2862.8,0.0
2026-01-31,Paid Search,756,31,2694.32,625.83
2026-01-31,Social,636,6,353.93,210.01
2026-01-31,Email,492,23,1790.69,11.18
2026-01-31,Referral,206,4,301.42,0.0
2026-02-01,Organic Search,1500,28,1966.61,0.0
2026-02-01,Paid Search,587,18,1600.51,505.95
2026-02-01,Social,732,9,603.83,263.57
2026-02-01,Email,468,21,1943.13,9.7
2026-02-01,Referral,288,9,651.84,0.0
2026-02-02,Organic Search,1693,36,3163.59,0.0
2026-02-02,Paid Search,944,25,2009.9,879.85
2026-02-02,Social,894,11,611.14,271.43
2026-02-02,Email,557,28,2925.81,10.88
2026-02-02,Referral,347,10,764.45,0.0
2026-02-03,Organic Search,1726,41,3287.87,0.0
2026-02-03,Paid Search,924,34,2760.22,872.61
2026-02-03,Social,838,9,652.21,302.34
2026-02-03,Email,608,22,2008.5,13.41
2026-02-03,Referral,316,11,842.7,0.0
2026-02-04,Organic Search,1517,32,2360.61,0.0
2026-02-04,Paid Search,861,21,1568.44,816.51
2026-02-04,Social,986,14,904.46,320.21
2026-02-04,Email,593,31,3073.6,12.62
2026-02-04,Referral,326,10,733.83,0.0
2026-02-05,Organic Search,1921,35,2766.25,0.0
2026-02-05,Paid Search,822,25,1824.46,781.74
2026-02-05,Social,927,10,677.12,328.42
2026-02-05,Email,648,21,1705.17,12.38
2026-02-05,Referral,279,8,652.5,0.0
2026-02-06,Organic Search,1260,26,1998.59,0.0
2026-02-06,Paid Search,999,32,2530.36,950.79
2026-02-06,Social,953,11,720.56,355.45
2026-02-06,Email,545,30,2699.82,10.32
2026-02-06,Referral,236,7,504.9,0.0
2026-02-07,Organic Search,1169,24,1997.09,0.0
2026-02-07,Paid Search,704,19,1706.55,695.41
2026-02-07,Social,723,6,395.48,226.99
2026-02-07,Email,511,19,1537.35,11.15
2026-02-07,Referral,316,8,567.32,0.0
2026-02-08,Organic Search,1393,26,2023.81,0.0
2026-02-08,Paid Search,656,15,1307.29,676.82
2026-02-08,Social,821,8,521.71,276.64
2026-02-08,Email,577,30,2566.58,10.91
2026-02-08,Referral,238,8,589.24,0.0
2026-02-09,Organic Search,1607,33,2350.48,0.0
2026-02-09,Paid Search,1219,35,3102.59,1161.21
2026-02-09,Social,1188,13,761.53,402.21
2026-02-09,Email,688,35,3276.12,13.54
2026-02-09,Referral,307,10,679.15,0.0
2026-02-10,Organic Search,1614,32,2396.26,0.0
2026-02-10,Paid Search,839,23,2008.71,746.51
2026-02-10,Social,980,8,481.23,322.93
2026-02-10,Email,663,20,1921.76,15.11
2026-02-10,Referral,318,9,625.85,0.0
2026-02-11,Organic Search,1888,40,3416.87,0.0
2026-02-11,Paid Search,1008,36,2578.84,909.77
2026-02-11,Social,809,10,677.65,332.1
2026-02-11,Email,565,23,2036.2,10.98
2026-02-11,Referral,282,7,593.73,0.0
2026-02-12,Organic Search,2103,42,3278.56,0.0
2026-02-12,Paid Search,1034,29,2437.59,834.79
2026-02-12,Social,906,7,418.45,348.39
2026-02-12,Email,448,22,2136.55,10.17
2026-02-12,Referral,277,8,557.6,0.0
2026-02-13,Organic Search,1663,38,3523.8,0.0
2026-02-13,Paid Search,926,31,2715.01,745.29
2026-02-13,Social,776,10,623.54,281.26
2026-02-13,Email,749,33,2592.14,15.81
2026-02-13,Referral,308,7,488.23,0.0
2026-02-14,Organic Search,1790,31,2378.54,0.0
2026-02-14,Paid Search,595,15,1369.06,579.67
2026-02-14,Social,714,7,477.89,232.41
2026-02-14,Email,543,21,1748.4,11.09
2026-02-14,Referral,247,7,581.86,0.0
2026-02-15,Organic Search,1443,26,2034.71,0.0
2026-02-15,Paid Search,559,11,1029.71,610.67
2026-02-15,Social,571,5,356.36,219.84
2026-02-15,Email,458,23,1954.62,8.74
2026-02-15,Referral,239,6,468.58,0.0
2026-02-16,Organic Search,1472,32,2606.35,0.0
2026-02-16,Paid Search,1001,34,3040.2,1092.78
2026-02-16,Social,1101,11,798.91,361.72
2026-02-16,Email,516,19,1708.16,12.4
2026-02-16,Referral,312,9,662.1,0.0
2026-02-17,Organic Search,1808,39,2955.28,0.0
2026-02-17,Paid Search,948,29,2548.93,940.93
2026-02-17,Social,865,9,587.62,299.26
2026-02-17,Email,566,26,2482.93,10.92
2026-02-17,Referral,292,10,730.53,0.0
2026-02-18,Organic Search,1703,35,2586.22,0.0
2026-02-18,Paid Search,1038,27,2399.46,1014.89
2026-02-18,Social,1074,15,926.88,428.18
2026-02-18,Email,610,25,2262.26,11.63
2026-02-18,Referral,394,11,880.29,0.0
2026-02-19,Organic Search,2397,58,4876.06,0.0
2026-02-19,Paid Search,928,28,2431.98,808.37
2026-02-19,Social,1056,15,936.97,358.11
2026-02-19,Email,511,19,1549.03,10.5
2026-02-19,Referral,307,8,665.03,0.0
2026-02-20,Organic Search,1481,34,2609.59,0.0
2026-02-20,Paid Search,804,23,1890.69,749.47
2026-02-20,Social,918,9,523.66,366.2
2026-02-20,Email,659,29,2690.26,13.4
2026-02-20,Referral,298,8,649.82,0.0
2026-02-21,Organic Search,1265,24,1886.35,0.0
2026-02-21,Paid Search,666,13,974.66,657.59
2026-02-21,Social,624,8,510.27,180.05
2026-02-21,Email,496,17,1660.77,10.84
2026-02-21,Referral,270,9,744.88,0.0
2026-02-22,Organic Search,2024,40,2827.02,0.0
2026-02-22,Paid Search,778,24,1860.09,873.7
2026-02-22,Social,616,8,577.98,178.99
2026-02-22,Email,508,23,2130.39,10.65
2026-02-22,Referral,268,7,507.85,0.0
2026-02-23,Organic Search,1966,44,3629.42,0.0
2026-02-23,Paid Search,865,26,2065.89,768.14
2026-02-23,Social,1206,18,1058.41,373.99
2026-02-23,Email,502,23,2035.71,9.22
2026-02-23,Referral,329,8,559.76,0.0
2026-02-24,Organic Search,1727,40,3141.17,0.0
2026-02-24,Paid Search,955,22,1824.56,818.96
2026-02-24,Social,871,11,739.57,347.71
2026-02-24,Email,650,32,2782.61,10.98
2026-02-24,Referral,299,9,758.91,0.0
2026-02-25,Organic Search,1979,39,2855.23,0.0
2026-02-25,Paid Search,953,27,2006.07,886.58
2026-02-25,Social,761,9,609.43,301.8
2026-02-25,Email,707,31,2571.3,14.16
2026-02-25,Referral,330,8,628.66,0.0
2026-02-26,Organic Search,2072,33,2509.36,0.0
2026-02-26,Paid Search,869,23,2055.11,704.69
2026-02-26,Social,824,14,874.18,324.03
2026-02-26,Email,577,23,1880.3,11.27
2026-02-26,Referral,294,10,850.67,0.0
2026-02-27,Organic Search,1923,37,2708.52,0.0
2026-02-27,Paid Search,783,19,1707.04,769.05
2026-02-27,Social,971,10,736.05,298.33
2026-02-27,Email,666,30,2869.34,12.05
2026-02-27,Referral,285,8,617.01,0.0
2026-02-28,Organic Search,1490,32,2063.87,0.0
2026-02-28,Paid Search,706,24,2027.38,647.63
2026-02-28,Social,719,6,446.88,233.89
2026-02-28,Email,492,18,1689.29,9.72
2026-02-28,Referral,183,5,350.04,0.0
2026-03-01,Organic Search,1421,27,2258.22,0.0
2026-03-01,Paid Search,801,30,2249.51,725.47
2026-03-01,Social,800,9,544.26,276.44
2026-03-01,Email,450,16,1365.66,8.4
2026-03-01,Referral,241,8,504.28,0.0
2026-03-02,Organic Search,2181,48,3901.65,0.0
2026-03-02,Paid Search,1029,30,2499.91,963.6
2026-03-02,Social,1301,14,908.7,392.59
2026-03-02,Email,503,20,1809.75,9.77
2026-03-02,Referral,322,10,676.62,0.0
2026-03-03,Organic Search,1863,42,3264.66,0.0
2026-03-03,Paid Search,970,28,2425.52,907.15
2026-03-03,Social,1022,12,781.2,365.0
2026-03-03,Email,611,22,1901.24,11.5
2026-03-03,Referral,374,13,924.05,0.0
2026-03-04,Organic Search,1706,33,2892.81,0.0
2026-03-04,Paid Search,969,30,2763.73,917.61
2026-03-04,Social,1090,10,653.72,396.12
2026-03-04,Email,763,30,2739.92,16.09
2026-03-04,Referral,279,9,581.36,0.0
2026-03-05,Organic Search,2125,47,3705.93,0.0
2026-03-05,Paid Search,1119,20,1576.2,1185.34
2026-03-05,Social,910,9,571.29,279.31
2026-03-05,Email,745,31,2951.76,14.61
2026-03-05,Referral,356,9,669.77,0.0
2026-03-06,Organic Search,1591,27,1915.81,0.0
2026-03-06,Paid Search,964,21,1852.4,780.08
2026-03-06,Social,933,11,706.74,339.54
2026-03-06,Email,605,27,2501.03,12.4
2026-03-06,Referral,307,10,745.51,0.0
2026-03-07,Organic Search,1560,32,2050.17,0.0
2026-03-07,Paid Search,737,24,2463.58,578.39
2026-03-07,Social,704,8,488.48,222.17
2026-03-07,Email,510,29,2383.37,10.35
2026-03-07,Referral,223,6,397.55,0.0
2026-03-08,Organic Search,1473,31,2473.59,0.0
2026-03-08,Paid Search,737,20,1598.79,759.25
2026-03-08,Social,877,10,581.06,329.5
2026-03-08,Email,461,19,1774.63,7.12
2026-03-08,Referral,294,8,593.12,0.0
2026-03-09,Organic Search,2127,41,3603.73,0.0
2026-03-09,Paid Search,964,27,2073.32,839.46
2026-03-09,Social,895,10,742.9,285.2
2026-03-09,Email,752,34,2870.5,16.85
2026-03-09,Referral,342,9,781.5,0.0
2026-03-10,Organic Search,2046,32,2289.4,0.0
2026-03-10,Paid Search,894,31,2440.64,815.1
2026-03-10,Social,1275,20,1240.33,466.14
2026-03-10,Email,842,31,2816.13,15.57
2026-03-10,Referral,266,7,482.87,0.0
2026-03-11,Organic Search,1825,45,4039.44,0.0
2026-03-11,Paid Search,1189,33,2341.24,1054.16
2026-03-11,Social,1071,15,1011.58,376.34
2026-03-11,Email,661,32,2496.09,12.97
2026-03-11,Referral,324,8,607.19,0.0
2026-03-12,Organic Search,2143,44,3493.79,0.0
2026-03-12,Paid Search,974,22,1850.12,847.81
2026-03-12,Social,940,12,729.63,308.93
2026-03-12,Email,640,30,2613.53,14.12
2026-03-12,Referral,296,7,479.77,0.0
2026-03-13,Organic Search,2200,37,2635.74,0.0
2026-03-13,Paid Search,1113,31,2607.64,990.03
2026-03-13,Social,1116,12,902.34,378.39
2026-03-13,Email,902,46,3450.2,15.6
2026-03-13,Referral,381,11,764.91,0.0
2026-03-14,Organic Search,1646,33,2668.06,0.0
2026-03-14,Paid Search,686,21,1738.37,617.07
2026-03-14,Social,715,6,383.04,275.18
2026-03-14,Email,619,24,1987.36,11.03
2026-03-14,Referral,246,6,454.57,0.0
2026-03-15,Organic Search,1580,27,2255.08,0.0
2026-03-15,Paid Search,858,24,2218.5,843.85
2026-03-15,Social,775,9,510.77,257.88
2026-03-15,Email,456,22,1813.88,9.57
2026-03-15,Referral,281,7,579.19,0.0
2026-03-16,Organic Search,2142,43,3413.97,0.0
2026-03-16,Paid Search,995,22,1909.25,1070.21
2026-03-16,Social,1366,16,1037.44,522.03
2026-03-16,Email,597,24,1789.87,11.87
2026-03-16,Referral,390,11,791.26,0.0
2026-03-17,Organic Search,2301,52,3517.49,0.0
2026-03-17,Paid Search,1145,35,3111.82,969.32
2026-03-17,Social,1002,11,728.8,342.67
2026-03-17,Email,666,32,2601.21,13.64
2026-03-17,Referral,350,8,565.04,0.0
2026-03-18,Organic Search,1979,34,2685.14,0.0
2026-03-18,Paid Search,972,25,2323.69,933.65
2026-03-18,Social,1168,9,574.31,446.07
2026-03-18,Email,755,34,3429.15,16.46
2026-03-18,Referral,469,13,1014.89,0.0
2026-03-19,Organic Search,2002,38,3044.34,0.0
2026-03-19,Paid Search,925,20,1742.83,712.45
2026-03-19,Social,784,9,505.82,250.88
2026-03-19,Email,622,24,2015.19,11.26
2026-03-19,Referral,397,11,986.89,0.0
2026-03-20,Organic Search,1813,43,3562.58,0.0
2026-03-20,Paid Search,994,37,2940.49,1021.79
2026-03-20,Social,1033,11,700.73,344.76
2026-03-20,Email,712,35,3102.45,17.1
2026-03-20,Referral,307,9,766.58,0.0
2026-03-21,Organic Search,1441,31,2388.48,0.0
2026-03-21,Paid Search,779,18,1418.9,822.38
2026-03-21,Social,665,7,443.33,244.77
2026-03-21,Email,652,32,3006.49,12.08
2026-03-21,Referral,270,6,417.66,0.0
2026-03-22,Organic Search,1984,32,2611.66,0.0
2026-03-22,Paid Search,729,24,2101.4,743.12
2026-03-22,Social,640,8,527.89,213.45
2026-03-22,Email,571,23,1818.7,10.96
2026-03-22,Referral,317,9,822.08,0.0
2026-03-23,Organic Search,1470,28,2228.74,0.0
2026-03-23,Paid Search,1030,28,2336.62,946.74
2026-03-23,Social,1035,15,1028.4,390.82
2026-03-23,Email,619,37,3013.42,12.0
2026-03-23,Referral,304,7,542.51,0.0
2026-03-24,Organic Search,1763,42,3271.49,0.0
2026-03-24,Paid Search,1041,40,3068.26,1093.9
2026-03-24,Social,983,10,674.66,351.58
2026-03-24,Email,610,23,2258.36,12.83
2026-03-24,Referral,355,9,647.74,0.0
2026-03-25,Organic Search,2515,50,3585.16,0.0
2026-03-25,Paid Search,1260,32,2960.12,1194.92
2026-03-25,Social,760,10,613.91,255.51
2026-03-25,Email,773,32,2979.6,15.51
2026-03-25,Referral,327,12,989.95,0.0
2026-03-26,Organic Search,2167,50,3645.97,0.0
2026-03-26,Paid Search,920,25,1857.66,894.81
2026-03-26,Social,1131,15,892.6,329.69
2026-03-26,Email,654,41,3934.77,14.66
2026-03-26,Referral,304,7,567.9,0.0
2026-03-27,Organic Search,1468,30,2313.87,0.0
2026-03-27,Paid Search,986,19,1504.51,1041.73
2026-03-27,Social,888,14,956.63,292.61
2026-03-27,Email,585,21,2182.47,13.37
2026-03-27,Referral,317,11,851.75,0.0
2026-03-28,Organic Search,1373,42,3284.88,0.0
2026-03-28,Paid Search,807,20,1582.44,763.82
2026-03-28,Social,980,17,1024.73,326.06
2026-03-28,Email,492,25,2481.71,10.88
2026-03-28,Referral,267,9,736.21,0.0
2026-03-29,Organic Search,1474,37,2745.0,0.0
2026-03-29,Paid Search,749,17,1318.41,692.5
2026-03-29,Social,901,8,571.91,257.81
2026-03-29,Email,525,21,2006.61,10.43
2026-03-29,Referral,255,7,511.55,0.0
2026-03-30,Organic Search,2408,41,3077.34,0.0
2026-03-30,Paid Search,649,21,1708.2,700.84
2026-03-30,Social,1076,14,1048.13,366.89
2026-03-30,Email,735,36,3341.03,15.5
2026-03-30,Referral,331,12,900.46,0.0
2026-03-31,Organic Search,2297,59,4558.91,0.0
2026-03-31,Paid Search,1087,31,2581.95,896.86
2026-03-31,Social,1201,13,814.34,403.94
2026-03-31,Email,770,43,4025.38,13.95
2026-03-31,Referral,394,13,869.18,0.0
2026-04-01,Organic Search,1952,50,3555.0,0.0
2026-04-01,Paid Search,881,25,2018.21,757.07
2026-04-01,Social,999,17,1074.41,346.57
2026-04-01,Email,636,29,2592.22,11.59
2026-04-01,Referral,386,11,774.37,0.0
2026-04-02,Organic Search,1793,39,3008.23,0.0
2026-04-02,Paid Search,932,32,2864.17,842.12
2026-04-02,Social,984,10,580.54,366.75
2026-04-02,Email,532,26,1873.12,9.91
2026-04-02,Referral,362,10,740.99,0.0
2026-04-03,Organic Search,1959,37,3000.57,0.0
2026-04-03,Paid Search,859,22,2006.63,756.94
2026-04-03,Social,1255,12,816.74,433.17
2026-04-03,Email,648,28,2677.04,13.54
2026-04-03,Referral,317,9,657.28,0.0
2026-04-04,Organic Search,1486,30,2124.1,0.0
2026-04-04,Paid Search,994,25,1947.29,1120.89
2026-04-04,Social,874,9,564.4,320.48
2026-04-04,Email,465,22,2281.81,9.08
2026-04-04,Referral,315,9,770.43,0.0
2026-04-05,Organic Search,1378,37,2619.91,0.0
2026-04-05,Paid Search,720,22,1839.81,542.18
2026-04-05,Social,789,9,566.15,272.48
2026-04-05,Email,558,23,2060.39,10.86
2026-04-05,Referral,230,6,513.17,0.0
2026-04-06,Organic Search,2132,48,3823.04,0.0
2026-04-06,Paid Search,1043,30,2587.98,889.6
2026-04-06,Social,1083,14,874.69,395.76
2026-04-06,Email,969,50,4889.04,17.45
2026-04-06,Referral,391,11,843.14,0.0
2026-04-07,Organic Search,2120,42,3396.39,0.0
2026-04-07,Paid Search,898,25,1868.49,912.44
2026-04-07,Social,889,10,608.72,326.14
2026-04-07,Email,655,26,2144.64,12.75
2026-04-07,Referral,407,16,1495.14,0.0
2026-04-08,Organic Search,2073,41,2982.27,0.0
2026-04-08,Paid Search,1301,42,3327.21,1326.36
2026-04-08,Social,1100,12,732.64,450.7
2026-04-08,Email,590,27,2240.86,12.99
2026-04-08,Referral,359,10,802.88,0.0
2026-04-09,Organic Search,2372,50,3798.98,0.0
2026-04-09,Paid Search,1174,37,3116.58,1148.59
2026-04-09,Social,995,11,662.37,308.46
2026-04-09,Email,565,22,1966.64,10.11
2026-04-09,Referral,334,8,670.15,0.0
2026-04-10,Organic Search,2243,43,3377.8,0.0
2026-04-10,Paid Search,940,28,2217.93,824.25
2026-04-10,Social,1042,11,715.86,357.48
2026-04-10,Email,676,39,3892.1,11.72
2026-04-10,Referral,320,7,516.43,0.0
2026-04-11,Organic Search,1634,30,2381.68,0.0
2026-04-11,Paid Search,755,18,1618.58,689.19
2026-04-11,Social,786,10,645.2,303.75
2026-04-11,Email,543,23,2103.84,11.65
2026-04-11,Referral,250,7,494.4,0.0
2026-04-12,Organic Search,1777,40,3121.6,0.0
2026-04-12,Paid Search,722,18,1496.88,702.97
2026-04-12,Social,744,10,586.58,250.57
2026-04-12,Email,582,21,1856.01,12.77
2026-04-12,Referral,254,9,674.61,0.0
2026-04-13,Organic Search,2076,50,4118.94,0.0
2026-04-13,Paid Search,1123,28,2330.07,1030.98
2026-04-13,Social,1059,17,1161.91,308.99
2026-04-13,Email,741,24,2172.01,12.34
2026-04-13,Referral,321,9,688.73,0.0
2026-04-14,Organic Search,2055,38,3000.1,0.0
2026-04-14,Paid Search,1068,31,2762.54,986.01
2026-04-14,Social,1154,13,976.83,418.88
2026-04-14,Email,772,37,3489.77,13.78
2026-04-14,Referral,365,10,690.3,0.0
2026-04-15,Organic Search,2804,58,4931.1,0.0
2026-04-15,Paid Search,1251,27,2341.72,1184.94
2026-04-15,Social,1040,13,777.84,390.36
2026-04-15,Email,791,33,2765.71,15.95
2026-04-15,Referral,368,12,936.88,0.0
2026-04-16,Organic Search,2034,38,3018.17,0.0
2026-04-16,Paid Search,1088,37,3040.83,984.35
2026-04-16,Social,1057,13,708.05,375.06
2026-04-16,Email,735,45,4064.33,17.25
2026-04-16,Referral,307,8,611.54,0.0
2026-04-17,Organic Search,1922,46,3481.97,0.0
2026-04-17,Paid Search,1006,22,1835.53,962.83
2026-04-17,Social,1162,12,779.83,393.59
2026-04-17,Email,612,25,2231.9,12.49
2026-04-17,Referral,315,7,477.51,0.0
2026-04-18,Organic Search,1387,30,2395.61,0.0
2026-04-18,Paid Search,727,23,1866.34,696.24
2026-04-18,Social,527,6,363.08,169.62
2026-04-18,Email,538,20,1884.67,12.83
2026-04-18,Referral,256,9,625.83,0.0
2026-04-19,Organic Search,1438,25,1846.52,0.0
2026-04-19,Paid Search,751,21,1571.07,655.61
2026-04-19,Social,683,8,489.84,221.89
2026-04-19,Email,542,24,2055.67,10.16
2026-04-19,Referral,265,7,483.44,0.0
2026-04-20,Organic Search,2055,40,3427.94,0.0
2026-04-20,Paid Search,1030,27,2159.72,1099.81
2026-04-20,Social,872,7,477.79,295.79
2026-04-20,Email,726,29,2475.28,14.55
2026-04-20,Referral,425,11,814.82,0.0
2026-04-21,Organic Search,2640,47,3002.22,0.0
2026-04-21,Paid Search,942,21,1753.97,939.77
2026-04-21,Social,1222,12,840.07,453.49
2026-04-21,Email,653,32,2828.11,14.43
2026-04-21,Referral,436,12,912.76,0.0
2026-04-22,Organic Search,2074,39,2887.06,0.0
2026-04-22,Paid Search,1607,36,2872.63,1466.76
2026-04-22,Social,958,10,620.74,330.54
2026-04-22,Email,862,40,3118.7,15.83
2026-04-22,Referral,378,11,809.56,0.0
2026-04-23,Organic Search,1578,33,2367.99,0.0
2026-04-23,Paid Search,985,28,2284.43,957.88
2026-04-23,Social,898,10,678.89,303.71
2026-04-23,Email,728,39,3103.56,17.46
2026-04-23,Referral,382,11,840.38,0.0
2026-04-24,Organic Search,1940,51,4615.25,0.0
2026-04-24,Paid Search,1235,37,2599.74,1344.83
2026-04-24,Social,868,11,709.97,331.08
2026-04-24,Email,586,26,2032.88,10.81
2026-04-24,Referral,315,11,822.45,0.0
2026-04-25,Organic Search,1861,54,5301.81,0.0
2026-04-25,Paid Search,906,23,1950.1,960.65
2026-04-25,Social,983,9,541.21,350.24
2026-04-25,Email,494,14,1430.31,9.63
2026-04-25,Referral,313,6,411.62,0.0
2026-04-26,Organic Search,1440,35,2990.83,0.0
2026-04-26,Paid Search,1005,26,2329.8,991.32
2026-04-26,Social,920,9,590.07,372.49
2026-04-26,Email,559,19,1802.39,11.39
2026-04-26,Referral,244,7,558.45,0.0
2026-04-27,Organic Search,2076,52,4383.32,0.0
2026-04-27,Paid Search,1183,32,2512.81,1193.62
2026-04-27,Social,876,11,721.09,288.87
2026-04-27,Email,665,32,2640.48,13.2
2026-04-27,Referral,401,13,971.22,0.0
2026-04-28,Organic Search,2180,43,3386.63,0.0
2026-04-28,Paid Search,1154,34,2664.83,1062.24
2026-04-28,Social,1053,12,714.81,344.99
2026-04-28,Email,765,37,2933.71,15.29
2026-04-28,Referral,385,10,741.73,0.0
2026-04-29,Organic Search,2311,48,4035.28,0.0
2026-04-29,Paid Search,1323,48,3875.46,1131.32
2026-04-29,Social,1276,16,973.34,492.16
2026-04-29,Email,773,30,2770.73,12.75
2026-04-29,Referral,322,9,812.48,0.0
2026-04-30,Organic Search,2048,48,3982.83,0.0
2026-04-30,Paid Search,1058,28,2187.63,995.9
2026-04-30,Social,875,9,534.04,292.69
2026-04-30,Email,717,29,2329.09,14.38
2026-04-30,Referral,347,10,719.49,0.0
2026-05-01,Organic Search,1755,33,2388.86,0.0
2026-05-01,Paid Search,1039,24,1902.09,1026.32
2026-05-01,Social,847,8,511.9,267.6
2026-05-01,Email,582,23,2168.02,11.81
2026-05-01,Referral,402,12,1059.32,0.0
2026-05-02,Organic Search,1646,33,2630.16,0.0
2026-05-02,Paid Search,982,27,2391.86,837.78
2026-05-02,Social,751,10,711.34,252.46
2026-05-02,Email,515,26,2445.38,10.43
2026-05-02,Referral,269,6,479.22,0.0
2026-05-03,Organic Search,1519,36,2510.52,0.0
2026-05-03,Paid Search,835,19,1577.92,716.34
2026-05-03,Social,826,11,766.36,289.27
2026-05-03,Email,392,18,1711.87,7.81
2026-05-03,Referral,270,7,541.32,0.0
2026-05-04,Organic Search,2174,65,4860.16,0.0
2026-05-04,Paid Search,1066,44,3499.35,1052.61
2026-05-04,Social,1132,15,939.15,389.22
2026-05-04,Email,689,36,3587.98,14.59
2026-05-04,Referral,367,10,720.46,0.0
2026-05-05,Organic Search,2303,51,3656.01,0.0
2026-05-05,Paid Search,1152,26,1835.71,1145.17
2026-05-05,Social,1030,10,702.36,355.58
2026-05-05,Email,838,38,3467.43,16.84
2026-05-05,Referral,417,12,968.33,0.0
2026-05-06,Organic Search,2145,42,2831.55,0.0
2026-05-06,Paid Search,1113,28,2352.01,991.79
2026-05-06,Social,1063,12,759.59,394.3
2026-05-06,Email,705,35,2843.13,14.84
2026-05-06,Referral,369,10,824.45,0.0
2026-05-07,Organic Search,2184,57,4888.67,0.0
2026-05-07,Paid Search,1360,35,3086.45,1343.49
2026-05-07,Social,1057,11,706.19,337.75
2026-05-07,Email,679,23,1733.76,13.37
2026-05-07,Referral,335,9,628.38,0.0
2026-05-08,Organic Search,2438,46,3414.55,0.0
2026-05-08,Paid Search,1063,24,2250.71,1015.67
2026-05-08,Social,900,11,689.86,327.09
2026-05-08,Email,562,22,1922.52,11.97
2026-05-08,Referral,314,8,585.7,0.0
2026-05-09,Organic Search,1739,37,2708.96,0.0
2026-05-09,Paid Search,952,27,2043.2,888.85
2026-05-09,Social,769,8,533.24,270.73
2026-05-09,Email,751,29,2640.39,17.14
2026-05-09,Referral,278,7,549.43,0.0
2026-05-10,Organic Search,1667,43,3745.35,0.0
2026-05-10,Paid Search,919,28,2390.27,849.8
2026-05-10,Social,754,6,416.49,261.1
2026-05-10,Email,513,28,2646.42,10.73
2026-05-10,Referral,268,7,502.77,0.0
2026-05-11,Organic Search,1887,39,3115.4,0.0
2026-05-11,Paid Search,1092,37,2899.54,1072.27
2026-05-11,Social,1047,11,638.1,341.34
2026-05-11,Email,669,25,2141.39,14.4
2026-05-11,Referral,405,11,837.89,0.0
2026-05-12,Organic Search,2250,41,2726.16,0.0
2026-05-12,Paid Search,1146,28,2982.11,1196.58
2026-05-12,Social,1068,11,698.21,386.69
2026-05-12,Email,631,29,2241.43,12.0
2026-05-12,Referral,429,12,898.06,0.0
2026-05-13,Organic Search,2309,45,3928.15,0.0
2026-05-13,Paid Search,1406,47,3979.31,1271.76
2026-05-13,Social,814,8,543.84,260.47
2026-05-13,Email,656,28,2657.3,11.98
2026-05-13,Referral,345,11,777.44,0.0
2026-05-14,Organic Search,1947,40,2942.53,0.0
2026-05-14,Paid Search,1054,33,2463.85,947.26
2026-05-14,Social,1121,13,906.8,374.51
2026-05-14,Email,617,31,2855.68,12.8
2026-05-14,Referral,394,12,904.4,0.0
2026-05-15,Organic Search,1835,42,3307.34,0.0
2026-05-15,Paid Search,1277,39,3145.08,1362.52
2026-05-15,Social,825,10,653.91,259.49
2026-05-15,Email,771,36,3375.19,15.32
2026-05-15,Referral,336,12,841.87,0.0
2026-05-16,Organic Search,1626,34,2809.88,0.0
2026-05-16,Paid Search,891,34,2656.47,815.83
2026-05-16,Social,856,10,622.97,280.04
2026-05-16,Email,531,25,2157.96,11.27
2026-05-16,Referral,363,11,752.68,0.0
2026-05-17,Organic Search,1937,35,3039.38,0.0
2026-05-17,Paid Search,723,19,1569.2,630.7
2026-05-17,Social,745,9,660.98,245.32
2026-05-17,Email,609,30,2669.32,11.0
2026-05-17,Referral,293,12,856.14,0.0
2026-05-18,Organic Search,2028,44,3234.74,0.0
2026-05-18,Paid Search,1329,32,2584.54,1275.97
2026-05-18,Social,1189,13,933.64,412.94
2026-05-18,Email,571,26,2276.63,10.87
2026-05-18,Referral,320,11,885.46,0.0
2026-05-19,Organic Search,2231,43,3451.53,0.0
2026-05-19,Paid Search,1064,26,1932.7,926.47
2026-05-19,Social,781,6,421.64,252.08
2026-05-19,Email,783,30,2678.9,14.72
2026-05-19,Referral,371,10,780.76,0.0
2026-05-20,Organic Search,1931,52,4713.19,0.0
2026-05-20,Paid Search,1013,36,3351.29,927.12
2026-05-20,Social,943,10,735.07,357.21
2026-05-20,Email,752,41,3509.75,14.95
2026-05-20,Referral,405,11,815.15,0.0
2026-05-21,Organic Search,2144,39,2863.54,0.0
2026-05-21,Paid Search,1098,35,2861.49,984.84
2026-05-21,Social,956,12,765.01,286.37
2026-05-21,Email,746,22,2116.98,15.52
2026-05-21,Referral,383,12,930.98,0.0
2026-05-22,Organic Search,1866,35,2605.06,0.0
2026-05-22,Paid Search,959,25,1907.13,914.29
2026-05-22,Social,1057,16,1016.35,367.57
2026-05-22,Email,815,35,3481.62,15.69
2026-05-22,Referral,368,10,697.07,0.0
2026-05-23,Organic Search,1827,42,3649.69,0.0
2026-05-23,Paid Search,862,26,2328.54,913.59
2026-05-23,Social,863,9,626.23,336.95
2026-05-23,Email,555,24,2028.04,11.3
2026-05-23,Referral,247,8,658.12,0.0
2026-05-24,Organic Search,1349,26,2275.34,0.0
2026-05-24,Paid Search,899,29,2189.96,820.94
2026-05-24,Social,890,12,720.32,315.58
2026-05-24,Email,672,30,2621.77,13.84
2026-05-24,Referral,329,9,650.67,0.0
2026-05-25,Organic Search,1890,50,4834.82,0.0
2026-05-25,Paid Search,1121,37,2947.85,1069.61
2026-05-25,Social,962,10,695.25,307.75
2026-05-25,Email,717,33,3021.6,13.67
2026-05-25,Referral,365,9,600.06,0.0
2026-05-26,Organic Search,2017,47,3744.71,0.0
2026-05-26,Paid Search,1025,29,2611.94,1116.72
2026-05-26,Social,1107,13,859.99,408.64
2026-05-26,Email,876,39,4098.16,18.85
2026-05-26,Referral,431,10,742.61,0.0
2026-05-27,Organic Search,2112,35,3020.65,0.0
2026-05-27,Paid Search,904,20,1407.11,890.04
2026-05-27,Social,898,10,545.7,282.64
2026-05-27,Email,723,25,1948.79,15.36
2026-05-27,Referral,317,8,600.85,0.0
2026-05-28,Organic Search,2160,51,3932.69,0.0
2026-05-28,Paid Search,886,22,1714.37,855.21
2026-05-28,Social,889,10,719.52,250.51
2026-05-28,Email,835,34,3108.42,17.98
2026-05-28,Referral,347,11,848.77,0.0
2026-05-29,Organic Search,1957,38,3024.36,0.0
2026-05-29,Paid Search,1101,26,2009.17,1315.17
2026-05-29,Social,934,11,715.78,325.65
2026-05-29,Email,694,37,3591.38,11.91
2026-05-29,Referral,329,9,744.3,0.0
2026-05-30,Organic Search,1568,39,2803.51,0.0
2026-05-30,Paid Search,697,18,1377.38,650.11
2026-05-30,Social,727,8,524.19,266.03
2026-05-30,Email,575,35,2746.79,10.27
2026-05-30,Referral,253,9,666.63,0.0
2026-05-31,Organic Search,1771,35,3083.53,0.0
2026-05-31,Paid Search,974,26,2002.44,1022.79
2026-05-31,Social,677,5,341.36,258.29
2026-05-31,Email,556,21,2035.2,13.26
2026-05-31,Referral,209,5,424.53,0.0
